ant-design/ant-design-pro,d4e638e0a4fbe296249ab433d6b321a6b435da66,ant-design-pro,4.0.0,,1578366923,53,0,0,0,0,0,0,0,0,0,0,0,0,0
ant-design/ant-design-pro,0a41c6ea55164054f9561c05465076687397bb8b,ant-design-pro,4.0.0,,1578456642,53,0,0,0,0,0,0,0,0,0,0,0,0,0
ant-design/ant-design-pro,7eb66d6e8c2b1bcf7b73874e1d3f87dfbaa48787,ant-design-pro,4.0.0,,1578883538,53,0,0,0,0,0,0,0,0,0,0,0,0,0
ant-design/ant-design-pro,b046c90a52de1ac4301b123b02cf14eb850cb586,ant-design-pro,4.0.0,,1578884005,53,0,0,0,0,0,0,0,0,0,0,0,0,0
ant-design/ant-design-pro,3b1af3c3806fc95c2e0e45bc3aeeb6f93aad9b01,ant-design-pro,4.0.0,,1578904237,53,0,0,0,0,0,0,0,0,0,0,0,0,0
ant-design/ant-design-pro,e497b34a197eab3a9d3c3c14fad26b3fdd9162bb,ant-design-pro,4.0.0,,1578987956,53,0,0,0,0,0,0,0,0,0,0,0,0,0
ant-design/ant-design-pro,4e72cb04ffe679a2a85e38aafe4d8f28e7bb2f0a,ant-design-pro,4.0.0,,1579486682,53,0,0,0,0,0,0,0,0,0,0,0,0,0
ant-design/ant-design-pro,8b359bfa1a35630d936a5e62d192f412e212cb21,ant-design-pro,4.0.0,,1579568521,53,0,0,0,0,0,0,0,0,0,0,0,0,0
ant-design/ant-design-pro,d3b3e7abbf22e735f08d599ff56349f48184295b,ant-design-pro,4.0.0,,1579628726,53,0,0,0,0,0,0,0,0,0,0,0,0,0
ant-design/ant-design-pro,124ababf540d126573bb1dfca4127e41bd896ca8,ant-design-pro,4.0.0,,1579707869,53,0,0,0,0,0,0,0,0,0,0,0,0,0
ant-design/ant-design-pro,6b53419fe9ee5b0666b75d7d391c9eb3ac05eaf9,ant-design-pro,4.0.0,,1580207642,53,0,0,0,0,0,0,0,0,0,0,0,0,0
ant-design/ant-design-pro,1f60fb7e96c818d4cda9eeb549918c477437dbcc,ant-design-pro,4.0.0,,1580305310,53,0,0,0,0,0,0,0,0,0,0,0,0,0
ant-design/ant-design-pro,d52c453965dcceca1b0f59e9169eb9e56e80eab9,ant-design-pro,4.0.0,,1581040199,53,0,0,0,0,0,0,0,0,0,0,0,0,0
ant-design/ant-design-pro,149b485b10030763d75cd6671f47983f45b81b50,ant-design-pro,4.0.0,,1581041282,53,0,0,0,0,0,0,0,0,0,0,0,0,0
ant-design/ant-design-pro,46406e5253835ef23c23d69d9fd937781c1526b4,ant-design-pro,4.0.0,,1581041581,53,0,0,0,0,0,0,0,0,0,0,0,0,0
ant-design/ant-design-pro,8220e5cd215dadf87e3136470f76affac197cf9e,ant-design-pro,4.0.0,,1581220034,54,0,0,0,0,0,0,0,0,0,0,0,0,0
ant-design/ant-design-pro,8e31c3b636d983e5b1b29d1c3a7991aaa77c4eca,ant-design-pro,4.0.0,,1581243008,54,0,0,0,0,0,0,0,0,0,0,0,0,0
ant-design/ant-design-pro,e7650e42adf6a1b6c6f733da44e769ef370b5287,ant-design-pro,4.0.0,,1581243280,54,0,0,0,0,0,0,0,0,0,0,0,0,0
ant-design/ant-design-pro,c647b001c0c5b1001fc2f7e825fb1f40779f2fd9,ant-design-pro,4.0.0,,1581298603,54,0,0,0,0,0,0,0,0,0,0,0,0,0
ant-design/ant-design-pro,fee3a408164efaa7a31ca0c0707b1990525927ba,ant-design-pro,4.0.0,,1581559616,54,0,0,0,0,0,0,0,0,0,0,0,0,0
ant-design/ant-design-pro,7a45c25d8d3a8edee8a1d7ce919fde3cde386f70,ant-design-pro,4.0.0,,1581671828,54,0,0,0,0,0,0,0,0,0,0,0,0,0
ant-design/ant-design-pro,4c9aa880042c3bbfe9f4a725ea6325b21313ff3f,ant-design-pro,4.0.0,,1582470955,54,0,0,0,0,0,0,0,0,0,0,0,0,0
ant-design/ant-design-pro,ff50a2ea70131399655b8ca6c36e66d5885c3d8a,ant-design-pro,4.0.0,,1582473043,54,0,0,0,0,0,0,0,0,0,0,0,0,0
ant-design/ant-design-pro,97255f3f580040f4213fe96c2596ae58e1394b8a,ant-design-pro,4.0.0,,1582506800,54,0,0,0,0,0,0,0,0,0,0,0,0,0
ant-design/ant-design-pro,8e4d09e703255234c86c90d4b787005a0c650491,ant-design-pro,4.0.0,,1582508359,54,0,0,0,0,0,0,0,0,0,0,0,0,0
ant-design/ant-design-pro,f3ab68d5d8f226d0417a4be2cb0368dd3ad12d0c,ant-design-pro,4.0.0,,1582513648,54,0,0,0,0,0,0,0,0,0,0,0,0,0
ant-design/ant-design-pro,78bae0ed7f3523fe071a55c8d4af2a1efe3d6611,ant-design-pro,4.0.0,,1582514424,54,0,0,0,0,0,0,0,0,0,0,0,0,0
ant-design/ant-design-pro,b367b4755f677e087697693f3603a1055a2d87f0,ant-design-pro,4.0.0,,1582515500,54,0,0,0,0,0,0,0,0,0,0,0,0,0
ant-design/ant-design-pro,1e54535fa33248a24b03795237cc512a0988cf49,ant-design-pro,4.0.0,,1582515637,54,0,0,0,0,0,0,0,0,0,0,0,0,0
ant-design/ant-design-pro,405d1036e5a2c274e983563d6c7489c94eed3555,ant-design-pro,4.0.0,,1582515780,54,0,0,0,0,0,0,0,0,0,0,0,0,0
ant-design/ant-design-pro,ad6b44c87ccdc0f681839643227650158745dfaa,ant-design-pro,4.0.0,,1582515968,54,0,0,0,0,0,0,0,0,0,0,0,0,0
ant-design/ant-design-pro,34f52ef9f0731424abc74511e9c3cf4da9f4bf6d,ant-design-pro,4.0.0,,1582516385,54,0,0,0,0,0,0,0,0,0,0,0,0,0
ant-design/ant-design-pro,a68356c12b171a3bf700642d9092526594fa7e95,ant-design-pro,4.0.0,,1582618930,54,0,0,0,0,0,0,0,0,0,0,0,0,0
ant-design/ant-design-pro,6041be030658a2fe45e876a36a118064e9edde56,ant-design-pro,4.0.0,,1582618963,54,0,0,0,0,0,0,0,0,0,0,0,0,0
ant-design/ant-design-pro,08718ea570a68f947d411f6bee432f4049454f80,ant-design-pro,4.0.0,,1582724265,54,0,0,0,0,0,0,0,0,0,0,0,0,0
ant-design/ant-design-pro,daade6bf4b385c2f5178bed6a7313a75137c4390,ant-design-pro,4.0.0,,1582724465,54,0,0,0,0,0,0,0,0,0,0,0,0,0
ant-design/ant-design-pro,b2d74d0ae6e61ff9b05afc5ca826831ce2830e51,ant-design-pro,4.0.0,,1582726491,54,0,0,0,0,0,0,0,0,0,0,0,0,0
ant-design/ant-design-pro,19606d7d6f102847954ab9c68d8e9f172810db83,ant-design-pro,4.0.0,,1582890759,54,0,0,0,0,0,0,0,0,0,0,0,0,0
ant-design/ant-design-pro,866fddc73f9b43f227120bb240afeb43c38cdf2f,ant-design-pro,4.0.0,,1583051880,54,0,0,0,0,0,0,0,0,0,0,0,0,0
ant-design/ant-design-pro,23698d750954a8b10f82a2b545adc74587e09456,ant-design-pro,4.0.0,,1583052111,54,0,0,0,0,0,0,0,0,0,0,0,0,0
ant-design/ant-design-pro,7b0f6cb0f93bf94c2337f3a6f67c0f8fe876ab00,ant-design-pro,4.0.0,,1583052337,54,0,0,0,0,0,0,0,0,0,0,0,0,0
ant-design/ant-design-pro,fcf51d6b6083a222824193e4953972178305be9d,ant-design-pro,4.0.0,,1583053317,54,0,0,0,0,0,0,0,0,0,0,0,0,0
ant-design/ant-design-pro,57c4aad73b79ae65119179750dbe2d2a97f2751c,ant-design-pro,4.0.0,,1583056546,54,0,0,0,0,0,0,0,0,0,0,0,0,0
ant-design/ant-design-pro,be3d4a240233228732d54eb660ca002ca18f2f7e,ant-design-pro,4.0.0,,1583056720,54,0,0,0,0,0,0,0,0,0,0,0,0,0
ant-design/ant-design-pro,2bee817280a3392c1be6b5d7530f72e5b989f2c4,ant-design-pro,4.0.0,,1583058535,54,0,0,0,0,0,0,0,0,0,0,0,0,0
ant-design/ant-design-pro,5d4c35ae03575d0e64f5f1855d5d08d79853e970,ant-design-pro,4.0.0,,1583066259,54,0,0,0,0,0,0,0,0,0,0,0,0,0
ant-design/ant-design-pro,3322aee4e5bba2d86d0a6081277240554802dd25,ant-design-pro,4.0.0,,1583066434,54,0,0,0,0,0,0,0,0,0,0,0,0,0
ant-design/ant-design-pro,58c1028628b0e27c68f7d821eb9fea443883f4fd,ant-design-pro,4.0.0,,1583078971,54,0,0,0,0,0,0,0,0,0,0,0,0,0
ant-design/ant-design-pro,083eae69232986d16f3d8c15bb891fae340faa40,ant-design-pro,4.0.0,,1583244335,54,0,0,0,0,0,0,0,0,0,0,0,0,0
ant-design/ant-design-pro,0cb2e28db5f107ac5e6bdf69319390b62593156e,ant-design-pro,4.0.0,,1583288995,54,0,0,0,0,0,0,0,0,0,0,0,0,0
ant-design/ant-design-pro,dc82ba2a4eac5e60be396591922de26213ceec81,ant-design-pro,4.0.0,,1583388609,54,0,0,0,0,0,0,0,0,0,0,0,0,0
ant-design/ant-design-pro,1d0b3ced574c1c98d7e03a9a175b5a6cbb5097f8,ant-design-pro,4.0.0,,1583395413,54,0,0,0,0,0,0,0,0,0,0,0,0,0
ant-design/ant-design-pro,207ce90a51ef87c7655fde25c34e215425539957,ant-design-pro,4.0.0,,1583395534,54,0,0,0,0,0,0,0,0,0,0,0,0,0
ant-design/ant-design-pro,ebb9a482294fc30196ffcc638ea73cde3d86950a,ant-design-pro,4.0.0,,1583396919,54,0,0,0,0,0,0,0,0,0,0,0,0,0
ant-design/ant-design-pro,d39797b1a7c20064bcf19b1fd50911105c68baa8,ant-design-pro,4.0.0,,1583399970,54,0,0,0,0,0,0,0,0,0,0,0,0,0
ant-design/ant-design-pro,53097c67eb6d71529e1cc83e971dcdb212c86c5c,ant-design-pro,4.0.0,,1583716164,54,0,0,0,0,0,0,0,0,0,0,0,0,0
ant-design/ant-design-pro,aefa9285d2e47c6407540b822a332311d3895025,ant-design-pro,4.0.0,,1583762032,54,0,0,0,0,0,0,0,0,0,0,0,0,0
ant-design/ant-design-pro,27eb6aae4c79a4a28f332b588d06cf733eb9f238,ant-design-pro,4.0.0,,1583762799,54,0,0,0,0,0,0,0,0,0,0,0,0,0
ant-design/ant-design-pro,c2f6664434c6f2e5419f98c7715eb0666210c7a7,ant-design-pro,4.0.0,,1583763160,54,0,0,0,0,0,0,0,0,0,0,0,0,0
ant-design/ant-design-pro,5a540b3fefa4e2e045187e8691d1420ab749a391,ant-design-pro,4.0.0,,1583841651,54,0,0,0,0,0,0,0,0,0,0,0,0,0
ant-design/ant-design-pro,6a0883d432777f91c71ec7004042be1e52e4cb73,ant-design-pro,4.0.0,,1583862360,54,0,0,0,0,0,0,0,0,0,0,0,0,0
ant-design/ant-design-pro,ea18a1cf2c4b83fbc9996bf1d328bf36edd5b71c,ant-design-pro,4.0.0,,1583896217,54,0,0,0,0,0,0,0,0,0,0,0,0,0
ant-design/ant-design-pro,8065f52038b6a4628317a35acecd604d7f9c09e8,ant-design-pro,4.0.0,,1583897455,54,0,0,0,0,0,0,0,0,0,0,0,0,0
ant-design/ant-design-pro,d4216900e61759038e03a46c0d3a7ca0f24a80e4,ant-design-pro,4.0.0,,1583941384,54,0,0,0,0,0,0,0,0,0,0,0,0,0
ant-design/ant-design-pro,c1883b28976a8523a426c85a0729ae0390f03ce4,ant-design-pro,4.0.0,,1584001012,54,0,0,0,0,0,0,0,0,0,0,0,0,0
ant-design/ant-design-pro,00f275bd6ffc17bb987f92a28774d0932405a45d,ant-design-pro,4.0.0,,1584028767,54,0,0,0,0,0,0,0,0,0,0,0,0,0
ant-design/ant-design-pro,20da23038641b37897b7624b3048c48605979261,ant-design-pro,4.0.0,,1584184618,54,0,0,0,0,0,0,0,0,0,0,0,0,0
ant-design/ant-design-pro,d344356a238bd2fe78ae4de30b5273b8289b98ae,ant-design-pro,4.0.0,,1584184653,54,0,0,0,0,0,0,0,0,0,0,0,0,0
ant-design/ant-design-pro,b60aa50f9b17ef222accfabaa493d58d2c8367b3,ant-design-pro,4.0.0,,1584531064,54,0,0,0,0,0,0,0,0,0,0,0,0,0
ant-design/ant-design-pro,06dd7fa6216860344e04a02d22af6efe33defa21,ant-design-pro,4.0.0,,1584929961,52,0,0,0,0,0,0,0,0,0,0,0,0,0
ant-design/ant-design-pro,ca23a32b2c934ba02759cb072a028d5857a7a077,ant-design-pro,4.0.0,,1584949558,52,0,0,0,0,0,0,0,0,0,0,0,0,0
ant-design/ant-design-pro,6412fd6c35252ed1bc7cfdb6efe99bff37f60b77,ant-design-pro,4.0.0,,1584956324,52,0,0,0,0,0,0,0,0,0,0,0,0,0
ant-design/ant-design-pro,46af3e1823602fdfdeb53f90e7a8c83e6422e237,ant-design-pro,4.0.0,,1585054260,52,0,0,0,0,0,0,0,0,0,0,0,0,0
ant-design/ant-design-pro,a6570da5d1228c8033b936bd7b0e30b8251210fa,ant-design-pro,4.0.0,,1585099879,52,0,0,0,0,0,0,0,0,0,0,0,0,0
ant-design/ant-design-pro,1f7e08572645ace8933d529a4a42634cc636a271,ant-design-pro,4.0.0,,1585110685,52,0,0,0,0,0,0,0,0,0,0,0,0,0
ant-design/ant-design-pro,fa16119131802933413a028cdd4d83122b49b816,ant-design-pro,4.0.0,,1585132011,52,0,0,0,0,0,0,0,0,0,0,0,0,0
ant-design/ant-design-pro,0a91b8c7d2124ac1dad60e432cac3f1956da565f,ant-design-pro,4.0.0,,1585132070,52,0,0,0,0,0,0,0,0,0,0,0,0,0
ant-design/ant-design-pro,1385a67765a2d8c9926ee8163289b9a116315eec,ant-design-pro,4.0.0,,1585132236,52,0,0,0,0,0,0,0,0,0,0,0,0,0
ant-design/ant-design-pro,8e21acdf9943c23a2f8f6e6603724a8fc4f7d726,ant-design-pro,4.0.0,,1585202295,52,0,0,0,0,0,0,0,0,0,0,0,0,0
ant-design/ant-design-pro,44ee16c87babafdb4c394cce1b498d4d350e55ef,ant-design-pro,4.0.0,,1585207948,52,0,0,0,0,0,0,0,0,0,0,0,0,0
ant-design/ant-design-pro,d1ae89984caf05b2d2533098bf2334f582a12b0e,ant-design-pro,4.0.0,,1585415474,52,0,0,0,0,0,0,0,0,0,0,0,0,0
ant-design/ant-design-pro,7b15e84667d1546369f3b1b7c97b17020fdd2c1c,ant-design-pro,4.0.0,,1585550511,52,0,0,0,0,0,0,0,0,0,0,0,0,0
ant-design/ant-design-pro,bf3abbb89918f6f34d3f4967e2497c4301eca53f,ant-design-pro,4.0.0,,1585641205,52,0,0,0,0,0,0,0,0,0,0,0,0,0
ant-design/ant-design-pro,80407d9eab35e31f988cb15326dc43877cd48d7f,ant-design-pro,4.0.0,,1585878230,52,0,0,0,0,0,0,0,0,0,0,0,0,0
ant-design/ant-design-pro,1df41a3f348ed237f7acd3296f3014b219e7d9e1,ant-design-pro,4.0.0,,1585884804,52,0,0,0,0,0,0,0,0,0,0,0,0,0
ant-design/ant-design-pro,005ef05630ce5c338ad4eeee10a0671427805694,ant-design-pro,4.0.0,,1585916123,52,0,0,0,0,0,0,0,0,0,0,0,0,0
ant-design/ant-design-pro,b005f2a465c799bb259320bdfe3386c000b07c63,ant-design-pro,4.0.0,,1586014427,52,0,0,0,0,0,0,0,0,0,0,0,0,0
ant-design/ant-design-pro,d124863b69be88fc342f007dfeda2644e5ece589,ant-design-pro,4.0.0,,1586421565,51,0,0,0,0,0,0,0,0,0,0,0,0,0
ant-design/ant-design-pro,dd001c100f69b5844d9f6cb159da67aad4280d20,ant-design-pro,4.0.0,,1586588187,52,0,0,0,0,0,0,0,0,0,0,0,0,0
ant-design/ant-design-pro,a57eb1d50d6dd245d9e736b2ee12fb18b16dcfa9,ant-design-pro,4.0.0,,1586592478,48,0,0,0,0,0,0,0,0,0,0,0,0,0
ant-design/ant-design-pro,639ea80074e616e1513f30a7c5e7395cf70950fa,ant-design-pro,4.0.0,,1586593928,48,0,0,0,0,0,0,0,0,0,0,0,0,0
ant-design/ant-design-pro,21f855c2204fbe588c7075d6dfe75dd8dc477f89,ant-design-pro,4.0.0,,1586598724,51,0,0,0,0,0,0,0,0,0,0,0,0,0
ant-design/ant-design-pro,9f088cb3f259260a5fd869cddd9521b10779acc4,ant-design-pro,4.0.0,,1586612358,51,0,0,0,0,0,0,0,0,0,0,0,0,0
ant-design/ant-design-pro,cfa753fd1e82200d8e5ed2575872cd70d0e03267,ant-design-pro,4.0.0,,1586614805,47,0,0,0,0,0,0,0,0,0,0,0,0,0
ant-design/ant-design-pro,1e16d177a2a3b64aab6c2d1521392dcd170dd606,ant-design-pro,4.0.0,,1586614926,45,0,0,0,0,0,0,0,0,0,0,0,0,0
ant-design/ant-design-pro,a96c853f30d8fe3ff5e6bf600d5ee9859342b3ac,ant-design-pro,4.0.0,,1586614965,45,0,0,0,0,0,0,0,0,0,0,0,0,0
ant-design/ant-design-pro,6ee84cbea7796fc7fdcd7576fab380a2121c4603,ant-design-pro,4.0.0,,1586615145,44,0,0,0,0,0,0,0,0,0,0,0,0,0
ant-design/ant-design-pro,be84a5e2d3f16036a5d8cbd97866afe062ef71bb,ant-design-pro,4.0.0,,1586615204,44,0,0,0,0,0,0,0,0,0,0,0,0,0
ant-design/ant-design-pro,f87cee7798728f60bbbbc82b6a6e7388d56f794b,ant-design-pro,4.0.0,,1586945604,44,0,0,0,0,0,0,0,0,0,0,0,0,0
ant-design/ant-design-pro,23622b66c19049ab5f028cebf61a22385ced9562,ant-design-pro,4.0.0,,1587001050,51,0,0,0,0,0,0,0,0,0,0,0,0,0
ant-design/ant-design-pro,e0e65bbd7d40b75647925572b176d16889f5ed58,ant-design-pro,4.0.0,,1587178421,51,0,0,0,0,0,0,0,0,0,0,0,0,0
ant-design/ant-design-pro,0d6cd84bc380e9b94a8a94b056466f75d0132d9f,ant-design-pro,4.0.0,,1587221459,44,0,0,0,0,0,0,0,0,0,0,0,0,0
ant-design/ant-design-pro,d4c972a0e771c76edf687073edb8b555d6b9ba93,ant-design-pro,4.0.0,,1587955294,51,0,0,0,0,0,0,0,0,0,0,0,0,0
ant-design/ant-design-pro,f50b2c7cb31d67767ecbb8c333877b96ddcfc02d,ant-design-pro,4.0.0,,1588034697,51,0,0,0,0,0,0,0,0,0,0,0,0,0
ant-design/ant-design-pro,39f00979ea287bd2f439af9260685e96993006ce,ant-design-pro,4.0.0,,1588503551,51,0,0,0,0,0,0,0,0,0,0,0,0,0
ant-design/ant-design-pro,2513eea83f718e35d8ea075159343202eb3df97d,ant-design-pro,4.0.0,,1588503581,51,0,0,0,0,0,0,0,0,0,0,0,0,0
ant-design/ant-design-pro,f788ba5b6badb7143ef4eba1c9b7aaa0ef7af541,ant-design-pro,4.0.0,,1588588736,51,0,0,0,0,0,0,0,0,0,0,0,0,0
ant-design/ant-design-pro,edf1545a57d3a95795e323f964deef79b52ee161,ant-design-pro,4.0.0,,1588608187,51,0,0,0,0,0,0,0,0,0,0,0,0,0
ant-design/ant-design-pro,8848f6d08332d3f4c7c5d91e36e66b8407c17e7e,ant-design-pro,4.0.0,,1588650298,51,0,0,0,0,0,0,0,0,0,0,0,0,0
ant-design/ant-design-pro,cdb0504fe3df00fe4be48ef46b2e4cf0c9d889f4,ant-design-pro,4.0.0,,1588665123,51,0,0,0,0,0,0,0,0,0,0,0,0,0
ant-design/ant-design-pro,c43f6eba9f6dcb09bf2dc33b9a7b298706bdeb6b,ant-design-pro,4.0.0,,1588670864,51,0,0,0,0,0,0,0,0,0,0,0,0,0
ant-design/ant-design-pro,31eb57f7dbc9d66784241448a92dc10bbf2e1e39,ant-design-pro,4.0.0,,1589158544,44,0,0,0,0,0,0,0,0,0,0,0,0,0
ant-design/ant-design-pro,2ef7f793697e91d9dbd2a982dc4664b9936e05b4,ant-design-pro,4.0.0,,1589168784,44,0,0,0,0,0,0,0,0,0,0,0,0,0
ant-design/ant-design-pro,e76ae57d24e1e77a601b1b612c03a813f8bdd2b0,ant-design-pro,4.0.0,,1589177758,44,0,0,0,0,0,0,0,0,0,0,0,0,0
ant-design/ant-design-pro,c606553a3fd943ccf5bb851468ddaf5192f17a2c,ant-design-pro,4.0.0,,1589177829,44,0,0,0,0,0,0,0,0,0,0,0,0,0
ant-design/ant-design-pro,6dee91777e27d563d1e21b87079001ed3f621b77,ant-design-pro,4.0.0,,1589183443,44,0,0,0,0,0,0,0,0,0,0,0,0,0
ant-design/ant-design-pro,412db21e75d556294694769de1b8ae82e41743ca,ant-design-pro,4.0.0,,1589184353,44,0,0,0,0,0,0,0,0,0,0,0,0,0
ant-design/ant-design-pro,d07cb50f1c90f971c8e8c8544c04fa672e4f5d86,ant-design-pro,4.0.0,,1589192986,51,0,0,0,0,0,0,0,0,0,0,0,0,0
ant-design/ant-design-pro,1e42a0ac1ae725e3cc9f6bf39044de6b970d3e36,ant-design-pro,4.0.0,,1589257238,44,0,0,0,0,0,0,0,0,0,0,0,0,0
ant-design/ant-design-pro,4fc4e517ae39675764fe605f3a1a0f635d30727a,ant-design-pro,4.0.0,,1589652540,51,0,0,0,0,0,0,0,0,0,0,0,0,0
ant-design/ant-design-pro,68384c1350377a45ce9c46e41501fd61fbf5f791,ant-design-pro,4.0.0,,1589652591,51,0,0,0,0,0,0,0,0,0,0,0,0,0
ant-design/ant-design-pro,412d442a6210163c12079af255b3c2ad34eeb51d,ant-design-pro,4.0.0,,1589725778,44,0,0,0,0,0,0,0,0,0,0,0,0,0
ant-design/ant-design-pro,02af3f18621e5b1500497d2a51ccae6e4f0ace5c,ant-design-pro,4.0.0,,1589739122,44,0,0,0,0,0,0,0,0,0,0,0,0,0
ant-design/ant-design-pro,3dea9ed2612b21b6d91990c76b1896f7f43d9e26,ant-design-pro,5.0.0,,1589769360,44,0,0,0,0,0,0,0,0,0,0,0,0,0
ant-design/ant-design-pro,48c5c1b6971162c8e0caef30e83038d1fbf558b2,ant-design-pro,5.0.0,,1589873698,44,0,0,0,0,0,0,0,0,0,0,0,0,0
ant-design/ant-design-pro,629cef5c92e297f7f32b02e9d2a9cd83634d603a,ant-design-pro,5.0.0,,1589948363,44,0,0,0,0,0,0,0,0,0,0,0,0,0
ant-design/ant-design-pro,6617bbb3b07bf507cbd56cc8212be25105d3aea4,ant-design-pro,4.0.0,,1589951762,51,0,0,0,0,0,0,0,0,0,0,0,0,0
ant-design/ant-design-pro,3989aa1b349b68f0fa0db699d71d66f765fe96f2,ant-design-pro,4.0.0,,1589957986,51,0,0,0,0,0,0,0,0,0,0,0,0,0
ant-design/ant-design-pro,bb040b1946bff874a539abe02ddff077404454df,ant-design-pro,4.0.0,,1589958659,51,0,0,0,0,0,0,0,0,0,0,0,0,0
ant-design/ant-design-pro,9e274a7a4407675ecc9c7f32550e3bf5ee70309e,ant-design-pro,5.0.0-alpha.0,,1589963154,44,0,0,0,0,0,0,0,0,0,0,0,0,0
ant-design/ant-design-pro,2243dd323db6c7a4585d27dd82ac4184c6a78a15,ant-design-pro,5.0.0-alpha.0,,1589969539,44,0,0,0,0,0,0,0,0,0,0,0,0,0
ant-design/ant-design-pro,64172e8843bd0740598934ccfd211742254f598b,ant-design-pro,5.0.0-alpha.0,,1589976131,44,0,0,0,0,0,0,0,0,0,0,0,0,0
ant-design/ant-design-pro,c02f395a90ac49b365908f28675de920434f852b,ant-design-pro,5.0.0-alpha.0,,1589976952,44,0,0,0,0,0,0,0,0,0,0,0,0,0
ant-design/ant-design-pro,22b04b052ced6c1653857321d8936fe224df6f86,ant-design-pro,5.0.0-alpha.0,,1590079512,44,0,0,0,0,0,0,0,0,0,0,0,0,0
ant-design/ant-design-pro,3d61c0af553215cdea39defbf1f647a022bbee3e,ant-design-pro,5.0.0-alpha.0,,1590112783,44,0,0,0,0,0,0,0,0,0,0,0,0,0
ant-design/ant-design-pro,130e1b04ea8397239bd8f77f5705f4996b764e43,ant-design-pro,5.0.0-alpha.0,,1590112856,44,0,0,0,0,0,0,0,0,0,0,0,0,0
ant-design/ant-design-pro,5f319132e041702a62680c9f446fdbde8a191764,ant-design-pro,5.0.0-alpha.0,,1590113237,44,0,0,0,0,0,0,0,0,0,0,0,0,0
ant-design/ant-design-pro,cd4a82a3de80ffdbd58bf6014832912e510a731e,ant-design-pro,5.0.0-alpha.0,,1590114448,44,0,0,0,0,0,0,0,0,0,0,0,0,0
ant-design/ant-design-pro,62e10efd13e1173a496a867415a32f6d255c0a6f,ant-design-pro,5.0.0-alpha.0,,1590114490,44,0,0,0,0,0,0,0,0,0,0,0,0,0
ant-design/ant-design-pro,b561f3538fecaae0056875247484bfbb550d8590,ant-design-pro,4.0.0,,1590462619,51,0,0,0,0,0,0,0,0,0,0,0,0,0
ant-design/ant-design-pro,ac8faaf5a6a72d47f775e130b5e4426e771b6068,ant-design-pro,4.0.0,,1590465181,51,0,0,0,0,0,0,0,0,0,0,0,0,0
ant-design/ant-design-pro,893694cbd5cfbfed66ed469652655b1f9b5975db,ant-design-pro,5.0.0-alpha.0,,1590480971,44,0,0,0,0,0,0,0,0,0,0,0,0,0
ant-design/ant-design-pro,c119430b19cfceed3857caa5c8653ab2efdb8468,ant-design-pro,5.0.0-alpha.0,,1590481173,44,0,0,0,0,0,0,0,0,0,0,0,0,0
ant-design/ant-design-pro,9f9844ba5cf54eca5299de67d806c100f1247afe,ant-design-pro,5.0.0-alpha.0,,1590500548,44,0,0,0,0,0,0,0,0,0,0,0,0,0
ant-design/ant-design-pro,de5e8f78fc71b150916d65561223bdad2c200ba4,ant-design-pro,5.0.0-alpha.0,,1590559680,44,0,0,0,0,0,0,0,0,0,0,0,0,0
ant-design/ant-design-pro,0e1a214eaefaff206050f64bb35fa17ec1136670,ant-design-pro,5.0.0-alpha.0,,1590648714,44,0,0,0,0,0,0,0,0,0,0,0,0,0
ant-design/ant-design-pro,086db708af4c9592ae873f267e179647940df045,ant-design-pro,5.0.0-alpha.0,,1590650231,44,0,0,0,0,0,0,0,0,0,0,0,0,0
ant-design/ant-design-pro,4ddf5f3cb1f732a36157bfb908e3219ce7c7673f,ant-design-pro,5.0.0-alpha.0,,1590977825,44,0,0,0,0,0,0,0,0,0,0,0,0,0
ant-design/ant-design-pro,1a9ccada57213cd416683547269ba76a524931d3,ant-design-pro,4.0.0,,1591066587,51,0,0,0,0,0,0,0,0,0,0,0,0,0
ant-design/ant-design-pro,776248dca8da9e9f28d5ea9383a9627bdcf80293,ant-design-pro,4.0.0,,1591066641,51,0,0,0,0,0,0,0,0,0,0,0,0,0
ant-design/ant-design-pro,d3d232c3c18ba97bde4976ff072a93909b091347,ant-design-pro,4.0.0,,1591107828,51,0,0,0,0,0,0,0,0,0,0,0,0,0
ant-design/ant-design-pro,cc163acde5ef1f6ac495fc2794f3da091a6a47a8,ant-design-pro,5.0.0-alpha.0,,1591168518,44,0,0,0,0,0,0,0,0,0,0,0,0,0
ant-design/ant-design-pro,eeff7f7d1e754689435246c64931035e977ad154,ant-design-pro,4.0.0,,1591169405,51,0,0,0,0,0,0,0,0,0,0,0,0,0
ant-design/ant-design-pro,4e2d1cb86809c777ec069ecd66d8b97a32168768,ant-design-pro,4.0.0,,1591169474,51,0,0,0,0,0,0,0,0,0,0,0,0,0
ant-design/ant-design-pro,cd4340a90e885f48db812061f7d970e647b8f3fa,ant-design-pro,5.0.0-alpha.0,,1591172875,44,0,0,0,0,0,0,0,0,0,0,0,0,0
ant-design/ant-design-pro,26d6a42216e98d99df3c993d9a613f8c963e0e3b,ant-design-pro,4.0.0,,1591242573,51,0,0,0,0,0,0,0,0,0,0,0,0,0
ant-design/ant-design-pro,3249ea3cd8c72faa34465a82bcdebad998f322ee,ant-design-pro,4.0.0,,1591242580,51,0,0,0,0,0,0,0,0,0,0,0,0,0
ant-design/ant-design-pro,917a8d7b210ea1b269303095c42a6f29ea127c23,ant-design-pro,4.0.0,,1591325283,51,0,0,0,0,0,0,0,0,0,0,0,0,0
ant-design/ant-design-pro,d9e7fa86075ff415cdb50b1196ae4bcb1aa520b4,ant-design-pro,4.0.0,,1591330031,51,0,0,0,0,0,0,0,0,0,0,0,0,0
ant-design/ant-design-pro,1fa4bd12560710bc65984eb609ac24dde82d6d0e,ant-design-pro,5.0.0-alpha.0,,1591436901,44,0,0,0,0,0,0,0,0,0,0,0,0,0
ant-design/ant-design-pro,149605d6f42767bedfd5f2161d3f5347dcaf9642,ant-design-pro,5.0.0-alpha.0,,1591436933,44,0,0,0,0,0,0,0,0,0,0,0,0,0
ant-design/ant-design-pro,1c5f9fef1bfa84cc55c4fa46fdadcf4ea7601ab6,ant-design-pro,5.0.0-alpha.0,,1591437465,44,0,0,0,0,0,0,0,0,0,0,0,0,0
ant-design/ant-design-pro,1ad19cf8f65ab97d51005132002b67db27090f38,ant-design-pro,5.0.0-alpha.0,,1591437782,44,0,0,0,0,0,0,0,0,0,0,0,0,0
ant-design/ant-design-pro,21a3fe0d935cadfdc3d221889228e6fa21459967,ant-design-pro,5.0.0-alpha.0,,1591437828,44,0,0,0,0,0,0,0,0,0,0,0,0,0
ant-design/ant-design-pro,eacaa274f088590b2681d4ebbbb1c328de32cea8,ant-design-pro,4.0.0,,1591465312,51,0,0,0,0,0,0,0,0,0,0,0,0,0
ant-design/ant-design-pro,09f21965b52835ba09deff2f8ef3d07d200f74ca,ant-design-pro,4.0.0,,1591671576,51,0,0,0,0,0,0,0,0,0,0,0,0,0
ant-design/ant-design-pro,24c122b5443e8a35bfa85dc8a7d73d0d15ead504,ant-design-pro,4.0.0,,1591696413,51,0,0,0,0,0,0,0,0,0,0,0,0,0
ant-design/ant-design-pro,e1617900d9d77e21dd25b10586b5950e8b9bbd50,ant-design-pro,4.0.0,,1591705287,51,0,0,0,0,0,0,0,0,0,0,0,0,0
ant-design/ant-design-pro,99f2263cd42108c00a3b05b973713b63613ee578,ant-design-pro,4.0.0,,1591706274,51,0,0,0,0,0,0,0,0,0,0,0,0,0
ant-design/ant-design-pro,419cc29be0c4a1ed3f1384f0386891f3664e5289,ant-design-pro,4.0.0,,1591876910,51,0,0,0,0,0,0,0,0,0,0,0,0,0
ant-design/ant-design-pro,3b13ed1c188b66cf888681e43656ab26ce251106,ant-design-pro,4.0.0,,1591933364,51,0,0,0,0,0,0,0,0,0,0,0,0,0
ant-design/ant-design-pro,2477a52f031f87e3946a03fd1cea65202f17e652,ant-design-pro,4.0.0,,1591933379,51,0,0,0,0,0,0,0,0,0,0,0,0,0
ant-design/ant-design-pro,371b7f2a727c87ef989ae3fa8eac92fcd3ac9957,ant-design-pro,4.0.0,,1592062389,51,0,0,0,0,0,0,0,0,0,0,0,0,0
ant-design/ant-design-pro,3bf4c81085dcc63a4eb3ea2a0a3be2970754e140,ant-design-pro,5.0.0-alpha.0,,1592064710,44,0,0,0,0,0,0,0,0,0,0,0,0,0
ant-design/ant-design-pro,951a47d5aff98a265eafef1fc9f46f145e7e6c1d,ant-design-pro,5.0.0-alpha.0,,1592129118,44,0,0,0,0,0,0,0,0,0,0,0,0,0
ant-design/ant-design-pro,9e4c8def9d27466f65cae7e25e498679c00b8d51,ant-design-pro,5.0.0-alpha.0,,1592132289,44,0,0,0,0,0,0,0,0,0,0,0,0,0
ant-design/ant-design-pro,a7fd73995bd90498a457adcf8f7c255d31a14ca7,ant-design-pro,4.0.0,,1592446620,51,0,0,0,0,0,0,0,0,0,0,0,0,0
ant-design/ant-design-pro,2a6b5a7a22950c15cb085c903bdefbe5c6a809a7,ant-design-pro,4.0.0,,1592448499,51,0,0,0,0,0,0,0,0,0,0,0,0,0
ant-design/ant-design-pro,9c4a1a473294e4bd10e10eb1602d79ba2f12bcd9,ant-design-pro,5.0.0-alpha.0,,1593143944,44,0,0,0,0,0,0,0,0,0,0,0,0,0
ant-design/ant-design-pro,bea00c8752cf84b6ebb57bfcaabbfe9a2bd741bf,ant-design-pro,5.0.0-alpha.0,,1593418396,44,0,0,0,0,0,0,0,0,0,0,0,0,0
ant-design/ant-design-pro,edb1b7d6ee7d26fa71e8196ab04b1d4aa8d627eb,ant-design-pro,5.0.0-alpha.0,,1593418487,44,0,0,0,0,0,0,0,0,0,0,0,0,0
ant-design/ant-design-pro,7205b7985dc42b54657cc09efbd7f90d6a177936,ant-design-pro,5.0.0-alpha.0,,1593418665,44,0,0,0,0,0,0,0,0,0,0,0,0,0
ant-design/ant-design-pro,d301e01a9ff12cb2e8bc72327a909f19f4ea60ac,ant-design-pro,4.0.0,,1593424187,51,0,0,0,0,0,0,0,0,0,0,0,0,0
ant-design/ant-design-pro,e13b634411d82c3250452fadf6230db32fabc5ac,ant-design-pro,4.0.0,,1593438361,51,0,0,0,0,0,0,0,0,0,0,0,0,0
ant-design/ant-design-pro,fcab6917b25e08df0fd3c2acb32a247deaeca3d5,ant-design-pro,5.0.0-alpha.0,,1593489532,44,0,0,0,0,0,0,0,0,0,0,0,0,0
ant-design/ant-design-pro,852a883458836af7300ab8a91536f81726c303d8,ant-design-pro,5.0.0-alpha.0,,1593489700,44,0,0,0,0,0,0,0,0,0,0,0,0,0
ant-design/ant-design-pro,8c9074220481179e1a1f765ee2211a3368642ca6,ant-design-pro,4.0.0,,1593511174,51,0,0,0,0,0,0,0,0,0,0,0,0,0
ant-design/ant-design-pro,f974b2ec52f8ad2635821f67a59c3e4b87cfedec,ant-design-pro,4.0.0,,1593512942,51,0,0,0,0,0,0,0,0,0,0,0,0,0
ant-design/ant-design-pro,509f41f2e58fc0463731acc7bef3e3f22238fb04,ant-design-pro,5.0.0-alpha.0,,1593529493,44,0,0,0,0,0,0,0,0,0,0,0,0,0
ant-design/ant-design-pro,9cba941741ffd02bac5b529534a6807e393178c3,ant-design-pro,5.0.0-alpha.0,,1593529566,44,0,0,0,0,0,0,0,0,0,0,0,0,0
ant-design/ant-design-pro,82adf6392ec5f8c5ed1e48b5bd00ed797312f6c1,ant-design-pro,4.0.0,,1593529820,51,0,0,0,0,0,0,0,0,0,0,0,0,0
ant-design/ant-design-pro,1e718bb8e4771bf2b5f9ff49a077e01cb3299414,ant-design-pro,5.0.0-alpha.0,,1593586364,44,0,0,0,0,0,0,0,0,0,0,0,0,0
ant-design/ant-design-pro,236a748fd04ac5c6fbe81f0abc3410981cb125e9,ant-design-pro,4.0.0,,1593592524,51,0,0,0,0,0,0,0,0,0,0,0,0,0
ant-design/ant-design-pro,dfce9116e86c820255d1ae75ca77781f83d14b8d,ant-design-pro,5.0.0-alpha.0,,1593594136,44,0,0,0,0,0,0,0,0,0,0,0,0,0
ant-design/ant-design-pro,d36f48de49aed3b62ca184016a9bf7b1d7af658c,ant-design-pro,5.0.0-alpha.0,,1593759688,44,0,0,0,0,0,0,0,0,0,0,0,0,0
ant-design/ant-design-pro,bc53e46d6eae0cce57cd17e8585ea8645621ea78,ant-design-pro,5.0.0-alpha.0,,1593760182,44,0,0,0,0,0,0,0,0,0,0,0,0,0
ant-design/ant-design-pro,641705dd12c2312253bc6267f699346979a01e50,ant-design-pro,5.0.0-alpha.0,,1593760516,44,0,0,0,0,0,0,0,0,0,0,0,0,0
ant-design/ant-design-pro,506af90dd2ec568e2b897cef5d936457d6a15eeb,ant-design-pro,4.0.0,,1594214012,51,0,0,0,0,0,0,0,0,0,0,0,0,0
ant-design/ant-design-pro,bee0ad227e0e541dc5d1acbd8e9f1c5e70591890,ant-design-pro,4.1.0,,1594267241,51,0,0,0,0,0,0,0,0,0,0,0,0,0
ant-design/ant-design-pro,0a9afe75e400940ada187c555b3da4baf3415fb5,ant-design-pro,5.0.0-alpha.0,,1594267721,44,0,0,0,0,0,0,0,0,0,0,0,0,0
ant-design/ant-design-pro,2a81435eae14ea4e5cb7e46e66c2fd9c6384cc17,ant-design-pro,5.0.0-alpha.0,,1594286648,44,0,0,0,0,0,0,0,0,0,0,0,0,0
ant-design/ant-design-pro,407e66509d9aa0b2aa6065271c75736830bcf32c,ant-design-pro,4.1.0,,1594531353,51,0,0,0,0,0,0,0,0,0,0,0,0,0
ant-design/ant-design-pro,4a988cabe8d287cec551918b9e706d7f109fb967,ant-design-pro,5.0.0-alpha.0,,1594531410,44,0,0,0,0,0,0,0,0,0,0,0,0,0
ant-design/ant-design-pro,df80e961c3c6d416e9e4ebe3031c41c0d3ac884c,ant-design-pro,5.0.0-alpha.0,,1594531476,44,0,0,0,0,0,0,0,0,0,0,0,0,0
ant-design/ant-design-pro,bf3486e82cb09337f866b307613f5a28e84c693f,ant-design-pro,4.1.0,,1594605393,51,0,0,0,0,0,0,0,0,0,0,0,0,0
ant-design/ant-design-pro,14d87e0e67a68a8a4f0eaeefb872ef527a1f3ac4,ant-design-pro,4.1.0,,1594607868,51,0,0,0,0,0,0,0,0,0,0,0,0,0
ant-design/ant-design-pro,ebde795693bb6cba9ec3a1d7d5b4976d8de57f2a,ant-design-pro,4.1.0,,1594609740,51,0,0,0,0,0,0,0,0,0,0,0,0,0
ant-design/ant-design-pro,a89e9e696bc5c8defec3c85b75703a4cf156ca91,ant-design-pro,5.0.0-alpha.0,,1594619121,44,0,0,0,0,0,0,0,0,0,0,0,0,0
ant-design/ant-design-pro,7e40523d79c6ae28fbabf87e42bd55880977e33b,ant-design-pro,5.0.0-alpha.0,,1594619141,44,0,0,0,0,0,0,0,0,0,0,0,0,0
ant-design/ant-design-pro,6fc031e5eea3fff82b78b08c3db2fa395d1a2465,ant-design-pro,4.1.0,,1595235803,51,0,0,0,0,0,0,0,0,0,0,0,0,0
ant-design/ant-design-pro,5d3bb00e33852e841542bd38b118ef322f353979,ant-design-pro,5.0.0-alpha.0,,1595254935,44,0,0,0,0,0,0,0,0,0,0,0,0,0
ant-design/ant-design-pro,f4a41f92acce75645ad016719a52d4b32f8ba315,ant-design-pro,5.0.0-alpha.0,,1595255347,44,0,0,0,0,0,0,0,0,0,0,0,0,0
ant-design/ant-design-pro,b6646430c53bed8661287db3eb2af823a91837a4,ant-design-pro,5.0.0-alpha.0,,1595255514,44,0,0,0,0,0,0,0,0,0,0,0,0,0
ant-design/ant-design-pro,336014bb527edff01cfa847a8199ada60760356f,ant-design-pro,4.1.0,,1595426141,51,0,0,0,0,0,0,0,0,0,0,0,0,0
ant-design/ant-design-pro,039f99ebca7a2f12837e2d03d3682d922d65a525,ant-design-pro,4.2.0,,1595426194,51,0,0,0,0,0,0,0,0,0,0,0,0,0
ant-design/ant-design-pro,f0e0e44af4aa9fd8af45fc46f4b09b0f26dc0662,ant-design-pro,4.2.0,,1595467505,51,0,0,0,0,0,0,0,0,0,0,0,0,0
ant-design/ant-design-pro,cf65d155768857649bbacbaa2aadd44b509093ad,ant-design-pro,5.0.0-alpha.0,,1595476299,44,0,0,0,0,0,0,0,0,0,0,0,0,0
ant-design/ant-design-pro,a04314f462ed18cd88f80374cc588afbb32babc9,ant-design-pro,5.0.0-alpha.0,,1595481418,44,0,0,0,0,0,0,0,0,0,0,0,0,0
ant-design/ant-design-pro,89ed8c03d4c93ed2d07378e30e52ad0b9594e912,ant-design-pro,5.0.0-alpha.0,,1595481723,44,0,0,0,0,0,0,0,0,0,0,0,0,0
ant-design/ant-design-pro,e7471b6a890d9cbc75b859c538ee1348e7c2054d,ant-design-pro,5.0.0-alpha.0,,1595762925,44,0,0,0,0,0,0,0,0,0,0,0,0,0
ant-design/ant-design-pro,64db7c54279f125337ca0b842d6cc33746b9ef29,ant-design-pro,5.0.0-alpha.0,,1595763146,44,0,0,0,0,0,0,0,0,0,0,0,0,0
ant-design/ant-design-pro,7a4e5a261de7c54a9e6d4edc8fd1b8fd5ca7247d,ant-design-pro,4.2.0,,1595765868,51,0,0,0,0,0,0,0,0,0,0,0,0,0
ant-design/ant-design-pro,a1cc4f7c9ee89406d3483cab3fe58b01dc0a5730,ant-design-pro,4.2.0,,1595830699,51,0,0,0,0,0,0,0,0,0,0,0,0,0
ant-design/ant-design-pro,37ad0b67cb0925731d635a83037c3230433fcbbd,ant-design-pro,5.0.0-alpha.0,,1595847246,44,0,0,0,0,0,0,0,0,0,0,0,0,0
ant-design/ant-design-pro,43fd644390448af0e6cd95190a0843167af87687,ant-design-pro,4.2.0,,1596040944,51,0,0,0,0,0,0,0,0,0,0,0,0,0
ant-design/ant-design-pro,05259700b6bfe5324ed7a0b6a09363a189f9fc9d,ant-design-pro,4.2.0,,1596705953,51,0,0,0,0,0,0,0,0,0,0,0,0,0
ant-design/ant-design-pro,8627767c39771d44b6c9df6a4d528ac2c83097c8,ant-design-pro,4.2.0,,1597033083,51,0,0,0,0,0,0,0,0,0,0,0,0,0
ant-design/ant-design-pro,c4dc15a591b2f2e33a93194f57a8167e2d6581c6,ant-design-pro,4.2.0,,1597056773,51,0,0,0,0,0,0,0,0,0,0,0,0,0
ant-design/ant-design-pro,ec04f2ea54c0b34d87ea5050869b2ced4a07d1c8,ant-design-pro,4.2.0,,1597061510,51,0,0,0,0,0,0,0,0,0,0,0,0,0
ant-design/ant-design-pro,b265871ac0501840a390c20a6b14bf38887cdb9d,ant-design-pro,4.2.0,,1597063707,51,0,0,0,0,0,0,0,0,0,0,0,0,0
ant-design/ant-design-pro,963d2afe97e184710686f33bcac9ad10edca85c9,ant-design-pro,4.2.0,,1597231338,51,0,0,0,0,0,0,0,0,0,0,0,0,0
ant-design/ant-design-pro,deb118a407660334d0711f0d6d50240f485e7fc4,ant-design-pro,4.2.1,3.9.7,1597399955,51,0,0,0,0,0,0,0,0,0,0,0,0,0
ant-design/ant-design-pro,c415e78108ac2ef61837e9930538dbb34370d274,ant-design-pro,4.2.1,3.9.7,1597400101,51,0,0,0,0,0,0,0,0,0,0,0,0,0
ant-design/ant-design-pro,ade3c613d2f93f0790f07b0da96b0cf912d5a7d4,ant-design-pro,4.2.1,3.9.7,1597400167,51,0,0,0,0,0,0,0,0,0,0,0,0,0
ant-design/ant-design-pro,64b572a7277a73cc939f2f63e2446d03ac6ad26c,ant-design-pro,4.2.1,3.9.7,1597422307,51,0,0,0,0,0,0,0,0,0,0,0,0,0
ant-design/ant-design-pro,13543266244831a2930a3ea6be82ace1a6afcecc,ant-design-pro,4.2.1,3.9.7,1597423095,51,0,0,0,0,0,0,0,0,0,0,0,0,0
ant-design/ant-design-pro,8a7a1a6a26f3554faa2d08bc3f17b86e83e92f84,ant-design-pro,4.2.1,3.9.7,1597468038,51,0,0,0,0,0,0,0,0,0,0,0,0,0
ant-design/ant-design-pro,5b66e5c546d0f619d5605b931f486e027d715267,ant-design-pro,4.2.1,3.9.7,1597644514,51,0,0,0,0,0,0,0,0,0,0,0,0,0
ant-design/ant-design-pro,524508a69fa72613c2131984e203b0f914308bae,ant-design-pro,4.2.1,3.9.7,1597661297,51,0,0,0,0,0,0,0,0,0,0,0,0,0
ant-design/ant-design-pro,e49a1953e6e6931d2d6c0382ecb5b07c1528561a,ant-design-pro,4.2.1,3.9.7,1597671090,51,0,0,0,0,0,0,0,0,0,0,0,0,0
ant-design/ant-design-pro,d4f8a6f6ef9674610d61bf9f823d4322ccaa9e31,ant-design-pro,4.2.1,3.9.7,1598332900,51,0,0,0,0,0,0,0,0,0,0,0,0,0
ant-design/ant-design-pro,c0041b35319a3ce6b01772a67ba241fd79c25f07,ant-design-pro,4.2.1,3.9.7,1598410212,51,0,0,0,0,0,0,0,0,0,0,0,0,0
ant-design/ant-design-pro,a0bdec8da6c047166f8da897596e2e1cc7bc6524,ant-design-pro,4.2.1,3.9.7,1598418947,51,0,0,0,0,0,0,0,0,0,0,0,0,0
ant-design/ant-design-pro,eec9514ffaec96b75f8f1d787b51aeaed09b6a1c,ant-design-pro,4.2.1,3.9.7,1598419624,51,0,0,0,0,0,0,0,0,0,0,0,0,0
ant-design/ant-design-pro,573ba260014373bae0ae220605abe55200a8d7cc,ant-design-pro,4.2.1,3.9.7,1598420469,51,0,0,0,0,0,0,0,0,0,0,0,0,0
ant-design/ant-design-pro,8eb7522332afc3ef02ba4ee4c453b799c7f2e49f,ant-design-pro,4.2.1,3.9.7,1598425917,51,0,0,0,0,0,0,0,0,0,0,0,0,0
ant-design/ant-design-pro,9af72c3ec201a6ab8b53bcbae644fa8549a609d7,ant-design-pro,4.2.1,3.9.7,1598961274,51,0,0,0,0,0,0,0,0,0,0,0,0,0
ant-design/ant-design-pro,7eec4d0faba2f0c723e65ca68207b915402d4562,ant-design-pro,4.2.1,3.9.7,1599473505,51,0,0,0,0,0,0,0,0,0,0,0,0,0
ant-design/ant-design-pro,8e081e8e9d8b22f042d61fd7ea1490632625a09a,ant-design-pro,4.2.1,3.9.7,1599740794,51,0,0,0,0,0,0,0,0,0,0,0,0,0
ant-design/ant-design-pro,8c37b915ca7c9c73e82a087f29afaed635e29cc2,ant-design-pro,5.0.0-alpha.0,3.9.7,1599742469,46,0,0,0,0,0,0,0,0,0,0,0,0,0
ant-design/ant-design-pro,6fd204ff99bb2000a113af71332db2bbd7db5d07,ant-design-pro,5.0.0-alpha.0,3.9.7,1599742749,44,0,0,0,0,0,0,0,0,0,0,0,0,0
ant-design/ant-design-pro,9046670f8821eabf7fd8c970bddf6d305bfbefc9,ant-design-pro,4.2.1,3.9.7,1599742901,51,0,0,0,0,0,0,0,0,0,0,0,0,0
ant-design/ant-design-pro,0e8d233187da22b3adfe3271e472d53c0cbc3894,ant-design-pro,4.2.1,3.9.7,1599747672,51,0,0,0,0,0,0,0,0,0,0,0,0,0
ant-design/ant-design-pro,2c073e034a41e1b6f9dcb32118ea9bc46b3edd66,ant-design-pro,5.0.0-alpha.0,3.9.7,1599794590,44,0,0,0,0,0,0,0,0,0,0,0,0,0
ant-design/ant-design-pro,0a5247e32c1a296ea0aca1d4068345b6a1b49659,ant-design-pro,5.0.0-alpha.0,3.9.7,1599794618,44,0,0,0,0,0,0,0,0,0,0,0,0,0
ant-design/ant-design-pro,42e7fd05ba05a5762eec0782f53b9a924bb1bc0a,ant-design-pro,5.0.0-alpha.0,3.9.7,1599910237,44,0,0,0,0,0,0,0,0,0,0,0,0,0
ant-design/ant-design-pro,ec88f30d722723bfc1b0602ed0dfe52e7aea8e38,ant-design-pro,5.0.0-alpha.0,3.9.7,1599923718,44,0,0,0,0,0,0,0,0,0,0,0,0,0
ant-design/ant-design-pro,99dda62c2cb24b5745d56c9517b76510c9b0d42f,ant-design-pro,5.0.0-alpha.0,3.9.7,1601278621,44,0,0,0,0,0,0,0,0,0,0,0,0,0
ant-design/ant-design-pro,a192e1358e42b62368146cf55f6f2ae8b2cb7f00,ant-design-pro,5.0.0-alpha.0,3.9.7,1601278685,44,0,0,0,0,0,0,0,0,0,0,0,0,0
ant-design/ant-design-pro,50b81f87b12347731e4ba257f386cbbfd5610b06,ant-design-pro,5.0.0-alpha.0,3.9.7,1601279212,44,0,0,0,0,0,0,0,0,0,0,0,0,0
ant-design/ant-design-pro,bb3be58778155c4ab196f2c60b2ead070bb01489,ant-design-pro,5.0.0-alpha.0,3.9.7,1601350743,44,0,0,0,0,0,0,0,0,0,0,0,0,0
ant-design/ant-design-pro,a823e623da2c628f0b0d17025c24bd6c6aebc0d9,ant-design-pro,4.2.1,4.0.3,1601351621,51,0,0,0,0,0,0,0,0,0,0,0,0,0
ant-design/ant-design-pro,943060a0f2411721893a2647b5ffc0428a0746ea,ant-design-pro,5.0.0-alpha.0,3.9.7,1601351748,44,0,0,0,0,0,0,0,0,0,0,0,0,0
ant-design/ant-design-pro,4fb6ea84baa73cc32c615281d58c2d6ca1459b83,ant-design-pro,5.0.0-alpha.0,3.9.7,1601688911,44,0,0,0,0,0,0,0,0,0,0,0,0,0
ant-design/ant-design-pro,723930c4ae1b5d77e014936b921403a34c31c4f9,ant-design-pro,5.0.0-alpha.0,3.9.7,1601689481,44,0,0,0,0,0,0,0,0,0,0,0,0,0
ant-design/ant-design-pro,f0806eab695c6fe2976df09d97e75c52a12eceb9,ant-design-pro,4.2.1,4.0.3,1602475188,51,0,0,0,0,0,0,0,0,0,0,0,0,0
ant-design/ant-design-pro,83de372980262b2d97c2f3d95447ccdf325216c7,ant-design-pro,4.2.2,4.0.3,1602482037,51,0,0,0,0,0,0,0,0,0,0,0,0,0
ant-design/ant-design-pro,9e851d346dc7b470ad0e776dd8c0b7297fabfa06,ant-design-pro,5.0.0-beta.0,4.0.3,1602482406,44,0,0,0,0,0,0,0,0,0,0,0,0,0
ant-design/ant-design-pro,41501ad033f763044a202fb7e11dfd18e46426ef,ant-design-pro,4.2.2,4.0.3,1602492224,51,0,0,0,0,0,0,0,0,0,0,0,0,0
ant-design/ant-design-pro,e1ebfbaf5e39028750e8039e926c56509411d6ce,ant-design-pro,5.0.0-beta.0,4.0.3,1602492269,44,0,0,0,0,0,0,0,0,0,0,0,0,0
ant-design/ant-design-pro,b823f02c097e89b4cb84feef8f60f70ec52e4dd4,ant-design-pro,5.0.0-beta.0,4.0.3,1602552356,44,0,0,0,0,0,0,0,0,0,0,0,0,0
ant-design/ant-design-pro,8cdc9d70a28cd609a8b0f198078b573c07a0c3ee,ant-design-pro,5.0.0-beta.0,4.0.3,1602552553,44,0,0,0,0,0,0,0,0,0,0,0,0,0
ant-design/ant-design-pro,c59dbf8fc6a3c1d4da3d77cd2904460e06b9eacd,ant-design-pro,5.0.0-beta.0,4.0.3,1602828285,44,0,0,0,0,0,0,0,0,0,0,0,0,0
ant-design/ant-design-pro,9882eb5c2269a77df282cf88419789833d37a045,ant-design-pro,4.2.2,4.0.3,1602830436,51,0,0,0,0,0,0,0,0,0,0,0,0,0
ant-design/ant-design-pro,c9cbca60b22d9a44b4b74be1a8758bc73fa4c641,ant-design-pro,4.2.2,4.0.3,1602957764,51,0,0,0,0,0,0,0,0,0,0,0,0,0
ant-design/ant-design-pro,561b4144cc744360499a1c24b6ddc08914f812c1,ant-design-pro,5.0.0-beta.0,4.0.3,1602957829,44,0,0,0,0,0,0,0,0,0,0,0,0,0
ant-design/ant-design-pro,8cf0973327a96669eb1a84a3ff8590f20ae67e2c,ant-design-pro,4.2.2,4.0.3,1603035233,51,0,0,0,0,0,0,0,0,0,0,0,0,0
ant-design/ant-design-pro,e199a07712ab95e41f2e8b89ea7553fd4bb7bd06,ant-design-pro,5.0.0-beta.0,4.0.3,1603260633,44,0,0,0,0,0,0,0,0,0,0,0,0,0
ant-design/ant-design-pro,8163bb453df106d9d72001ad2dfdb224e270d690,ant-design-pro,4.2.2,4.0.3,1603935547,51,0,0,0,0,0,0,0,0,0,0,0,0,0
ant-design/ant-design-pro,64f5419c235692d01d10736fb8667ac591c53ad8,ant-design-pro,4.2.2,4.0.3,1603936077,58,0,0,0,0,0,0,0,0,0,0,0,0,0
ant-design/ant-design-pro,1c968cea221b647c987e4a81c167d375e89e8984,ant-design-pro,5.0.0-beta.0,4.0.3,1603936755,44,0,0,0,0,0,0,0,0,0,0,0,0,0
ant-design/ant-design-pro,2da635f73c446996c538fc12b4749b5d8514fe50,ant-design-pro,4.2.2,4.0.3,1604306955,58,0,0,0,0,0,0,0,0,0,0,0,0,0
ant-design/ant-design-pro,6a2177b263064510a3a84e116439272173a0dc73,ant-design-pro,4.2.2,4.0.3,1604306966,58,0,0,0,0,0,0,0,0,0,0,0,0,0
ant-design/ant-design-pro,e133575d5e7b58d93fb19b2372865f1b3da591a9,ant-design-pro,4.2.2,4.0.3,1604306995,59,0,0,0,0,0,0,0,0,0,0,0,0,0
ant-design/ant-design-pro,704eb3fa3e8fbdad1401f96422c1cad803ab4d15,ant-design-pro,4.3.0,4.0.3,1604311459,60,0,0,0,0,0,0,0,0,0,0,0,0,0
ant-design/ant-design-pro,092096b3a4ba1ab8afefca8c456468a5f66e79d4,ant-design-pro,5.0.0-beta.0,4.0.3,1604312309,53,0,0,0,0,0,0,0,0,0,0,0,0,0
ant-design/ant-design-pro,992ef633b575748dd9c295b2901e5c68658db29f,ant-design-pro,4.3.0,4.0.3,1604317783,60,0,0,0,0,0,0,0,0,0,0,0,0,0
ant-design/ant-design-pro,b17bf99bf9ee89641038a4245576e2fdce475b62,ant-design-pro,4.3.0,4.0.3,1604328594,60,0,0,0,0,0,0,0,0,0,0,0,0,0
ant-design/ant-design-pro,6e9d6b8963f9f5399d1e724723d89ad4769bbf67,ant-design-pro,5.0.0-beta.0,4.0.3,1604329242,53,0,0,0,0,0,0,0,0,0,0,0,0,0
ant-design/ant-design-pro,9df94c8d8c2fb09d1d531dba505736daa45dd484,ant-design-pro,5.0.0-beta.0,4.0.3,1604462666,53,0,0,0,0,0,0,0,0,0,0,0,0,0
ant-design/ant-design-pro,3644b84c8632db79229e57934befdbaab56e6c81,ant-design-pro,5.0.0-beta.0,4.0.3,1604464200,53,0,0,0,0,0,0,0,0,0,0,0,0,0
ant-design/ant-design-pro,966a89b69e17f922ac08c94a3b2fb121b30ea202,ant-design-pro,5.0.0-beta.0,4.0.3,1604467682,54,0,0,0,0,0,0,0,0,0,0,0,0,0
ant-design/ant-design-pro,59a863b9708621bd5c5d2cfc2a74878d06b38684,ant-design-pro,5.0.0-beta.0,4.0.3,1604471712,54,0,0,0,0,0,0,0,0,0,0,0,0,0
ant-design/ant-design-pro,476bfbfe8415fab918f9c66fc0c43368e1443a97,ant-design-pro,5.0.0-beta.0,4.0.3,1604482207,54,0,0,0,0,0,0,0,0,0,0,0,0,0
ant-design/ant-design-pro,f68066a91e2ddb53ed821ff2b770bac9c90f8989,ant-design-pro,4.3.0,4.0.3,1604547497,61,0,0,0,0,0,0,0,0,0,0,0,0,0
ant-design/ant-design-pro,4a2cb720bfcdab34f2b41a3b629683329c783690,ant-design-pro,5.0.0-beta.0,4.0.3,1604643932,54,0,0,0,0,0,0,0,0,0,0,0,0,0
ant-design/ant-design-pro,a6358ddf6589ffec9936a79f739681e5ea5a3c6a,ant-design-pro,5.0.0-beta.0,4.0.3,1604659381,54,0,0,0,0,0,0,0,0,0,0,0,0,0
ant-design/ant-design-pro,e0779c5c38fb8ccc0c9b721ad95e6223a2dfc313,ant-design-pro,5.0.0-beta.0,4.0.3,1604753295,54,0,0,0,0,0,0,0,0,0,0,0,0,0
ant-design/ant-design-pro,ce44fc85679f6d9b5611d245f3ae954e43e52714,ant-design-pro,5.0.0-beta.0,4.0.3,1604762783,54,0,0,0,0,0,0,0,0,0,0,0,0,0
ant-design/ant-design-pro,3473ebf5bbd40a025d175d26a88809f2f8834e04,ant-design-pro,5.0.0-beta.0,4.0.3,1605019723,54,0,0,0,0,0,0,0,0,0,0,0,0,0
ant-design/ant-design-pro,e451d76b981e43cf8a85517be9f36b1960f6c695,ant-design-pro,4.3.0,4.0.3,1605084570,61,0,0,0,0,0,0,0,0,0,0,0,0,0
ant-design/ant-design-pro,5047f7edb5795fdeba7b91de39a1979d17afadfb,ant-design-pro,4.3.0,4.0.3,1605168042,61,0,0,0,0,0,0,0,0,0,0,0,0,0
ant-design/ant-design-pro,51f8ddbdbd22496e5bbfdc169545e549c75a0ace,ant-design-pro,5.0.0-beta.0,4.0.3,1605869611,54,0,0,0,0,0,0,0,0,0,0,0,0,0
ant-design/ant-design-pro,3597ee802c2422d05a3348d971f85df56f75350d,ant-design-pro,5.0.0-beta.0,4.0.3,1606117844,54,0,0,0,0,0,0,0,0,0,0,0,0,0
ant-design/ant-design-pro,cadae90ac3ad82213ca464d2f19d832476be64bd,ant-design-pro,4.3.0,4.0.3,1606207756,61,0,0,0,0,0,0,0,0,0,0,0,0,0
ant-design/ant-design-pro,99312f5cc1da41ca794c2f6257d8c522d53e6d12,ant-design-pro,5.0.0-beta.0,4.0.3,1606464479,54,0,0,0,0,0,0,0,0,0,0,0,0,0
ant-design/ant-design-pro,041e3e027c0548e2d68fa950aac17584cd48a4ec,ant-design-pro,5.0.0-beta.0,4.0.3,1606469643,54,0,0,0,0,0,0,0,0,0,0,0,0,0
ant-design/ant-design-pro,c8f97f1fb4b62da5c3e7a4c927b9126903aa0ea6,ant-design-pro,5.0.0-beta.0,4.0.3,1606707174,54,0,0,0,0,0,0,0,0,0,0,0,0,0
ant-design/ant-design-pro,ec07c46f9f44e5766c73fa6f07523ba16092e615,ant-design-pro,4.3.0,4.0.3,1606707839,61,0,0,0,0,0,0,0,0,0,0,0,0,0
ant-design/ant-design-pro,8f1df015e3a80a0503f6782e524fbddae85f195c,ant-design-pro,5.0.0-beta.0,4.0.3,1606720973,54,0,0,0,0,0,0,0,0,0,0,0,0,0
ant-design/ant-design-pro,1e61180a8e0d1f0224e5b0be77834684b744a432,ant-design-pro,4.3.0,4.0.3,1606731843,61,0,0,0,0,0,0,0,0,0,0,0,0,0
ant-design/ant-design-pro,f25701610c800675109ef5c5a3021ea3baaf8c81,ant-design-pro,5.0.0-beta.0,4.0.3,1606805019,54,0,0,0,0,0,0,0,0,0,0,0,0,0
ant-design/ant-design-pro,d8956080dc50ea4f2971ccb32ae5f08b94ffcd9b,ant-design-pro,4.3.0,4.0.3,1606810628,61,0,0,0,0,0,0,0,0,0,0,0,0,0
ant-design/ant-design-pro,e78a702190a81774131ff9595eea808de52b0607,ant-design-pro,5.0.0-beta.0,4.0.3,1606825342,54,0,0,0,0,0,0,0,0,0,0,0,0,0
ant-design/ant-design-pro,40a78d33e583d1320cfe0d55b6cb5cf485d9a047,ant-design-pro,5.0.0-beta.0,4.0.3,1606894870,54,0,0,0,0,0,0,0,0,0,0,0,0,0
ant-design/ant-design-pro,0363ac82be9ea88e80114b814e2edaeb08a6c0f6,ant-design-pro,4.4.0,4.0.3,1606895539,61,0,0,0,0,0,0,0,0,0,0,0,0,0
ant-design/ant-design-pro,46df7d575e70ec8a564c9788ec70d196c44449af,ant-design-pro,5.0.0-beta.1,4.0.3,1606895756,54,0,0,0,0,0,0,0,0,0,0,0,0,0
ant-design/ant-design-pro,6baf0044501182b1abced08280aed241a5775d92,ant-design-pro,5.0.0-beta.1,4.0.3,1606899105,54,0,0,0,0,0,0,0,0,0,0,0,0,0
ant-design/ant-design-pro,f0344c4fcfb53ae86c3e81472ca21789f094e98c,ant-design-pro,4.4.0,4.0.3,1606899667,61,0,0,0,0,0,0,0,0,0,0,0,0,0
ant-design/ant-design-pro,818926f4b3e6512197899412f7070b700169cbe3,ant-design-pro,4.5.0,4.0.3,1607406402,61,0,0,0,0,0,0,0,0,0,0,0,0,0
ant-design/ant-design-pro,c35185f5d10d62a982160a71037c4439ada65c08,ant-design-pro,5.0.0-beta.2,4.0.3,1607406587,54,0,0,0,0,0,0,0,0,0,0,0,0,0
ant-design/ant-design-pro,f2b1b8fe57bb1d7b9421e7a2eba28f775379f653,ant-design-pro,5.0.0-beta.2,4.0.3,1607419430,54,0,0,0,0,0,0,0,0,0,0,0,0,0
ant-design/ant-design-pro,9862c9430fb6a319076ecba901cdb15ef7607812,ant-design-pro,4.5.0,4.0.3,1607421472,61,0,0,0,0,0,0,0,0,0,0,0,0,0
ant-design/ant-design-pro,507f0a173599fcf4fe77b46df12486e0fdd00658,ant-design-pro,5.0.0-beta.2,4.0.3,1607423987,54,0,0,0,0,0,0,0,0,0,0,0,0,0
ant-design/ant-design-pro,cdeb66e9cb0483416d36616be97f6f73cf2300e3,ant-design-pro,5.0.0-beta.2,4.0.3,1607424019,54,0,0,0,0,0,0,0,0,0,0,0,0,0
ant-design/ant-design-pro,825675a3dc3867951d7f04affaec074dad79d859,ant-design-pro,5.0.0-beta.2,4.0.3,1607424055,54,0,0,0,0,0,0,0,0,0,0,0,0,0
ant-design/ant-design-pro,db77a0d25c8c57d562ef8910973008e91f6179f5,ant-design-pro,5.0.0-beta.2,4.0.3,1607424690,54,0,0,0,0,0,0,0,0,0,0,0,0,0
ant-design/ant-design-pro,ad93a2852082ed0f44ce5755777d0cd78b52ad13,ant-design-pro,5.0.0-beta.2,4.0.3,1607425035,54,0,0,0,0,0,0,0,0,0,0,0,0,0
ant-design/ant-design-pro,8c36dd97e590fe14332fb3d859ae6e763e96ca3e,ant-design-pro,5.0.0-beta.2,4.0.3,1607425095,54,0,0,0,0,0,0,0,0,0,0,0,0,0
ant-design/ant-design-pro,7781290540d6a4cbff69eebe93bc27529bee1ebb,ant-design-pro,4.5.0,4.0.3,1607425268,61,0,0,0,0,0,0,0,0,0,0,0,0,0
ant-design/ant-design-pro,781394e5668b212903e9791d7d4bf745760bfb84,ant-design-pro,4.5.0,4.0.3,1607426266,61,0,0,0,0,0,0,0,0,0,0,0,0,0
ant-design/ant-design-pro,a2482f0c681c4b7cb9310ef8a02cbcb717c761ae,ant-design-pro,4.5.0,4.0.3,1607427148,61,0,0,0,0,0,0,0,0,0,0,0,0,0
ant-design/ant-design-pro,30227d5ac293fc11d959956b72e1887056b680c0,ant-design-pro,4.5.0,4.0.3,1607428029,61,0,0,0,0,0,0,0,0,0,0,0,0,0
ant-design/ant-design-pro,0623dd58ae96d4f3ce095736540e54bac7d8a3f7,ant-design-pro,4.5.0,4.0.3,1607428139,61,0,0,0,0,0,0,0,0,0,0,0,0,0
ant-design/ant-design-pro,73f007db8d5278b11de06f99a1959f788a192af1,ant-design-pro,4.5.0,4.0.3,1607429228,61,0,0,0,0,0,0,0,0,0,0,0,0,0
ant-design/ant-design-pro,ecc2b42c9558fcc746891414ebec55ecaeae87e5,ant-design-pro,4.5.0,4.0.3,1607436599,61,0,0,0,0,0,0,0,0,0,0,0,0,0
ant-design/ant-design-pro,9aea28298e051a953604e4e14742481d9eda6be8,ant-design-pro,4.5.0,4.0.3,1607791938,61,0,0,0,0,0,0,0,0,0,0,0,0,0
ant-design/ant-design-pro,c47975465dcba51a65d3a628e1d0148ed1909607,ant-design-pro,5.0.0-beta.2,4.0.3,1607849371,54,0,0,0,0,0,0,0,0,0,0,0,0,0
ant-design/ant-design-pro,42e285d24fa9c682f2fe595cc0209342cfff2d2c,ant-design-pro,5.0.0-beta.2,4.0.3,1608274653,54,0,0,0,0,0,0,0,0,0,0,0,0,0
ant-design/ant-design-pro,ef9ecea98d9823e9a94a9b490a3c2ebc65ae4be5,ant-design-pro,4.5.0,4.0.3,1608274715,61,0,0,0,0,0,0,0,0,0,0,0,0,0
ant-design/ant-design-pro,556b04c4f9710d84d63bed3f7fe61a4bc5f8e232,ant-design-pro,4.5.0,4.0.3,1608283277,69,0,0,0,0,0,0,0,0,0,0,0,0,0
ant-design/ant-design-pro,1f25dcada4f86501c3c17af57aa4256430506ff8,ant-design-pro,5.0.0-beta.2,4.0.3,1608427150,54,0,0,0,0,0,0,0,0,0,0,0,0,0
ant-design/ant-design-pro,d6b8e7aa74a874d2f64d3e58a85d9d70c025ea30,ant-design-pro,4.5.0,4.0.3,1608514954,69,0,0,0,0,0,0,0,0,0,0,0,0,0
ant-design/ant-design-pro,996f20e5330e567923183de8afef8e3ebb992519,ant-design-pro,4.5.0,4.0.3,1608514981,70,0,0,0,0,0,0,0,0,0,0,0,0,0
ant-design/ant-design-pro,8cc8171a3b76d2e43618674c4f14ed8b960fbabb,ant-design-pro,5.0.0-beta.2,4.0.3,1608515439,63,0,0,0,0,0,0,0,0,0,0,0,0,0
ant-design/ant-design-pro,f4183d994c1c4c299452ead565fdcf8215f493f5,ant-design-pro,5.0.0-beta.2,4.0.3,1608517228,63,0,0,0,0,0,0,0,0,0,0,0,0,0
ant-design/ant-design-pro,d2abf996b65f7f6ea7374a45a582a3e89f5a242a,ant-design-pro,4.5.0,4.0.3,1608807046,70,0,0,0,0,0,0,0,0,0,0,0,0,0
ant-design/ant-design-pro,ac1645442b2727e3574a590f142bbfec71d7c10b,ant-design-pro,4.5.0,4.0.3,1608891501,70,0,0,0,0,0,0,0,0,0,0,0,0,0
ant-design/ant-design-pro,c7f0dcbf6f7b10a627ce447bcb0fdfeef274cd2e,ant-design-pro,4.5.0,4.0.3,1608894464,70,0,0,0,0,0,0,0,0,0,0,0,0,0
ant-design/ant-design-pro,a4cf37ecdfcc09c7501d9eec6d3d963057e9bfd8,ant-design-pro,5.0.0-beta.2,4.0.3,1609054243,63,0,0,0,0,0,0,0,0,0,0,0,0,0
ant-design/ant-design-pro,40b13474c31d70f954bb618ce51d388a0b547e7e,ant-design-pro,5.0.0-beta.2,4.0.3,1609054403,63,0,0,0,0,0,0,0,0,0,0,0,0,0
ant-design/ant-design-pro,8bb2f7c674d58d2d0f53eb6496f2ea629397935e,ant-design-pro,4.5.0,4.0.3,1609125644,70,0,0,0,0,0,0,0,0,0,0,0,0,0
ant-design/ant-design-pro,2f67dd2e49c821dd9df2885c654665807a85e79e,ant-design-pro,4.5.0,4.0.3,1609148678,70,0,0,0,0,0,0,0,0,0,0,0,0,0
ant-design/ant-design-pro,88499e520b4b07c6b974b818eafcbb6891b1cf65,ant-design-pro,4.5.0,4.0.3,1609156921,70,0,0,0,0,0,0,0,0,0,0,0,0,0
ant-design/ant-design-pro,80c012d422dffea42d0acea468e4c1ebe7c7aeb9,ant-design-pro,5.0.0-beta.2,4.0.3,1609162908,63,0,0,0,0,0,0,0,0,0,0,0,0,0
ant-design/ant-design-pro,e5b4dd6801da81796e82c0b2832dd92cd7a4394b,ant-design-pro,5.0.0-beta.2,4.0.3,1609162920,63,0,0,0,0,0,0,0,0,0,0,0,0,0
ant-design/ant-design-pro,10fb32125c4d10c7244bd4159ee63a166aa5ce3a,ant-design-pro,5.0.0-beta.2,4.0.3,1609163841,63,0,0,0,0,0,0,0,0,0,0,0,0,0
ant-design/ant-design-pro,b86420fc0622b2ca5b80d5cbe2c8d807d8124f63,ant-design-pro,4.5.0,4.0.3,1609516708,71,0,0,0,0,0,0,0,0,0,0,0,0,0
ant-design/ant-design-pro,fbb26408866564bbdf0bfe1258bfb6e16754e11c,ant-design-pro,4.5.0,4.0.3,1609567997,71,0,0,0,0,0,0,0,0,0,0,0,0,0
ant-design/ant-design-pro,e4896db15b268a20022d408ffc0c9991eca69384,ant-design-pro,5.0.0-beta.2,4.0.3,1609568049,64,0,0,0,0,0,0,0,0,0,0,0,0,0
ant-design/ant-design-pro,b320431379392ae82f4b0f9d06d71a4b5738f105,ant-design-pro,4.5.0,4.0.3,1609568731,71,0,0,0,0,0,0,0,0,0,0,0,0,0
ant-design/ant-design-pro,6d69af72a281a31db7341573b6f9529cd1286d90,ant-design-pro,4.5.0,4.0.3,1609579083,71,0,0,0,0,0,0,0,0,0,0,0,0,0
ant-design/ant-design-pro,0301e41d1dd5da0c4abf90f46c351c054d28ff07,ant-design-pro,4.5.0,4.0.3,1609924761,71,0,0,0,0,0,0,0,0,0,0,0,0,0
ant-design/ant-design-pro,3d4faad759f7b23bc4d332c4abbeff31ba6f0ef0,ant-design-pro,5.0.0-beta.2,4.0.3,1609925326,64,0,0,0,0,0,0,0,0,0,0,0,0,0
ant-design/ant-design-pro,3777bfa2fcb09bbf18442e9de49584f841ac7d30,ant-design-pro,4.5.0,4.0.3,1610694327,71,0,0,0,0,0,0,0,0,0,0,0,0,0
ant-design/ant-design-pro,6c97df4d1c4035897d47179cc9ec90d886fa865d,ant-design-pro,5.0.0-beta.2,4.0.3,1610696263,64,0,0,0,0,0,0,0,0,0,0,0,0,0
ant-design/ant-design-pro,d0b7fe50381781390aeda107a4a90ea6267b5b17,ant-design-pro,4.5.0,4.0.3,1610968685,71,0,0,0,0,0,0,0,0,0,0,0,0,0
ant-design/ant-design-pro,f6f2b3ac819c32aba64806b893430d802c460f10,ant-design-pro,4.5.0,4.0.3,1611378499,71,0,0,0,0,0,0,0,0,0,0,0,0,0
ant-design/ant-design-pro,f194008525dad5afafc1f36cdf42f9d735c6f7ae,ant-design-pro,5.0.0-beta.2,4.0.3,1611449562,64,0,0,0,0,0,0,0,0,0,0,0,0,0
ant-design/ant-design-pro,e003d60ac29430a37fd941a9cf8b7149b13f5e21,ant-design-pro,5.0.0-beta.2,4.0.3,1611802315,64,0,0,0,0,0,0,0,0,0,0,0,0,0
ant-design/ant-design-pro,0484fdeb0aebb9446fc80f16782dc7890deb31dd,ant-design-pro,5.0.0-beta.2,4.0.3,1611828550,64,0,0,0,0,0,0,0,0,0,0,0,0,0
ant-design/ant-design-pro,89fb844c46b3122f4d153840d57ec3591709bb49,ant-design-pro,5.0.0-beta.2,4.0.3,1611829995,64,0,0,0,0,0,0,0,0,0,0,0,0,0
ant-design/ant-design-pro,756cccd731bd83734627434c5114f5d73bf13647,ant-design-pro,5.0.0-beta.2,4.0.3,1611904271,64,0,0,0,0,0,0,0,0,0,0,0,0,0
ant-design/ant-design-pro,c436b21cbe63e5fcba6c0016191c5e94c358f033,ant-design-pro,5.0.0-beta.2,4.0.3,1611905097,64,0,0,0,0,0,0,0,0,0,0,0,0,0
ant-design/ant-design-pro,d8e8d7216bff32dc63bcf358334bbd14a35a9c54,ant-design-pro,5.0.0-beta.2,4.0.3,1612360923,64,0,0,0,0,0,0,0,0,0,0,0,0,0
ant-design/ant-design-pro,2c06a9d94a79489c08bdc58bf59673326bfb3a78,ant-design-pro,5.0.0-beta.2,4.0.3,1612361390,64,0,0,0,0,0,0,0,0,0,0,0,0,0
ant-design/ant-design-pro,4f5e100b561f4d0d085aa35b26bac5d0b3642864,ant-design-pro,4.5.0,4.0.3,1612587554,71,0,0,0,0,0,0,0,0,0,0,0,0,0
ant-design/ant-design-pro,6a4c62e7525efe6c6003ffa4a45deb0e86a306af,ant-design-pro,5.0.0-beta.2,4.0.3,1612587597,64,0,0,0,0,0,0,0,0,0,0,0,0,0
ant-design/ant-design-pro,f0244af80e0fef440d77deaaf3842ef91c28e19c,ant-design-pro,4.5.0,4.0.3,1612712585,71,0,0,0,0,0,0,0,0,0,0,0,0,0
ant-design/ant-design-pro,a1e5fe38fa34a9c2bef6e4752df1d951ce9570c2,ant-design-pro,4.5.0,4.0.3,1612712599,71,0,0,0,0,0,0,0,0,0,0,0,0,0
ant-design/ant-design-pro,72ab32c2b7765d41937448b56414587bdd435ee4,ant-design-pro,4.5.0,4.0.3,1612854742,71,0,0,0,0,0,0,0,0,0,0,0,0,0
ant-design/ant-design-pro,c9dba67c1b496f350c84f7d358cffe2fcfca466b,ant-design-pro,5.0.0-beta.2,4.0.3,1612855474,64,0,0,0,0,0,0,0,0,0,0,0,0,0
ant-design/ant-design-pro,45b3905594493702b7ac3ea997c5248e9c7bb325,ant-design-pro,5.0.0-beta.2,4.0.3,1613380332,65,0,0,0,0,0,0,0,0,0,0,0,0,0
ant-design/ant-design-pro,066f777286c7d36510ccde9aa098c25d297ddde9,ant-design-pro,5.0.0-beta.2,4.0.3,1613386535,65,0,0,0,0,0,0,0,0,0,0,0,0,0
ant-design/ant-design-pro,67bfe754c67214bd637b71090d5ab68546c1703a,ant-design-pro,4.5.0,4.0.3,1613442048,71,0,0,0,0,0,0,0,0,0,0,0,0,0
ant-design/ant-design-pro,104572f48733c86a477ca5f93a9b9b7a95f29f84,ant-design-pro,5.0.0-beta.2,4.0.3,1613442078,65,0,0,0,0,0,0,0,0,0,0,0,0,0
ant-design/ant-design-pro,1740da2dd8d6a58ec8337b7ef122e434b8d72b46,ant-design-pro,5.0.0-beta.2,4.0.3,1613480624,73,0,0,0,0,0,0,0,0,0,0,0,0,0
ant-design/ant-design-pro,df9801f126e03ce893ac1707ba8e0231dd733eaa,ant-design-pro,4.5.0,4.0.3,1613984245,71,0,0,0,0,0,0,0,0,0,0,0,0,0
ant-design/ant-design-pro,bf74c1d78850039b1a73d034654301d792c7b63f,ant-design-pro,5.0.0-beta.2,4.0.3,1613991050,73,0,0,0,0,0,0,0,0,0,0,0,0,0
ant-design/ant-design-pro,2b403a99230ac3566609d235c64374d149452207,ant-design-pro,4.5.0,4.0.3,1614146631,71,0,0,0,0,0,0,0,0,0,0,0,0,0
ant-design/ant-design-pro,a91f4681dac8cd2dfa50b4d38511b6a8ba74e672,ant-design-pro,4.5.0,4.0.3,1614148798,71,0,0,0,0,0,0,0,0,0,0,0,0,0
ant-design/ant-design-pro,d19675859aa3875215bd2f808dff5aac89f6d698,ant-design-pro,4.5.0,4.0.3,1614154148,71,0,0,0,0,0,0,0,0,0,0,0,0,0
ant-design/ant-design-pro,f45c433c1d84afa9909a3f619c9b1095b2bc414f,ant-design-pro,4.5.0,4.0.3,1614180297,71,0,0,0,0,0,0,0,0,0,0,0,0,0
ant-design/ant-design-pro,69eb71f4910863a68c9cbefd7d3e561249d08ff3,ant-design-pro,4.5.0,4.0.3,1614245896,71,0,0,0,0,0,0,0,0,0,0,0,0,0
ant-design/ant-design-pro,90cbecea68b1e289a6fefbff920ff8ab1542841e,ant-design-pro,4.5.0,4.0.3,1614334038,71,0,0,0,0,0,0,0,0,0,0,0,0,0
ant-design/ant-design-pro,6b82a78ba0c1540bf95feaf036cde82300147c1d,ant-design-pro,5.0.0-beta.2,4.0.3,1614335352,73,0,0,0,0,0,0,0,0,0,0,0,0,0
ant-design/ant-design-pro,d9d8d4fa6e32d09abb6d3a1677f8bd0a5be19149,ant-design-pro,4.5.0,4.0.3,1614509546,71,0,0,0,0,0,0,0,0,0,0,0,0,0
ant-design/ant-design-pro,05c6ef8eecce26a3eb1933cbe565525856e9709e,ant-design-pro,4.5.0,4.0.3,1614519269,71,0,0,0,0,0,0,0,0,0,0,0,0,0
ant-design/ant-design-pro,611a6bd481f0c9e852794eb30a654aa697cb9ec8,ant-design-pro,5.0.0-beta.2,4.2.2,1614584402,73,0,0,0,0,0,0,0,0,0,0,0,0,0
ant-design/ant-design-pro,55d3d3254b22e3035b442f18faa1dae47901629d,ant-design-pro,4.5.0,4.0.3,1615176730,71,0,0,0,0,0,0,0,0,0,0,0,0,0
ant-design/ant-design-pro,402d4519a605bf991236dab4362e191431b4a91c,ant-design-pro,5.0.0-beta.2,4.2.2,1615177133,73,0,0,0,0,0,0,0,0,0,0,0,0,0
ant-design/ant-design-pro,7d5e9ded643e024251574a1ee11642bb29db1d49,ant-design-pro,5.0.0-beta.2,4.2.2,1615187604,73,0,0,0,0,0,0,0,0,0,0,0,0,0
ant-design/ant-design-pro,da879cfb2ade1100996eb28c1b0dfb04dd095119,ant-design-pro,5.0.0-beta.2,4.2.2,1615187611,73,0,0,0,0,0,0,0,0,0,0,0,0,0
ant-design/ant-design-pro,61e414f2d66ea19e03f1c5c201d3930421ecdddd,ant-design-pro,5.0.0-beta.2,4.2.2,1615340237,73,0,0,0,0,0,0,0,0,0,0,0,0,0
ant-design/ant-design-pro,8ffaa5fb705819f7bb588d5fba48190aeb660c57,ant-design-pro,4.5.0,4.0.3,1615341070,71,0,0,0,0,0,0,0,0,0,0,0,0,0
ant-design/ant-design-pro,5d5a868842264ab88f94abade698a2ec7041f9d7,ant-design-pro,4.5.0,4.0.3,1615541305,71,0,0,0,0,0,0,0,0,0,0,0,0,0
ant-design/ant-design-pro,bc946642dae04e8c69692a012d20ae601d78adb3,ant-design-pro,4.5.0,4.0.3,1615544866,71,0,0,0,0,0,0,0,0,0,0,0,0,0
ant-design/ant-design-pro,964dc1ca3d2de2cf70c63e4ad293d6dfaa59aa13,ant-design-pro,5.0.0-beta.2,4.2.2,1615805899,77,0,0,0,0,0,0,0,0,0,0,0,0,0
ant-design/ant-design-pro,6f575a7858c22e3ab5d36d6f8d492fa64c724d5f,ant-design-pro,5.0.0-beta.2,4.2.2,1616048551,77,0,0,0,0,0,0,0,0,0,0,0,0,0
ant-design/ant-design-pro,34c8f38c791f395e581ea9aa4be71513af61d765,ant-design-pro,5.0.0-beta.2,4.2.2,1616050721,77,0,0,0,0,0,0,0,0,0,0,0,0,0
ant-design/ant-design-pro,902cc73085a5c51cb8c087dbf1279ae652994b24,ant-design-pro,5.0.0-beta.2,4.2.2,1616052175,77,0,0,0,0,0,0,0,0,0,0,0,0,0
ant-design/ant-design-pro,19bcf3155db5e51d3e565aa878b9a3c87ee910da,ant-design-pro,5.0.0-beta.2,4.2.2,1616053599,77,0,0,0,0,0,0,0,0,0,0,0,0,0
ant-design/ant-design-pro,3254d44508291a33e15b29432a8c9473597c4195,ant-design-pro,5.0.0-beta.2,4.2.2,1616057102,77,0,0,0,0,0,0,0,0,0,0,0,0,0
ant-design/ant-design-pro,7e20ae6fb67888d6810591dd12b4ce410173d2e9,ant-design-pro,5.0.0-beta.2,4.2.2,1616057147,77,0,0,0,0,0,0,0,0,0,0,0,0,0
ant-design/ant-design-pro,2a93ec010d6d6e5d5a969232f2b6a98f6097c9b0,ant-design-pro,5.0.0-beta.2,4.2.2,1616057248,77,0,0,0,0,0,0,0,0,0,0,0,0,0
ant-design/ant-design-pro,26de9ba11231f9bef8200026a0544f907b65757f,ant-design-pro,5.0.0-beta.2,4.2.2,1616058813,77,0,0,0,0,0,0,0,0,0,0,0,0,0
ant-design/ant-design-pro,72d93d7b634ce0358a917311c98e20aac9826642,ant-design-pro,5.0.0-beta.2,4.2.2,1616060219,77,0,0,0,0,0,0,0,0,0,0,0,0,0
ant-design/ant-design-pro,373e004f6ef3c4eb31b011af1640565ba979b8d6,ant-design-pro,5.0.0-beta.2,4.2.2,1616061738,77,0,0,0,0,0,0,0,0,0,0,0,0,0
ant-design/ant-design-pro,986c1575271ea2786e7b5a7f51e0ee709d2e85a4,ant-design-pro,5.0.0-beta.2,4.2.2,1616062201,77,0,0,0,0,0,0,0,0,0,0,0,0,0
ant-design/ant-design-pro,53796e0b349dd4048d7d604d44b9f7d5c88dac10,ant-design-pro,5.0.0-beta.2,4.2.2,1616063197,77,0,0,0,0,0,0,0,0,0,0,0,0,0
ant-design/ant-design-pro,c8d0f10ca1a45e9951932ac6a931d8016e0a4641,ant-design-pro,5.0.0-beta.2,4.2.2,1616063384,77,0,0,0,0,0,0,0,0,0,0,0,0,0
ant-design/ant-design-pro,c841980fef2c78ddb8efcc44956107cfb6e3feb7,ant-design-pro,5.0.0-beta.2,4.2.2,1616063876,77,0,0,0,0,0,0,0,0,0,0,0,0,0
ant-design/ant-design-pro,58f1f5c29c04b5ff0449b323b40acce197145931,ant-design-pro,5.0.0-beta.2,4.2.2,1616064860,77,0,0,0,0,0,0,0,0,0,0,0,0,0
ant-design/ant-design-pro,77e09ea64ab1d0555fbd840e438aba91baf2880f,ant-design-pro,5.0.0-beta.2,4.2.2,1616066306,77,0,0,0,0,0,0,0,0,0,0,0,0,0
ant-design/ant-design-pro,56c42de27cb708fe1ae8575474b8f8ccc313b1e0,ant-design-pro,5.0.0-beta.2,4.2.2,1616080276,77,0,0,0,0,0,0,0,0,0,0,0,0,0
ant-design/ant-design-pro,45419784d87dd2adac3db26eed379c5a4cca05ba,ant-design-pro,5.0.0-beta.2,4.2.2,1616116471,77,0,0,0,0,0,0,0,0,0,0,0,0,0
ant-design/ant-design-pro,0b271580f62977fdc5315dbdf7442dea3e02c9c2,ant-design-pro,5.0.0-beta.2,4.2.2,1616116694,77,0,0,0,0,0,0,0,0,0,0,0,0,0
ant-design/ant-design-pro,00097e8172ddbb5b10004ffb3ef235cf4836aba8,ant-design-pro,5.0.0-beta.2,4.2.2,1616117649,77,0,0,0,0,0,0,0,0,0,0,0,0,0
ant-design/ant-design-pro,c490c005b3274e0c9e043017f77ce0433821da7a,ant-design-pro,5.0.0-beta.2,4.2.2,1616117744,77,0,0,0,0,0,0,0,0,0,0,0,0,0
ant-design/ant-design-pro,a045d3194da8b9dfbaba229d3c5bcc6571025432,ant-design-pro,5.0.0-beta.2,4.2.2,1616374556,77,0,0,0,0,0,0,0,0,0,0,0,0,0
ant-design/ant-design-pro,78f7477ad7f1c9c853397d53560005147b1b3f2e,ant-design-pro,4.5.0,4.0.3,1616551730,71,0,0,0,0,0,0,0,0,0,0,0,0,0
ant-design/ant-design-pro,20e2009cac1f7c07dc6125cdf4276041793bdd7e,ant-design-pro,4.5.0,4.0.3,1616595552,71,0,0,0,0,0,0,0,0,0,0,0,0,0
ant-design/ant-design-pro,cede78bfc4a01b482b8c783b9cd2ae6a7420568c,ant-design-pro,4.5.0,4.0.3,1616750365,71,0,0,0,0,0,0,0,0,0,0,0,0,0
ant-design/ant-design-pro,fec7c55a398360a666ff9de72c77c41241e9df26,ant-design-pro,5.0.0-beta.2,4.2.2,1617257353,77,0,0,0,0,0,0,0,0,0,0,0,0,0
ant-design/ant-design-pro,e813d0f548eec3c322b70887990510d25df3710d,ant-design-pro,4.5.0,4.0.3,1617594102,71,0,0,0,0,0,0,0,0,0,0,0,0,0
ant-design/ant-design-pro,637017a73b410271c4ecaf9e58b36240ea673a2e,ant-design-pro,4.5.0,4.0.3,1618300827,71,0,0,0,0,0,0,0,0,0,0,0,0,0
ant-design/ant-design-pro,9c53f3af4f550a83ec14fdc56bc4b9951a92c632,ant-design-pro,4.5.0,4.0.3,1618300840,71,0,0,0,0,0,0,0,0,0,0,0,0,0
ant-design/ant-design-pro,c883b906e571080e040a06ac25c7b34b376b8808,ant-design-pro,4.5.0,4.0.3,1618300862,71,0,0,0,0,0,0,0,0,0,0,0,0,0
ant-design/ant-design-pro,c0007cd63507b7db7aa367bd1669d90f83c2f849,ant-design-pro,5.0.0-beta.2,4.2.2,1618456441,77,0,0,0,0,0,0,0,0,0,0,0,0,0
ant-design/ant-design-pro,478ada41a0a884fa2a6401210d0d51efe40aba6b,ant-design-pro,4.5.0,4.0.3,1618456453,71,0,0,0,0,0,0,0,0,0,0,0,0,0
ant-design/ant-design-pro,f00516b504952e9073edaad97882cd28c6b10e49,ant-design-pro,4.5.0,4.0.3,1618831380,71,0,0,0,0,0,0,0,0,0,0,0,0,0
ant-design/ant-design-pro,eb82790cc0fa08000017ce385fcc6e36ca35b1b0,ant-design-pro,4.5.0,4.0.3,1619403408,71,0,0,0,0,0,0,0,0,0,0,0,0,0
ant-design/ant-design-pro,1014c7f5688b3be1fdd5e5f0715bdbe6476b3177,ant-design-pro,5.0.0-beta.2,4.2.2,1619404837,79,0,0,0,0,0,0,0,0,0,0,0,0,0
ant-design/ant-design-pro,2059dd7717f10ce0ec670813311097b3b8039c5c,ant-design-pro,5.0.0-beta.2,4.2.2,1619582598,79,0,0,0,0,0,0,0,0,0,0,0,0,0
ant-design/ant-design-pro,a2057468e5851a150a47258bc30da2fd8b423ee6,ant-design-pro,5.0.0-beta.2,4.2.2,1619662552,79,0,0,0,0,0,0,0,0,0,0,0,0,0
ant-design/ant-design-pro,bec7cc2ecb95f152034121ebce79abd59f404a2b,ant-design-pro,5.0.0-beta.2,4.2.2,1620805461,79,0,0,0,0,0,0,0,0,0,0,0,0,0
ant-design/ant-design-pro,c13f1578ce598c151fce1f87df7b4198e6b78d89,ant-design-pro,5.0.0-beta.2,4.2.2,1621251297,79,0,0,0,0,0,0,0,0,0,0,0,0,0
ant-design/ant-design-pro,7d9e9a2ddf6003a9d9aaa36cbb87c820a09bac7f,ant-design-pro,4.5.0,4.0.3,1621303139,71,0,0,0,0,0,0,0,0,0,0,0,0,0
ant-design/ant-design-pro,6f9300778f57abf31341e63dcb45351bd65d7cf5,ant-design-pro,5.0.0-beta.2,4.2.2,1622711329,79,0,0,0,0,0,0,0,0,0,0,0,0,0
ant-design/ant-design-pro,67659a00f9eb69fa136b140bb06ec2fe6e0ce8b6,ant-design-pro,5.0.0-beta.2,4.2.2,1622712335,77,0,0,0,0,0,0,0,0,0,0,0,0,0
ant-design/ant-design-pro,29556570952102955eb2fd2139e47b05b0d181ea,ant-design-pro,4.5.0,4.0.3,1622778685,71,0,0,0,0,0,0,0,0,0,0,0,0,0
ant-design/ant-design-pro,09ca467444dea9415f15d2859f41a9b231a4e01d,ant-design-pro,4.5.0,4.0.3,1622778713,71,0,0,0,0,0,0,0,0,0,0,0,0,0
ant-design/ant-design-pro,a2d434f0230fe17663eaf3b287857446633a0f77,ant-design-pro,5.0.0-beta.3,4.2.2,1625123589,75,0,0,0,0,0,0,0,0,0,0,0,0,0
ant-design/ant-design-pro,e6d437c7c715cd2642b63060d71f3e54e75db79d,ant-design-pro,5.0.0,4.2.2,1625193651,75,0,0,0,0,0,0,0,0,0,0,0,0,0
ant-design/ant-design-pro,cc9edef5ac90db5e160651712191edc305a0498f,ant-design-pro,5.0.0,4.2.2,1625193837,75,0,0,0,0,0,0,0,0,0,0,0,0,0
ant-design/ant-design-pro,de0c89ffc2e8081ca05a0c052671a6b4e8992e14,ant-design-pro,5.0.0,4.2.2,1625241935,75,0,0,0,0,0,0,0,0,0,0,0,0,0
ant-design/ant-design-pro,a583648edbeb52b2566752756908a33d52f84e5a,ant-design-pro,5.0.0,4.2.2,1625299138,83,0,0,0,0,0,0,0,0,0,0,0,0,0
ant-design/ant-design-pro,a636ea9735c9284f9c4b3dacc9749d26ec7a119d,ant-design-pro,5.0.0,4.2.2,1625299400,83,0,0,0,0,0,0,0,0,0,0,0,0,0
ant-design/ant-design-pro,9327e8cc511eca307c6c21a2993b68bdd7687f9f,ant-design-pro,5.0.0,4.2.2,1625327852,83,0,0,0,0,0,0,0,0,0,0,0,0,0
ant-design/ant-design-pro,eebbd3f99240ca5b7e8f6d6739d023eea360709b,ant-design-pro,5.0.0,4.2.2,1625366677,75,0,0,0,0,0,0,0,0,0,0,0,0,0
ant-design/ant-design-pro,be78b1f13cf9079855ed7426ab19f78e3b5cf2b1,ant-design-pro,5.0.0,4.2.2,1625369888,75,0,0,0,0,0,0,0,0,0,0,0,0,0
ant-design/ant-design-pro,7128e9d012ebadd380e802f9cdcdc9cdfaca0d7c,ant-design-pro,5.0.0,4.2.2,1625394226,75,0,0,0,0,0,0,0,0,0,0,0,0,0
ant-design/ant-design-pro,0900e7653fab6dae7aad2376912006fa7919514d,ant-design-pro,5.0.0,4.2.2,1625400042,75,0,0,0,0,0,0,0,0,0,0,0,0,0
ant-design/ant-design-pro,cb51ab7668125308689b3cf46decf5eb81a45c08,ant-design-pro,5.0.0,4.2.2,1625647946,75,0,0,0,0,0,0,0,0,0,0,0,0,0
ant-design/ant-design-pro,d856c71f2a1b2441da9bd44a1212de619641e0b2,ant-design-pro,5.0.0,4.2.2,1625799979,75,0,0,0,0,0,0,0,0,0,0,0,0,0
ant-design/ant-design-pro,2fd179795bda2c0553de5b23184b86bf646971bd,ant-design-pro,5.0.0,4.2.2,1625799991,75,0,0,0,0,0,0,0,0,0,0,0,0,0
ant-design/ant-design-pro,542e508db07f2e030935fd6788b2e689dd240d48,ant-design-pro,5.0.0,4.2.2,1625809880,75,0,0,0,0,0,0,0,0,0,0,0,0,0
ant-design/ant-design-pro,dbfe938c92819281ee58b37b0a7340a0f4292a3a,ant-design-pro,5.0.0,4.2.2,1626053394,75,0,0,0,0,0,0,0,0,0,0,0,0,0
ant-design/ant-design-pro,0761f04604e3e6f426413aad887ca965fbe5937e,ant-design-pro,5.0.0,4.2.2,1626070425,75,0,0,0,0,0,0,0,0,0,0,0,0,0
ant-design/ant-design-pro,39560f05135971b338533f95ef191a2adc76102f,ant-design-pro,5.0.0,4.2.2,1626071470,75,0,0,0,0,0,0,0,0,0,0,0,0,0
ant-design/ant-design-pro,7471df6a8496f160652734a18682fe1296a5fc0e,ant-design-pro,5.0.0,4.2.2,1626072360,75,0,0,0,0,0,0,0,0,0,0,0,0,0
ant-design/ant-design-pro,232488fb82f039d885f23339c8a0914a20cea2f4,ant-design-pro,5.0.0,4.2.2,1626074440,75,0,0,0,0,0,0,0,0,0,0,0,0,0
ant-design/ant-design-pro,cd154c146753a882adb6c8c0010bf85deb829482,ant-design-pro,5.0.0,4.2.2,1626074515,75,0,0,0,0,0,0,0,0,0,0,0,0,0
ant-design/ant-design-pro,8f1807c3a0206b08095d564754622a6190e3bb87,ant-design-pro,5.0.0,4.2.2,1626079485,75,0,0,0,0,0,0,0,0,0,0,0,0,0
ant-design/ant-design-pro,61299e7c5c4cbf355f95ec068766cc53979ffcea,ant-design-pro,5.0.0,4.2.2,1626087464,75,0,0,0,0,0,0,0,0,0,0,0,0,0
ant-design/ant-design-pro,1dd7113439ceb2b2e156834b16e2712d3bd08273,ant-design-pro,5.0.0,4.2.2,1626145776,83,0,0,0,0,0,0,0,0,0,0,0,0,0
ant-design/ant-design-pro,965cf49783dd3391a67a76a8a67b96898ccd6852,ant-design-pro,5.0.0,4.2.2,1626146187,83,0,0,0,0,0,0,0,0,0,0,0,0,0
ant-design/ant-design-pro,64c4f05cb4cbbfecb52560d29c39c448091cd5a9,ant-design-pro,5.0.0,4.2.2,1626156566,83,0,0,0,0,0,0,0,0,0,0,0,0,0
ant-design/ant-design-pro,12cf2f9a62ba782c94c4d4d916129546181b99d7,ant-design-pro,5.0.0,4.2.2,1626167364,83,0,0,0,0,0,0,0,0,0,0,0,0,0
ant-design/ant-design-pro,8f9ce1bdf461113f854ab8dec762e61acedbf1d8,ant-design-pro,5.0.0,4.2.2,1626170341,83,0,0,0,0,0,0,0,0,0,0,0,0,0
ant-design/ant-design-pro,e211eac73b4f22a3b06b05f0d180bc0f9d267ef8,ant-design-pro,5.0.0,4.2.2,1626175728,83,0,0,0,0,0,0,0,0,0,0,0,0,0
ant-design/ant-design-pro,26c5ecce9e305ae2fdc47a82b7b008b2e0e9434a,ant-design-pro,5.0.0,4.2.2,1626342665,83,0,0,0,0,0,0,0,0,0,0,0,0,0
ant-design/ant-design-pro,be53d5d8d9576491e2ec9bbc23446eb12e193844,ant-design-pro,5.0.0,4.2.2,1626400945,83,0,0,0,0,0,0,0,0,0,0,0,0,0
ant-design/ant-design-pro,75161358a5adb282b0381cdb41d00b1872f099d8,ant-design-pro,5.0.0,4.2.2,1626760201,83,0,0,0,0,0,0,0,0,0,0,0,0,0
ant-design/ant-design-pro,a1c19302490fd116bb74fccb3eebd7374135c083,ant-design-pro,5.0.0,4.2.2,1626766663,83,0,0,0,0,0,0,0,0,0,0,0,0,0
ant-design/ant-design-pro,fd65114f6b76c29b87e196a3cd0114d613247d28,ant-design-pro,5.0.0,4.2.2,1626841235,83,0,0,0,0,0,0,0,0,0,0,0,0,0
ant-design/ant-design-pro,f40d2aa1ee2da99b748468aef208fceac3f62ff3,ant-design-pro,5.0.0,4.2.2,1626841274,83,0,0,0,0,0,0,0,0,0,0,0,0,0
ant-design/ant-design-pro,88950d264e2a9cabc0e42e2b26e964e35feb2625,ant-design-pro,5.0.0,4.2.2,1626841480,83,0,0,0,0,0,0,0,0,0,0,0,0,0
ant-design/ant-design-pro,8658b51fb03c308e1bfe185c7a264688b34e8a14,ant-design-pro,5.0.0,4.2.2,1627309892,83,0,0,0,0,0,0,0,0,0,0,0,0,0
ant-design/ant-design-pro,4d1edb92a51ae225105552122ed533c024b43904,ant-design-pro,5.0.0,4.2.2,1627353616,83,0,0,0,0,0,0,0,0,0,0,0,0,0
ant-design/ant-design-pro,73d493098f3e1ddd6298e2bd2d4b557e24fe642d,ant-design-pro,5.0.0,4.2.2,1627364408,83,0,0,0,0,0,0,0,0,0,0,0,0,0
ant-design/ant-design-pro,319d889bbe6789477e4c430fb881558c25b43f1b,ant-design-pro,5.0.0,4.2.2,1627375010,83,0,0,0,0,0,0,0,0,0,0,0,0,0
ant-design/ant-design-pro,922b92b849866d10931534de5ecf0c59515851e1,ant-design-pro,5.0.0,4.2.2,1627380516,83,0,0,0,0,0,0,0,0,0,0,0,0,0
ant-design/ant-design-pro,3729ce43a658a8ecbfd0464130885fecf7aedd86,ant-design-pro,5.0.0,4.2.2,1627880012,83,0,0,0,0,0,0,0,0,0,0,0,0,0
ant-design/ant-design-pro,99858d2b100417e0917805e702ec748b398d92c1,ant-design-pro,5.0.0,4.2.2,1627907872,83,0,0,0,0,0,0,0,0,0,0,0,0,0
ant-design/ant-design-pro,fb04960c9d6f0810821f829003e90e6fc4c7abb3,ant-design-pro,5.0.0,4.2.2,1627992413,83,0,0,0,0,0,0,0,0,0,0,0,0,0
ant-design/ant-design-pro,26b4ea67e95520114c45b74ce41a8af265792bb7,ant-design-pro,5.0.0,4.2.2,1628042880,83,0,0,0,0,0,0,0,0,0,0,0,0,0
ant-design/ant-design-pro,eaf692a63188644df51d172989b0065a0ed3ba51,ant-design-pro,5.0.0,4.2.2,1628163641,83,0,0,0,0,0,0,0,0,0,0,0,0,0
ant-design/ant-design-pro,089e28aed2ae29e28641ea729ebd7624afd848c3,ant-design-pro,5.0.0,4.2.2,1628165290,83,0,0,0,0,0,0,0,0,0,0,0,0,0
ant-design/ant-design-pro,cf6eab726e0575a35a08cc187bcbd64310391f18,ant-design-pro,5.0.0,4.2.2,1628165476,83,0,0,0,0,0,0,0,0,0,0,0,0,0
ant-design/ant-design-pro,6c313e188075d545e58a3fe5ec938a34df2bf35f,ant-design-pro,5.0.0,4.2.2,1628660314,83,0,0,0,0,0,0,0,0,0,0,0,0,0
ant-design/ant-design-pro,98e7a56822f93d92e87b49a3172bacc3adfc0e9c,ant-design-pro,5.0.0,4.2.2,1630672869,83,0,0,0,0,0,0,0,0,0,0,0,0,0
ant-design/ant-design-pro,bd88b8dc22483cf662f15309aaeb77c269a60094,ant-design-pro,5.0.0,4.2.2,1631769028,83,0,0,0,0,0,0,0,0,0,0,0,0,0
ant-design/ant-design-pro,926267e5146c70502c43735d52f2efc33f87be36,ant-design-pro,5.0.0,4.2.2,1631771139,135,0,0,0,0,0,0,0,0,0,0,0,0,0
ant-design/ant-design-pro,5fe0ba7f99530fff50df70632a10371109cc8f85,ant-design-pro,5.0.0,4.2.2,1631860891,83,0,0,0,0,0,0,0,0,0,0,0,0,0
ant-design/ant-design-pro,8ee7e00b40c9fa548bb1204effc10e76b7df9ff6,ant-design-pro,5.0.0,4.2.2,1632730229,135,0,0,0,0,0,0,0,0,0,0,0,0,0
ant-design/ant-design-pro,e517b30637c9bdf5b803b5e79f2cbafa707bdf6a,ant-design-pro,5.0.0,4.2.2,1633790748,135,0,0,0,0,0,0,0,0,0,0,0,0,0
ant-design/ant-design-pro,0322352d0f64b9a23279630ec6a18fd940ecf231,ant-design-pro,5.0.0,4.2.2,1633871471,83,0,0,0,0,0,0,0,0,0,0,0,0,0
ant-design/ant-design-pro,2f5c14a455d6f2adfb83f9ccb583a1398827ccf1,ant-design-pro,5.0.0,4.2.2,1633880201,83,0,0,0,0,0,0,0,0,0,0,0,0,0
ant-design/ant-design-pro,3014171fcb5c204f2436d1737e6caffe197bf93b,ant-design-pro,5.0.0,4.2.2,1633914712,83,0,0,0,0,0,0,0,0,0,0,0,0,0
ant-design/ant-design-pro,718592d93c6672c02e77dc59dbe6adedb338597b,ant-design-pro,5.0.0,4.2.2,1634624147,83,0,0,0,0,0,0,0,0,0,0,0,0,0
ant-design/ant-design-pro,07c15b388623fb38630cfccaa1d9610180169c3f,ant-design-pro,5.0.0,4.2.2,1634702179,83,0,0,0,0,0,0,0,0,0,0,0,0,0
ant-design/ant-design-pro,befd4a035d0aff6ec30d1e9400e9f1794f7e09e5,ant-design-pro,5.0.0,4.2.2,1634807455,83,0,0,0,0,0,0,0,0,0,0,0,0,0
ant-design/ant-design-pro,46415d647733ab10902c840f4827a7f95c10fc97,ant-design-pro,5.0.0,4.2.2,1635384668,83,0,0,0,0,0,0,0,0,0,0,0,0,0
ant-design/ant-design-pro,8e3431b93b5f3ce2ef6f465e4b78f8b7f55c8cd4,ant-design-pro,5.0.0,4.2.2,1636599819,83,0,0,0,0,0,0,0,0,0,0,0,0,0
ant-design/ant-design-pro,782cb520a0bda0b7ecb745de7a821be04b26bd12,ant-design-pro,5.0.0,4.2.2,1636600027,83,0,0,0,0,0,0,0,0,0,0,0,0,0
ant-design/ant-design-pro,3e5903491b09a70b5757ad6fc6b40b9259f592b5,ant-design-pro,5.0.0,4.2.2,1636943774,83,0,0,0,0,0,0,0,0,0,0,0,0,0
ant-design/ant-design-pro,9d1b63594046d429c53eb397b9a3ce23967c260f,ant-design-pro,5.0.0,4.2.2,1636958658,83,0,0,0,0,0,0,0,0,0,0,0,0,0
ant-design/ant-design-pro,5b1cadead3d203083b223f7fab6b70b5c097694b,ant-design-pro,5.0.0,4.2.2,1636981480,83,0,0,0,0,0,0,0,0,0,0,0,0,0
ant-design/ant-design-pro,be345dc8e6a271fe4f5e62a512f8a3225ff22cb0,ant-design-pro,5.0.0,4.2.2,1636982085,83,0,0,0,0,0,0,0,0,0,0,0,0,0
ant-design/ant-design-pro,f6b856c30960fc6b8b7a865cf93a465b291d5a8a,ant-design-pro,5.0.0,4.2.2,1636982946,83,0,0,0,0,0,0,0,0,0,0,0,0,0
ant-design/ant-design-pro,1e5bd2fbdbe94a2930cf1626c1efecf2a39c1187,ant-design-pro,5.0.0,4.2.2,1637818316,135,0,0,0,0,0,0,0,0,0,0,0,0,0
ant-design/ant-design-pro,7a5c54a16a2268866c0a1d96a9ac3eb7ae2ee953,ant-design-pro,5.1.0,4.2.2,1637826387,85,0,0,0,0,0,0,0,0,0,0,0,0,0
ant-design/ant-design-pro,a2d8f88061f3c6600ba0b4e9e4c9a1aa5f4b431f,ant-design-pro,5.1.0,4.2.2,1639985143,85,0,0,0,0,0,0,0,0,0,0,0,0,0
ant-design/ant-design-pro,645d6ed4fd27c6fab55cbf64d2fb2995018bddcb,ant-design-pro,5.2.0,4.2.2,1640161283,85,0,0,0,0,0,0,0,0,0,0,0,0,0
ant-design/ant-design-pro,d56219f9c4b77d6209a39bd37f4f6987510b4944,ant-design-pro,5.2.0,4.2.2,1640165466,85,0,0,0,0,0,0,0,0,0,0,0,0,0
ant-design/ant-design-pro,8442881395faded4112a74c16733cd2466b33d54,ant-design-pro,5.2.0,4.5.0,1640758964,85,0,0,0,0,0,0,0,0,0,0,0,0,0
ant-design/ant-design-pro,bf9406c6f44fbf3d69c44510c555526333877817,ant-design-pro,5.2.0,4.5.0,1641189379,85,0,0,0,0,0,0,0,0,0,0,0,0,0
ant-design/ant-design-pro,50ee90f646e02837e28686a090e3a011a30228a4,ant-design-pro,5.2.0,4.5.0,1641865943,85,0,0,0,0,0,0,0,0,0,0,0,0,0
ant-design/ant-design-pro,d4391552c1787fae3df6bf60244387f0ff3e07bf,ant-design-pro,5.2.0,4.5.0,1641868345,85,0,0,0,0,0,0,0,0,0,0,0,0,0
ant-design/ant-design-pro,8342e01afc03c85c32c7368ad880bb96c8677c47,ant-design-pro,5.2.0,4.5.0,1644565811,85,0,0,0,0,0,0,0,0,0,0,0,0,0
ant-design/ant-design-pro,86b7c871f254dd3178de06818f4d387af8c05b4f,ant-design-pro,5.2.0,4.5.0,1644828423,85,0,0,0,0,0,0,0,0,0,0,0,0,0
ant-design/ant-design-pro,f1c9c3856f4bdc660697d8b2176f8d2d05ad31ea,ant-design-pro,5.2.0,4.5.0,1644835797,85,0,0,0,0,0,0,0,0,0,0,0,0,0
ant-design/ant-design-pro,59499f682bca8d9c375d97726d1f02ef88277038,ant-design-pro,5.2.0,4.5.0,1645010092,85,0,0,0,0,0,0,0,0,0,0,0,0,0
ant-design/ant-design-pro,4df99f17be8864510de493ebeaaac97452fb160e,ant-design-pro,5.2.0,4.5.0,1645355510,85,0,0,0,0,0,0,0,0,0,0,0,0,0
ant-design/ant-design-pro,84883f56506c6d10187d5e266e3b55770ec79b32,ant-design-pro,5.2.0,4.5.0,1647927865,85,0,0,0,0,0,0,0,0,0,0,0,0,0
ant-design/ant-design-pro,9d8b711605a280d4339f29ab2dfb83851061ef98,ant-design-pro,5.2.0,4.5.0,1648383626,85,0,0,0,0,0,0,0,0,0,0,0,0,0
ant-design/ant-design-pro,a2f83ca834a1cdaace8f779eba0e85f515969e75,ant-design-pro,5.2.0,4.5.0,1648609196,85,0,0,0,0,0,0,0,0,0,0,0,0,0
ant-design/ant-design-pro,c0eb9d15a0a56d2ae96bec29685a77316f858e21,ant-design-pro,5.2.0,4.5.0,1648635632,85,0,0,0,0,0,0,0,0,0,0,0,0,0
ant-design/ant-design-pro,9f16dae8d7dd4e372aeb8d477d5b86a36710a669,ant-design-pro,5.2.0,4.5.0,1649240856,85,0,0,0,0,0,0,0,0,0,0,0,0,0
ant-design/ant-design-pro,0d8a78874db153184a95a3c3207f1553667bac67,ant-design-pro,5.2.0,4.5.0,1649384333,85,0,0,0,0,0,0,0,0,0,0,0,0,0
ant-design/ant-design-pro,683f75159d06f3dab45f4d8a1f92d6fb6c2f8f08,ant-design-pro,5.2.0,4.5.0,1649385000,85,0,0,0,0,0,0,0,0,0,0,0,0,0
ant-design/ant-design-pro,5c27efd965b450bde0c7a05f2a4b3531ae907279,ant-design-pro,5.2.0,4.5.0,1650267865,85,0,0,0,0,0,0,0,0,0,0,0,0,0
ant-design/ant-design-pro,10ced8124d0a9100eddc5c8f29509f9fe76a6a4b,ant-design-pro,5.2.0,4.5.0,1650269737,85,0,0,0,0,0,0,0,0,0,0,0,0,0
ant-design/ant-design-pro,d160dc04a543b484edf031f8aaa18833fdbfcc29,ant-design-pro,5.2.0,4.5.0,1650896478,85,0,0,0,0,0,0,0,0,0,0,0,0,0
ant-design/ant-design-pro,8adf6dd24488bb23da2cb4c9d8b2c6ec4ebb71c9,ant-design-pro,5.2.0,4.5.0,1650938684,137,0,0,0,0,0,0,0,0,0,0,0,0,0
ant-design/ant-design-pro,61dac4ddabc63554919eb10e9d83febc82f0dd13,ant-design-pro,5.2.0,4.5.0,1652163839,85,0,0,0,0,0,0,0,0,0,0,0,0,0
ant-design/ant-design-pro,e13466a6f8d44e4e49065e282b5517db6203c54c,ant-design-pro,5.2.0,4.5.0,1652163988,137,0,0,0,0,0,0,0,0,0,0,0,0,0
ant-design/ant-design-pro,f701c2edbb423e9dc38e6be10ed2dfa4fb784931,ant-design-pro,5.2.0,4.5.0,1652164004,85,0,0,0,0,0,0,0,0,0,0,0,0,0
ant-design/ant-design-pro,e0d9452edafdf06a38922b85c82a85ccfd24a46b,ant-design-pro,5.2.0,4.5.0,1652164021,85,0,0,0,0,0,0,0,0,0,0,0,0,0
ant-design/ant-design-pro,e608b880e21d38be8b093fb6bcb3f9735991160a,ant-design-pro,5.2.0,4.5.0,1652193215,85,0,0,0,0,0,0,0,0,0,0,0,0,0
ant-design/ant-design-pro,a806c0135ce248f0eb67d7fc73600dc5f890113f,ant-design-pro,5.2.0,4.5.0,1652194085,85,0,0,0,0,0,0,0,0,0,0,0,0,0
ant-design/ant-design-pro,f648a6e7f6cdb67be8b3c3d69efdba7acbfc322b,ant-design-pro,5.2.0,4.5.0,1653035748,85,0,0,0,0,0,0,0,0,0,0,0,0,0
ant-design/ant-design-pro,d3f021945e6c1b6a720d564e85eeb2910cad5437,ant-design-pro,5.2.0,4.5.0,1653060429,85,0,0,0,0,0,0,0,0,0,0,0,0,0
ant-design/ant-design-pro,2d900d4848b97afffdf0e626a60de2276f434d59,ant-design-pro,5.2.0,4.5.0,1654052030,85,0,0,0,0,0,0,0,0,0,0,0,0,0
ant-design/ant-design-pro,383bc278c345a75d633ba56e51f2c86545dfcbb2,ant-design-pro,5.2.0,4.5.0,1655356908,85,0,0,0,0,0,0,0,0,0,0,0,0,0
ant-design/ant-design-pro,9e471da19ff9c5c7965c9948541392312e7f0673,ant-design-pro,5.2.0,4.5.0,1655528230,85,0,0,0,0,0,0,0,0,0,0,0,0,0
ant-design/ant-design-pro,bc23134d7e6ceceaa128f49368a81f5a264a803a,ant-design-pro,5.2.0,4.5.0,1656221017,85,0,0,0,0,0,0,0,0,0,0,0,0,0
ant-design/ant-design-pro,a8181ed48236f7dd3d5f4c505db9f8aeeb76d1f5,ant-design-pro,5.2.0,4.5.0,1656221330,85,0,0,0,0,0,0,0,0,0,0,0,0,0
ant-design/ant-design-pro,486635ef7675226a17335aa49a6d0c80880bfa0b,ant-design-pro,5.2.0,4.5.0,1656221590,85,0,0,0,0,0,0,0,0,0,0,0,0,0
ant-design/ant-design-pro,df51053a21fbd01b10765a8c6c7fe24c0b38dac4,ant-design-pro,6.0.0-beta.0,4.5.0,1656299446,84,0,0,0,0,0,0,0,0,0,0,0,0,0
ant-design/ant-design-pro,ff7de6a2f141cf639fe063f62eac694541fdb0c8,ant-design-pro,6.0.0-beta.0,4.5.0,1656304572,221,0,0,0,0,0,0,0,0,0,0,0,0,0
ant-design/ant-design-pro,512b4744d010072494191da93d2ed5142df7fa2a,ant-design-pro,6.0.0-beta.0,4.5.0,1656304599,84,0,0,0,0,0,0,0,0,0,0,0,0,0
ant-design/ant-design-pro,860949e71c5eeba4ff61b3c952d803132697d26b,ant-design-pro,6.0.0-beta.1,4.5.0,1656304624,84,0,0,0,0,0,0,0,0,0,0,0,0,0
ant-design/ant-design-pro,aee0be1c8728aaf4d6b87ff27ba3a63ad680c567,ant-design-pro,6.0.0-beta.1,4.5.0,1656307856,84,0,0,0,0,0,0,0,0,0,0,0,0,0
ant-design/ant-design-pro,b5ec33c2af0733d492b74a77db04041fc145d6ec,ant-design-pro,6.0.0-beta.1,4.5.0,1656307900,84,0,0,0,0,0,0,0,0,0,0,0,0,0
ant-design/ant-design-pro,d275684222421474950d519711d0b69fddb08978,ant-design-pro,6.0.0-beta.1,4.5.0,1656411897,84,0,0,0,0,0,0,0,0,0,0,0,0,0
ant-design/ant-design-pro,2ba0a62ff5a29fc4cf81cb56a079a4a9e4cef769,ant-design-pro,6.0.0-beta.1,4.5.0,1656469507,84,0,0,0,0,0,0,0,0,0,0,0,0,0
ant-design/ant-design-pro,de6743c30a9f94eac4205c52a7662e22133b3f81,ant-design-pro,6.0.0-beta.1,4.5.0,1656485090,84,0,0,0,0,0,0,0,0,0,0,0,0,0
ant-design/ant-design-pro,36f7400a1f7f584caa5f40f29c752ed6c2a1d40a,ant-design-pro,6.0.0-beta.1,4.5.0,1656485099,84,0,0,0,0,0,0,0,0,0,0,0,0,0
ant-design/ant-design-pro,f82338dc6236e8a16359537b5d1aa3a8f288857a,ant-design-pro,6.0.0-beta.1,4.5.0,1656593036,84,0,0,0,0,0,0,0,0,0,0,0,0,0
ant-design/ant-design-pro,dc6a04874b173661abd5b1d1c13b1c039e0a145f,ant-design-pro,6.0.0-beta.1,4.5.0,1656843515,84,0,0,0,0,0,0,0,0,0,0,0,0,0
ant-design/ant-design-pro,549381f39ee3641c37159f966a8d1f1fa8bdddba,ant-design-pro,6.0.0-beta.1,4.5.0,1656853257,84,0,0,0,0,0,0,0,0,0,0,0,0,0
ant-design/ant-design-pro,17a05794e2f8ff3e441cb36809d7e8b49ee6ce4e,ant-design-pro,6.0.0-beta.1,4.5.0,1656855102,84,0,0,0,0,0,0,0,0,0,0,0,0,0
ant-design/ant-design-pro,5f833745cf2bad25bfa4be76814787a6093c7f3c,ant-design-pro,6.0.0-beta.1,4.5.0,1656855166,84,0,0,0,0,0,0,0,0,0,0,0,0,0
ant-design/ant-design-pro,0898152f8e361e9d463907bd39dc55b6e9e34c14,ant-design-pro,6.0.0-beta.1,4.5.0,1656855211,84,0,0,0,0,0,0,0,0,0,0,0,0,0
ant-design/ant-design-pro,75b403414756eca9c174d1d1f82b2d9ac9e8df84,ant-design-pro,6.0.0-beta.1,4.5.0,1656859289,84,0,0,0,0,0,0,0,0,0,0,0,0,0
ant-design/ant-design-pro,444ad944c2b39661d0b95d6d028f1564a8fcd9d0,ant-design-pro,6.0.0-beta.1,4.5.0,1656905306,84,0,0,0,0,0,0,0,0,0,0,0,0,0
ant-design/ant-design-pro,89485358547a40a623e2f2c3ba1f2e096bba8e75,ant-design-pro,6.0.0-beta.1,4.5.0,1656911929,84,0,0,0,0,0,0,0,0,0,0,0,0,0
ant-design/ant-design-pro,3c19ae654ae89124c01f580a8b88d3599ded6bbe,ant-design-pro,6.0.0-beta.1,4.5.0,1657505708,84,0,0,0,0,0,0,0,0,0,0,0,0,0
ant-design/ant-design-pro,86bc6d855e3e7f2d3c41c4b7f876ba668d794dd5,ant-design-pro,6.0.0-beta.1,4.5.0,1657507120,84,0,0,0,0,0,0,0,0,0,0,0,0,0
ant-design/ant-design-pro,dab9fd9cf147dbe33bfc43a253932c4475f1b663,ant-design-pro,6.0.0-beta.1,4.5.0,1657507134,84,0,0,0,0,0,0,0,0,0,0,0,0,0
ant-design/ant-design-pro,c390570f959ed092d77a489c06395a6fa9691c68,ant-design-pro,6.0.0-beta.1,4.5.0,1657507432,84,0,0,0,0,0,0,0,0,0,0,0,0,0
ant-design/ant-design-pro,9edc9ccadbddf4b59cca0c03d5ec8977ac16abaa,ant-design-pro,6.0.0-beta.1,4.5.0,1657509789,85,0,0,0,0,0,0,0,0,0,0,0,0,0
ant-design/ant-design-pro,cf3bbcffd3e30c713c7540fcee125da393907662,ant-design-pro,6.0.0-beta.1,4.5.0,1657509925,86,0,0,0,0,0,0,0,0,0,0,0,0,0
ant-design/ant-design-pro,c4009b64ecd517fe4e17fbf71a89de53197d24a7,ant-design-pro,6.0.0-beta.1,4.5.0,1658112736,86,0,0,0,0,0,0,0,0,0,0,0,0,0
ant-design/ant-design-pro,1052141e55f455c9e4b0813b0f1a162d0e4c92e3,ant-design-pro,6.0.0-beta.1,4.5.0,1658374163,86,0,0,0,0,0,0,0,0,0,0,0,0,0
ant-design/ant-design-pro,6474ea1ceec4df60af2d9a30e6aa418be5da3b5a,ant-design-pro,6.0.0-beta.1,4.5.0,1658374196,86,0,0,0,0,0,0,0,0,0,0,0,0,0
ant-design/ant-design-pro,fb0cb6bc9da7d0c076f87485408b68cac7b836f9,ant-design-pro,6.0.0-beta.1,4.5.0,1658374206,86,0,0,0,0,0,0,0,0,0,0,0,0,0
ant-design/ant-design-pro,e574be874f2a9f1022bc41f439cbd3618d57b724,ant-design-pro,6.0.0-beta.1,4.5.0,1658374225,86,0,0,0,0,0,0,0,0,0,0,0,0,0
ant-design/ant-design-pro,c77820812e215bdab149f5aae529f615790c33df,ant-design-pro,6.0.0-beta.1,4.5.0,1658385133,86,0,0,0,0,0,0,0,0,0,0,0,0,0
ant-design/ant-design-pro,730edecad4f11e92b843529e28a549bbc4cbf6fa,ant-design-pro,6.0.0-beta.1,4.5.0,1658488276,86,0,0,0,0,0,0,0,0,0,0,0,0,0
ant-design/ant-design-pro,339511c085b23873d1e7fd946d598d1da37386bc,ant-design-pro,6.0.0-beta.1,4.5.0,1659377457,86,0,0,0,0,0,0,0,0,0,0,0,0,0
ant-design/ant-design-pro,d5808b442facc5d50fde882f9b4f90c1c1ca0d5f,ant-design-pro,6.0.0-beta.1,4.5.0,1659924648,86,0,0,0,0,0,0,0,0,0,0,0,0,0
ant-design/ant-design-pro,4e78664e121b573474558a27a8efe85df8bb9b10,ant-design-pro,6.0.0-beta.1,4.5.0,1659925083,86,0,0,0,0,0,0,0,0,0,0,0,0,0
ant-design/ant-design-pro,0fd1403f8658c715361e0f5c81eb9348ee176198,ant-design-pro,6.0.0-beta.1,4.5.0,1659938651,86,0,0,0,0,0,0,0,0,0,0,0,0,0
ant-design/ant-design-pro,f28188473de34fc9388eba2f2dcf11884d7a7992,ant-design-pro,6.0.0-beta.1,4.5.0,1661225877,86,0,0,0,0,0,0,0,0,0,0,0,0,0
ant-design/ant-design-pro,407c9308eb996016377d5724f8ec2b9a24c217a8,ant-design-pro,6.0.0-beta.1,4.5.0,1661257481,86,0,0,0,0,0,0,0,0,0,0,0,0,0
ant-design/ant-design-pro,b28bc59969cfb88643930576914c246536d0ae93,ant-design-pro,6.0.0-beta.1,4.5.0,1662018460,86,0,0,0,0,0,0,0,0,0,0,0,0,0
ant-design/ant-design-pro,e02aa4ed2f2e209fd50c31568d9d24f1f3c8d501,ant-design-pro,6.0.0-beta.1,4.5.0,1662450391,86,0,0,0,0,0,0,0,0,0,0,0,0,0
ant-design/ant-design-pro,7c3f45f6eec3177ae66f59629c0cafd44fcecbe5,ant-design-pro,6.0.0-beta.1,4.5.0,1662450522,86,0,0,0,0,0,0,0,0,0,0,0,0,0
ant-design/ant-design-pro,7d51aeb221f5c206e7342cb53d7e2ceb08a6b156,ant-design-pro,6.0.0-beta.1,4.5.0,1662450603,86,0,0,0,0,0,0,0,0,0,0,0,0,0
ant-design/ant-design-pro,c96a2f15d43141b4286dc0bdae7b65ec9373e8a0,ant-design-pro,6.0.0-beta.1,4.5.0,1663663998,86,0,0,0,0,0,0,0,0,0,0,0,0,0
ant-design/ant-design-pro,da301fa212853a528318619c282f7080a3c29a17,ant-design-pro,6.0.0-beta.1,4.5.0,1663814469,86,0,0,0,0,0,0,0,0,0,0,0,0,0
ant-design/ant-design-pro,4c191edffe447527eb1c32ac2b513d804dffdf99,ant-design-pro,6.0.0-beta.1,4.5.0,1663814534,86,0,0,0,0,0,0,0,0,0,0,0,0,0
ant-design/ant-design-pro,b2d8e0c710075195dfa41cd3070cd9106f678d14,ant-design-pro,6.0.0-beta.1,4.5.0,1663817504,86,0,0,0,0,0,0,0,0,0,0,0,0,0
ant-design/ant-design-pro,23cfee4c98dee7e84080c61724538c975b91c2ad,ant-design-pro,6.0.0-beta.1,4.5.0,1663923773,86,0,0,0,0,0,0,0,0,0,0,0,0,0
ant-design/ant-design-pro,b9163aeedd4d099b4af19bdb8378f6e9c0fad260,ant-design-pro,6.0.0-beta.1,4.5.0,1663999218,86,0,0,0,0,0,0,0,0,0,0,0,0,0
ant-design/ant-design-pro,065c912d3df3d615d6bc01e5e5c95c0558d6c457,ant-design-pro,6.0.0-beta.1,4.5.0,1664003956,86,0,0,0,0,0,0,0,0,0,0,0,0,0
ant-design/ant-design-pro,00151a634b3b13c712be2d9b4cfe4bf7369ee5da,ant-design-pro,6.0.0-beta.1,4.5.0,1664004882,86,0,0,0,0,0,0,0,0,0,0,0,0,0
ant-design/ant-design-pro,84963741a6e3730d1588b35f7a437942fb4ede8b,ant-design-pro,6.0.0-beta.1,4.5.0,1664004928,86,0,0,0,0,0,0,0,0,0,0,0,0,0
ant-design/ant-design-pro,6200e1dbeb64589620dfe42e687f4dee4771805b,ant-design-pro,6.0.0-beta.1,4.5.0,1664507878,86,0,0,0,0,0,0,0,0,0,0,0,0,0
ant-design/ant-design-pro,5963d69f904223ace1c2d579811b21e2daed5a7a,ant-design-pro,6.0.0-beta.1,4.8.4,1665885530,86,0,0,0,0,0,0,0,0,0,0,0,0,0
ant-design/ant-design-pro,c82145f2a6f9060abeda89a6dd0e7ec26eb4e780,ant-design-pro,6.0.0-beta.1,4.8.4,1665920649,86,0,0,0,0,0,0,0,0,0,0,0,0,0
ant-design/ant-design-pro,25d026ac827c873f2c8d8795dfc87e646477d074,ant-design-pro,6.0.0-beta.1,4.8.4,1666319384,86,0,0,0,0,0,0,0,0,0,0,0,0,0
ant-design/ant-design-pro,24840617ec7a9016bf962f4c1fc092d64427c9b7,ant-design-pro,6.0.0-beta.1,4.8.4,1666850495,86,0,0,0,0,0,0,0,0,0,0,0,0,0
ant-design/ant-design-pro,2073e15c186221c0c392a4b09a62176a19b4fc82,ant-design-pro,6.0.0-beta.1,4.8.4,1667551280,85,0,0,0,0,0,0,0,0,0,0,0,0,0
ant-design/ant-design-pro,729fe0d329c1a0893f7ada48945698a182431d11,ant-design-pro,6.0.0-beta.1,4.8.4,1667553642,85,0,0,0,0,0,0,0,0,0,0,0,0,0
ant-design/ant-design-pro,70db01afb2a4053fcf000ee0728fab2f169d6204,ant-design-pro,6.0.0-beta.1,4.8.4,1667554125,85,0,0,0,0,0,0,0,0,0,0,0,0,0
ant-design/ant-design-pro,a5ed98360f131481fa8c4b43bf32cb758aff29c2,ant-design-pro,6.0.0-beta.1,4.8.4,1667554251,86,0,0,0,0,0,0,0,0,0,0,0,0,0
ant-design/ant-design-pro,d4f592efe3baa7659bf5dd11b4254ef67aa6b231,ant-design-pro,6.0.0-beta.1,4.8.4,1667554751,85,0,0,0,0,0,0,0,0,0,0,0,0,0
ant-design/ant-design-pro,06fb730603634e50ee8b7ea921aaa87dc5b1c071,ant-design-pro,6.0.0-beta.1,4.8.4,1667554765,85,0,0,0,0,0,0,0,0,0,0,0,0,0
ant-design/ant-design-pro,9e19dda3f8bf5459f0bc52cf6efcb540e37b8a84,ant-design-pro,6.0.0-beta.1,4.8.4,1667638383,85,0,0,0,0,0,0,0,0,0,0,0,0,0
ant-design/ant-design-pro,feec23f3274d533b4004463a9d6c1bbc941e88b1,ant-design-pro,6.0.0-beta.1,4.8.4,1667789261,85,0,0,0,0,0,0,0,0,0,0,0,0,0
ant-design/ant-design-pro,6641f4424fa16f4306d0cb4c671c56b58107fc9a,ant-design-pro,6.0.0-beta.1,4.8.4,1667900873,86,0,0,0,0,0,0,0,0,0,0,0,0,0
ant-design/ant-design-pro,aec81f4158c08d96d7871620be21b6cf3eec6457,ant-design-pro,6.0.0-beta.1,4.8.4,1667900974,85,0,0,0,0,0,0,0,0,0,0,0,0,0
ant-design/ant-design-pro,ea0b85bee7d860d6de713daf06817e1f16c867cf,ant-design-pro,6.0.0-beta.1,4.8.4,1667921166,85,0,0,0,0,0,0,0,0,0,0,0,0,0
ant-design/ant-design-pro,16a9885f0b025944052958824cd6c0072f679a1b,ant-design-pro,6.0.0-beta.1,4.8.4,1668675297,85,0,0,0,0,0,0,0,0,0,0,0,0,0
ant-design/ant-design-pro,9d018aae5cbb3be84d83e5d1617ffbdd9ba9439d,ant-design-pro,6.0.0-beta.1,4.8.4,1668842571,86,0,0,0,0,0,0,0,0,0,0,0,0,0
ant-design/ant-design-pro,28ae430f16d9dc4ab0b91a095df6102be60af650,ant-design-pro,6.0.0-beta.1,4.8.4,1668842590,86,0,0,0,0,0,0,0,0,0,0,0,0,0
ant-design/ant-design-pro,0f4935f4d169caee99d335b1d5a665ca9638f229,ant-design-pro,6.0.0-beta.1,4.8.4,1669803031,86,0,0,0,0,0,0,0,0,0,0,0,0,0
ant-design/ant-design-pro,5177d3382c3dd71594c267501a23ecb6517e6d1c,ant-design-pro,6.0.0,4.8.4,1670899508,86,0,0,0,0,0,0,0,0,0,0,0,0,0
ant-design/ant-design-pro,b8cf69055ade57916623ab45501eb0475b8e7098,ant-design-pro,6.0.0,4.8.4,1670900045,86,0,0,0,0,0,0,0,0,0,0,0,0,0
ant-design/ant-design-pro,a5c65f7eba8fcd81c8c2d2711f1b9e134858145b,ant-design-pro,6.0.0,4.8.4,1671115145,86,0,0,0,0,0,0,0,0,0,0,0,0,0
ant-design/ant-design-pro,97b2d872dba6c931cbc0329f8c2e8d2b39f52371,ant-design-pro,5.2.0,4.5.0,1671606078,138,0,0,0,0,0,0,0,0,0,0,0,0,0
ant-design/ant-design-pro,c35ce8fa5846e43dc71fb9152c4603954eba1488,ant-design-pro,5.2.0,4.5.0,1671606521,138,0,0,0,0,0,0,0,0,0,0,0,0,0
ant-design/ant-design-pro,bd93eb0a2f18027a015dec9391581e0216876769,ant-design-pro,6.0.0,4.8.4,1672195607,86,0,0,0,0,0,0,0,0,0,0,0,0,0
ant-design/ant-design-pro,78c90346b0436b3f90f8c28a8eb6d06761644630,ant-design-pro,6.0.0,4.8.4,1672195644,86,0,0,0,0,0,0,0,0,0,0,0,0,0
ant-design/ant-design-pro,0b4b0b14ba70d31fd796f6464bfb06db326942c9,ant-design-pro,6.0.0,4.8.4,1672195672,86,0,0,0,0,0,0,0,0,0,0,0,0,0
ant-design/ant-design-pro,fdeb2410017e81a0cdd4bd9bc0120be24452d322,ant-design-pro,5.2.0,4.5.0,1672207499,138,0,0,0,0,0,0,0,0,0,0,0,0,0
ant-design/ant-design-pro,ae33eff564fcb5fff6c9e07ec788daf0b2b8c66f,ant-design-pro,5.2.0,4.5.0,1672385490,138,0,0,0,0,0,0,0,0,0,0,0,0,0
ant-design/ant-design-pro,c4a7aab7bbcd8d2bc5e3b729ef0cbaaa0ed933f3,ant-design-pro,5.2.0,4.5.0,1672386299,138,0,0,0,0,0,0,0,0,0,0,0,0,0
