electron-react-boilerplate/electron-react-boilerplate,d608f0144f8d99733b3cc2f3e747f9c0d36e468f,electron-react-boilerplate,0.18.1,,1580079349,0,0,0,0,0,0,0,0,0,0,0,0,0,0
electron-react-boilerplate/electron-react-boilerplate,a007de34f987b3fdd4c864f36af35c304205ef26,electron-react-boilerplate,1.0.0,3.7.5,1582302880,12,0,0,0,0,0,0,0,0,0,0,0,0,0
electron-react-boilerplate/electron-react-boilerplate,41deef4dea87c3f56acefb7f82cbaaa40f3d0b6c,electron-react-boilerplate,1.0.0,3.7.5,1582314501,12,0,0,0,0,0,0,0,0,0,0,0,0,0
electron-react-boilerplate/electron-react-boilerplate,d2340ae22e5016f2559a463cac8d4918baae422b,electron-react-boilerplate,1.0.0,3.7.5,1582318152,12,0,0,0,0,0,0,0,0,0,0,0,0,0
electron-react-boilerplate/electron-react-boilerplate,caa8581eb29e8c2e6cb71ddf37fdffd4d1e37ea8,electron-react-boilerplate,1.0.0,3.7.5,1582321966,12,0,0,0,0,0,0,0,0,0,0,0,0,0
electron-react-boilerplate/electron-react-boilerplate,5f8455deae278a3d5850a7a342f85b850db89f2f,electron-react-boilerplate,1.0.0,3.7.5,1582325362,12,0,0,0,0,0,0,0,0,0,0,0,0,0
electron-react-boilerplate/electron-react-boilerplate,7a145119134dfdab4c91bb811ce992fb090c9839,electron-react-boilerplate,1.0.0,3.7.5,1582679586,12,0,0,0,0,0,0,0,0,0,0,0,0,0
electron-react-boilerplate/electron-react-boilerplate,93050f72b4e619b332579f44528dd1984e720c0c,electron-react-boilerplate,1.0.0,3.7.5,1583026143,12,0,0,0,0,0,0,0,0,0,0,0,0,0
electron-react-boilerplate/electron-react-boilerplate,6bd11a2ec12b2bbed63efe79f921d009d9d4d6f8,electron-react-boilerplate,1.0.0,3.7.5,1583029953,12,0,0,0,0,0,0,0,0,0,0,0,0,0
electron-react-boilerplate/electron-react-boilerplate,6171cf35c51dd6fc099bd6e7445c6a0712f428a7,electron-react-boilerplate,1.0.0,3.7.5,1583036718,12,0,0,0,0,0,0,0,0,0,0,0,0,0
electron-react-boilerplate/electron-react-boilerplate,3644ec0a69b8d85d0e22da654ac791e030c9854d,electron-react-boilerplate,1.0.0,3.7.5,1583042380,12,0,0,0,0,0,0,0,0,0,0,0,0,0
electron-react-boilerplate/electron-react-boilerplate,dfe44517bd591f0ffe41ad57d858c9d7672aaf49,electron-react-boilerplate,1.0.0,3.7.5,1583044459,12,0,0,0,0,0,0,0,0,0,0,0,0,0
electron-react-boilerplate/electron-react-boilerplate,7ef16020ecd67e9e16f5bef48a1c034c67cbddf6,electron-react-boilerplate,1.0.0,3.7.5,1583051651,12,0,0,0,0,0,0,0,0,0,0,0,0,0
electron-react-boilerplate/electron-react-boilerplate,0f98491380bd52a32d70c8b113ff4fae9e42b819,electron-react-boilerplate,1.0.0,3.7.5,1583059213,12,0,0,0,0,0,0,0,0,0,0,0,0,0
electron-react-boilerplate/electron-react-boilerplate,f6cd11deb9ef019cbb51639bc6584ab0db4df4b1,electron-react-boilerplate,1.0.0,3.7.5,1583246494,12,0,0,0,0,0,0,0,0,0,0,0,0,0
electron-react-boilerplate/electron-react-boilerplate,87bc2f232b21e2555788df2e818362bd7dcba831,electron-react-boilerplate,1.0.0,3.7.5,1583769375,12,0,0,0,0,0,0,0,0,0,0,0,0,0
electron-react-boilerplate/electron-react-boilerplate,ba357c3e45520fa8832c5ad0b4e1c55f3883fc13,electron-react-boilerplate,1.0.0,3.7.5,1583773909,12,0,0,0,0,0,0,0,0,0,0,0,0,0
electron-react-boilerplate/electron-react-boilerplate,9bc93bfe3fa77517b5fe6423f5f2d83afba697b8,electron-react-boilerplate,1.0.0,3.7.5,1583854883,12,0,0,0,0,0,0,0,0,0,0,0,0,0
electron-react-boilerplate/electron-react-boilerplate,c240ecabaffb3ddfcb32c7b1970eedb4027caeec,electron-react-boilerplate,1.0.0,3.7.5,1583858627,12,0,0,0,0,0,0,0,0,0,0,0,0,0
electron-react-boilerplate/electron-react-boilerplate,8b1d219b8269e719399573af4ba769b2fb6f346e,electron-react-boilerplate,1.1.0,3.7.5,1583940286,12,0,0,0,0,0,0,0,0,0,0,0,0,0
electron-react-boilerplate/electron-react-boilerplate,061579f98db3c057c598caa9de6e8cb3bb55a3e6,electron-react-boilerplate,1.1.0,3.7.5,1584125872,12,0,0,0,0,0,0,0,0,0,0,0,0,0
electron-react-boilerplate/electron-react-boilerplate,381c54bd86acaa80ea62b15cec11756df7a1a901,electron-react-boilerplate,1.1.0,3.7.5,1584907399,12,0,0,0,0,0,0,0,0,0,0,0,0,0
electron-react-boilerplate/electron-react-boilerplate,782bbd1743fae334c3e816c7dd14e8ff1e8f7d04,electron-react-boilerplate,1.1.0,3.7.5,1585705286,12,0,0,0,0,0,0,0,0,0,0,0,0,0
electron-react-boilerplate/electron-react-boilerplate,c1e348fb26534e267fab17d2997c7a95319f3287,electron-react-boilerplate,1.1.0,3.7.5,1585709715,12,0,0,0,0,0,0,0,0,0,0,0,0,0
electron-react-boilerplate/electron-react-boilerplate,2d3652b808076940fdc77236110907e77e437b21,electron-react-boilerplate,1.1.0,3.7.5,1585712320,12,0,0,0,0,0,0,0,0,0,0,0,0,0
electron-react-boilerplate/electron-react-boilerplate,44c9e86d89534955dcfdd00af5b86b7bd495430a,electron-react-boilerplate,1.1.0,3.7.5,1585715945,12,0,0,0,0,0,0,0,0,0,0,0,0,0
electron-react-boilerplate/electron-react-boilerplate,6bd0ba149f55079eeff12a714410270760d77a9d,electron-react-boilerplate,1.1.0,3.7.5,1585720567,12,0,0,0,0,0,0,0,0,0,0,0,0,0
electron-react-boilerplate/electron-react-boilerplate,63cebabb467400c910acf51fa7a0b9285b7bff22,electron-react-boilerplate,1.1.0,3.7.5,1585722444,12,0,0,0,0,0,0,0,0,0,0,0,0,0
electron-react-boilerplate/electron-react-boilerplate,48c04b31322a3ea3937c913d2da2d6b4841c896f,electron-react-boilerplate,1.1.0,3.7.5,1587793098,12,0,0,0,0,0,0,0,0,0,0,0,0,0
electron-react-boilerplate/electron-react-boilerplate,50f88e6fa5f318be5093f43d0168f377e2d947d8,electron-react-boilerplate,1.1.0,3.7.5,1588297385,12,0,0,0,0,0,0,0,0,0,0,0,0,0
electron-react-boilerplate/electron-react-boilerplate,738c4aa4258a6a44c6c17068224be1f5ebfbcba1,electron-react-boilerplate,1.1.0,3.7.5,1588300680,12,0,0,0,0,0,0,0,0,0,0,0,0,0
electron-react-boilerplate/electron-react-boilerplate,7f5eef5e83b7069f9090bd81669ce9b57d7b9dd8,electron-react-boilerplate,1.1.0,3.7.5,1588304730,12,0,0,0,0,0,0,0,0,0,0,0,0,0
electron-react-boilerplate/electron-react-boilerplate,84d076c663183a21114bdc41465ad426aea799d1,electron-react-boilerplate,1.1.0,3.7.5,1588307360,12,0,0,0,0,0,0,0,0,0,0,0,0,0
electron-react-boilerplate/electron-react-boilerplate,87416bde400da1e88baad9429996a8377ec22fa5,electron-react-boilerplate,1.1.0,3.7.5,1588312006,12,0,0,0,0,0,0,0,0,0,0,0,0,0
electron-react-boilerplate/electron-react-boilerplate,340a704036b41ad6d57e5fe0fdf449004bac2d4a,electron-react-boilerplate,1.1.0,3.7.5,1588318075,12,0,0,0,0,0,0,0,0,0,0,0,0,0
electron-react-boilerplate/electron-react-boilerplate,4c8bd0b252b8609db94ef554722d1fb9b0e4d602,electron-react-boilerplate,1.1.0,3.7.5,1588379163,12,0,0,0,0,0,0,0,0,0,0,0,0,0
electron-react-boilerplate/electron-react-boilerplate,2a72fc874de6318df56093d4715e84a350cf73e0,electron-react-boilerplate,1.1.0,3.7.5,1590812171,12,0,0,0,0,0,0,0,0,0,0,0,0,0
electron-react-boilerplate/electron-react-boilerplate,49493143810f1e3dafb0e728aae3ea19a1aef890,electron-react-boilerplate,1.1.0,3.7.5,1590981992,12,0,0,0,0,0,0,0,0,0,0,0,0,0
electron-react-boilerplate/electron-react-boilerplate,cc82b94b3a5016796c29ce1a31621fe9b2688a76,electron-react-boilerplate,1.1.0,3.7.5,1591279892,12,0,0,0,0,0,0,0,0,0,0,0,0,0
electron-react-boilerplate/electron-react-boilerplate,55848df4f092122e128144b87e7073949deb7b53,electron-react-boilerplate,1.1.0,3.7.5,1592337597,12,0,0,0,0,0,0,0,0,0,0,0,0,0
electron-react-boilerplate/electron-react-boilerplate,f99a45d2a2daf6f7e6dd4f7bc9d453bf44a384d8,electron-react-boilerplate,1.2.0,3.9.5,1592707069,8,0,0,0,0,0,0,0,0,0,0,0,0,0
electron-react-boilerplate/electron-react-boilerplate,507904b9155814c934e806615de3707cdbfea78d,electron-react-boilerplate,1.2.0,3.9.5,1592883858,8,0,0,0,0,0,0,0,0,0,0,0,0,0
electron-react-boilerplate/electron-react-boilerplate,7725d78a69ff739044203af584f112e7ed7e6ee0,electron-react-boilerplate,1.2.0,3.9.5,1592964728,8,0,0,0,0,0,0,0,0,0,0,0,0,0
electron-react-boilerplate/electron-react-boilerplate,2e85c08438ef209ff9dcb636056628abb9f7aa99,electron-react-boilerplate,1.2.0,3.9.5,1593043981,8,0,0,0,0,0,0,0,0,0,0,0,0,0
electron-react-boilerplate/electron-react-boilerplate,0c440a5567dd3f7b1ee657060102edabeb27cf5d,electron-react-boilerplate,1.2.0,3.9.5,1593369685,8,0,0,0,0,0,0,0,0,0,0,0,0,0
electron-react-boilerplate/electron-react-boilerplate,9c457fa5ac347510713db6009f0a30d7ad7d4c9a,electron-react-boilerplate,1.2.0,3.9.5,1593567495,8,0,0,0,0,0,0,0,0,0,0,0,0,0
electron-react-boilerplate/electron-react-boilerplate,4b1a6bd856542e465e339010ac8e22e83a33b875,electron-react-boilerplate,1.2.0,3.9.5,1593571088,8,0,0,0,0,0,0,0,0,0,0,0,0,0
electron-react-boilerplate/electron-react-boilerplate,2c4769118c5f404dc2c168d0d48eaeb5c8a79f08,electron-react-boilerplate,1.2.0,3.9.5,1593573211,8,0,0,0,0,0,0,0,0,0,0,0,0,0
electron-react-boilerplate/electron-react-boilerplate,2678283a8edca8d05041aabe0dd4a257ffb29086,electron-react-boilerplate,1.2.0,3.9.5,1593578638,8,0,0,0,0,0,0,0,0,0,0,0,0,0
electron-react-boilerplate/electron-react-boilerplate,78a1815c6206616a47d546dd7909b82c0bfd82d3,electron-react-boilerplate,1.2.0,3.9.5,1593580936,8,0,0,0,0,0,0,0,0,0,0,0,0,0
electron-react-boilerplate/electron-react-boilerplate,d4199dbbba3f8c8cb7bdeef609c23c06cc1fbf81,electron-react-boilerplate,1.2.0,3.9.5,1593877574,8,0,0,0,0,0,0,0,0,0,0,0,0,0
electron-react-boilerplate/electron-react-boilerplate,3aebc75755fefa7b08f148e731c70d6f36253e06,electron-react-boilerplate,1.2.0,3.9.5,1593878613,8,0,0,0,0,0,0,0,0,0,0,0,0,0
electron-react-boilerplate/electron-react-boilerplate,05eb8bbc0edeb29a21f1f6461e30dda0c94b51fd,electron-react-boilerplate,1.2.0,3.9.5,1593892278,8,0,0,0,0,0,0,0,0,0,0,0,0,0
electron-react-boilerplate/electron-react-boilerplate,fd58e8b1850bf2b680d4c97c32a9e21c7ab09ef0,electron-react-boilerplate,1.2.0,3.9.5,1593997899,8,0,0,0,0,0,0,0,0,0,0,0,0,0
electron-react-boilerplate/electron-react-boilerplate,53dfa8d025d795fa377770b59dbff3390816b7d3,electron-react-boilerplate,1.2.0,3.9.5,1594342332,8,0,0,0,0,0,0,0,0,0,0,0,0,0
electron-react-boilerplate/electron-react-boilerplate,0201670eb987145d777aacd6f265762d4c55a3c1,electron-react-boilerplate,1.2.0,3.9.5,1594838998,8,0,0,0,0,0,0,0,0,0,0,0,0,0
electron-react-boilerplate/electron-react-boilerplate,963641484f121b3cb7a3b2b395cb7e10cfacce4c,electron-react-boilerplate,1.3.0,3.9.7,1595614128,8,0,0,0,0,0,0,0,0,0,0,0,0,0
electron-react-boilerplate/electron-react-boilerplate,88259274e3296fba1d299f21a9ab638a28eb9588,electron-react-boilerplate,1.3.0,3.9.7,1595614492,8,0,0,0,0,0,0,0,0,0,0,0,0,0
electron-react-boilerplate/electron-react-boilerplate,e799828f0c65a073c88c05beb30601a79bdfbbca,electron-react-boilerplate,1.3.0,3.9.7,1596253814,8,0,0,0,0,0,0,0,0,0,0,0,0,0
electron-react-boilerplate/electron-react-boilerplate,71eb9f2b7778e4fe04692702a724254c98376e42,electron-react-boilerplate,1.3.0,3.9.7,1596329707,8,0,0,0,0,0,0,0,0,0,0,0,0,0
electron-react-boilerplate/electron-react-boilerplate,caeaff88a2806c37cb00b3718cccf1a66fbaa79c,electron-react-boilerplate,1.3.0,3.9.7,1596584879,8,0,0,0,0,0,0,0,0,0,0,0,0,0
electron-react-boilerplate/electron-react-boilerplate,2adb0a3ad7ca7feabcb441917cbde2d4efa29af6,electron-react-boilerplate,1.3.0,3.9.7,1597454728,8,0,0,0,0,0,0,0,0,0,0,0,0,0
electron-react-boilerplate/electron-react-boilerplate,9e0b969d763513a49cf289c2d3525d2c34d9afdf,electron-react-boilerplate,1.3.0,3.9.7,1597456105,8,0,0,0,0,0,0,0,0,0,0,0,0,0
electron-react-boilerplate/electron-react-boilerplate,4d496917c288cf92fcf9299a36cb0293f72b856d,electron-react-boilerplate,1.3.0,3.9.7,1598925084,8,0,0,0,0,0,0,0,0,0,0,0,0,0
electron-react-boilerplate/electron-react-boilerplate,794f86b07d82d2dc92e9078cbca17285652c61e5,electron-react-boilerplate,1.3.0,3.9.7,1598927476,8,0,0,0,0,0,0,0,0,0,0,0,0,0
electron-react-boilerplate/electron-react-boilerplate,843bdea05f8a6fde0eb7209f91cae35ba98cf25c,electron-react-boilerplate,1.3.0,3.9.7,1598931847,8,0,0,0,0,0,0,0,0,0,0,0,0,0
electron-react-boilerplate/electron-react-boilerplate,3e8ffcbf74b80912d9d14e52050d6a8af428ff7a,electron-react-boilerplate,1.3.0,3.9.7,1598934253,8,0,0,0,0,0,0,0,0,0,0,0,0,0
electron-react-boilerplate/electron-react-boilerplate,442133aa84db84703a719ab38eff691063f08ea3,electron-react-boilerplate,1.3.0,3.9.7,1600475417,8,0,0,0,0,0,0,0,0,0,0,0,0,0
electron-react-boilerplate/electron-react-boilerplate,f41c736d5c1edaab8f4ad4cba1ae357826aab267,electron-react-boilerplate,1.3.0,3.9.7,1601006173,8,0,0,0,0,0,0,0,0,0,0,0,0,0
electron-react-boilerplate/electron-react-boilerplate,9698cd0dc3199dd1779569f6958cd66533d95184,electron-react-boilerplate,1.3.1,3.9.7,1601080140,8,0,0,0,0,0,0,0,0,0,0,0,0,0
electron-react-boilerplate/electron-react-boilerplate,3ac80b298b44cf3fa30ca516c6adb6f8e2d862fc,electron-react-boilerplate,1.3.1,3.9.7,1602088265,8,0,0,0,0,0,0,0,0,0,0,0,0,0
electron-react-boilerplate/electron-react-boilerplate,fc53901a0dc3159785fa1d8b9157c2abd51dc906,electron-react-boilerplate,1.3.1,3.9.7,1602263605,8,0,0,0,0,0,0,0,0,0,0,0,0,0
electron-react-boilerplate/electron-react-boilerplate,c26f548c86a663846c4257e9a9c54b415757b243,electron-react-boilerplate,,3.9.7,1604779255,8,0,0,0,0,0,0,0,0,0,0,0,0,0
electron-react-boilerplate/electron-react-boilerplate,0597190d1b815d2e0895a1702e906c75d0eaf588,electron-react-boilerplate,,4.0.5,1607666681,3,0,0,0,0,0,0,0,0,0,0,0,0,0
electron-react-boilerplate/electron-react-boilerplate,23b9374a81925e75cff200ce9d038457ec594020,electron-react-boilerplate,,4.0.5,1607668935,3,0,0,0,0,0,0,0,0,0,0,0,0,0
electron-react-boilerplate/electron-react-boilerplate,37789b17121d920818c68a54cd1bf33e89f2903a,electron-react-boilerplate,,4.0.5,1607669834,3,0,0,0,0,0,0,0,0,0,0,0,0,0
electron-react-boilerplate/electron-react-boilerplate,e679432174876a7ca6c8e0af47149f45b04709b9,electron-react-boilerplate,,4.0.5,1607715202,3,0,0,0,0,0,0,0,0,0,0,0,0,0
electron-react-boilerplate/electron-react-boilerplate,fb292007b3e9f187e377b758c1534772e5fca168,electron-react-boilerplate,,4.0.5,1608345164,3,0,0,0,0,0,0,0,0,0,0,0,0,0
electron-react-boilerplate/electron-react-boilerplate,666457c0cd420590d124d041d9d0931d32a871fb,electron-react-boilerplate,,4.0.5,1610417357,3,0,0,0,0,0,0,0,0,0,0,0,0,0
electron-react-boilerplate/electron-react-boilerplate,966483822fdd389b5294214ff158e877633ab5fb,electron-react-boilerplate,,4.0.5,1611698505,3,0,0,0,0,0,0,0,0,0,0,0,0,0
electron-react-boilerplate/electron-react-boilerplate,16f4337b9f6c68f2ac0f6c47c3b42618ad0fc00a,electron-react-boilerplate,,4.0.5,1611708258,3,0,0,0,0,0,0,0,0,0,0,0,0,0
electron-react-boilerplate/electron-react-boilerplate,3cdcbaf873690189a501fd388b5456d229ea17be,electron-react-boilerplate,,4.0.5,1612641684,3,0,0,0,0,0,0,0,0,0,0,0,0,0
electron-react-boilerplate/electron-react-boilerplate,340887c2830e92cec943f45d6684224409ec4465,electron-react-boilerplate,,4.0.5,1616195189,3,0,0,0,0,0,0,0,0,0,0,0,0,0
electron-react-boilerplate/electron-react-boilerplate,9092ddcdb010aff029eff628d4ea281fca13a8ec,electron-react-boilerplate,,4.0.5,1616195276,3,0,0,0,0,0,0,0,0,0,0,0,0,0
electron-react-boilerplate/electron-react-boilerplate,9a574dc514a4ab42fbf350e112a5865512b5640a,electron-react-boilerplate,,4.0.5,1616544384,3,0,0,0,0,0,0,0,0,0,0,0,0,0
electron-react-boilerplate/electron-react-boilerplate,6f6b852da825b286b7fdfe6dc9ee4b784163f5c4,electron-react-boilerplate,,4.0.5,1617042685,3,0,0,0,0,0,0,0,0,0,0,0,0,0
electron-react-boilerplate/electron-react-boilerplate,1bf997ec66c832f57c33e4aa3968c6cd138d353e,electron-react-boilerplate,,4.0.5,1617491316,3,0,0,0,0,0,0,0,0,0,0,0,0,0
electron-react-boilerplate/electron-react-boilerplate,e844f1567d20aa1be427a515e65e273bf41c7942,electron-react-boilerplate,,4.0.5,1617491504,3,0,0,0,0,0,0,0,0,0,0,0,0,0
electron-react-boilerplate/electron-react-boilerplate,5ae667b4e34d37602f10a20ecac1d59798d62163,electron-react-boilerplate,,4.0.5,1617491549,3,0,0,0,0,0,0,0,0,0,0,0,0,0
electron-react-boilerplate/electron-react-boilerplate,37e73427494d24b9d7bfc18cf67067fd9fbd4f13,electron-react-boilerplate,,4.0.5,1618470865,3,0,0,0,0,0,0,0,0,0,0,0,0,0
electron-react-boilerplate/electron-react-boilerplate,25c55980d956b458a49d99359c534f39450bf45a,electron-react-boilerplate,,4.0.5,1618470963,3,0,0,0,0,0,0,0,0,0,0,0,0,0
electron-react-boilerplate/electron-react-boilerplate,5ed39737672b7e70aacea019bc36529b4bc59862,electron-react-boilerplate,,4.0.5,1618471087,3,0,0,0,0,0,0,0,0,0,0,0,0,0
electron-react-boilerplate/electron-react-boilerplate,509d2ac5841967c5480dea768071a9239f27c6b7,electron-react-boilerplate,,4.0.5,1618530613,3,0,0,0,0,0,0,0,0,0,0,0,0,0
electron-react-boilerplate/electron-react-boilerplate,cb9cb0e57fea1f15d3bdbbbb6b6a858265869b25,electron-react-boilerplate,,4.0.5,1621476734,3,0,0,0,0,0,0,0,0,0,0,0,0,0
electron-react-boilerplate/electron-react-boilerplate,10e89f95af36c06aa9dd84c0705279dbd7717cd3,electron-react-boilerplate,,4.0.5,1628809354,3,0,0,0,0,0,0,0,0,0,0,0,0,0
electron-react-boilerplate/electron-react-boilerplate,561569a9d89ff939b91b5f170007dc11f780d7c5,electron-react-boilerplate,,4.2.4,1628890499,4,0,0,0,0,0,0,0,0,0,0,0,0,0
electron-react-boilerplate/electron-react-boilerplate,793eedb429e5488c26e7f3eee08acdcddc6c0880,electron-react-boilerplate,,4.2.4,1628894242,4,0,0,0,0,0,0,0,0,0,0,0,0,0
electron-react-boilerplate/electron-react-boilerplate,1c83ebdb6344336d525e37d3e5cbe919e27cd0e2,electron-react-boilerplate,,4.2.4,1629149657,4,0,0,0,0,0,0,0,0,0,0,0,0,0
electron-react-boilerplate/electron-react-boilerplate,2528e688ebfc8b477ab59b75d9a0cb5d49fb8988,electron-react-boilerplate,,4.2.4,1629325190,4,0,0,0,0,0,0,0,0,0,0,0,0,0
electron-react-boilerplate/electron-react-boilerplate,e22c77cf8e3c0138716b193431b320aaa4777f65,electron-react-boilerplate,,4.3.5,1633033769,12,0,0,0,0,0,0,0,0,0,0,0,0,0
electron-react-boilerplate/electron-react-boilerplate,74ce75afab0b916c4faa11cfaed47868ee175b4b,electron-react-boilerplate,,4.3.5,1633035258,12,0,0,0,0,0,0,0,0,0,0,0,0,0
electron-react-boilerplate/electron-react-boilerplate,4e991ceb38729dd90986b565d8838473052e5747,electron-react-boilerplate,,4.4.3,1633381613,12,0,0,0,0,0,0,0,0,0,0,0,0,0
electron-react-boilerplate/electron-react-boilerplate,5ad31508f58ed0cc89cb43938ebcb0d86f1a7a94,electron-react-boilerplate,,4.4.3,1633381726,12,0,0,0,0,0,0,0,0,0,0,0,0,0
electron-react-boilerplate/electron-react-boilerplate,8a39187fb48aded06ced8a70ef9259f0ef5cd145,electron-react-boilerplate,,4.4.3,1633735135,12,0,0,0,0,0,0,0,0,0,0,0,0,0
electron-react-boilerplate/electron-react-boilerplate,3ad6d89778084a8f33b48d302024ae0011204091,electron-react-boilerplate,,4.4.3,1634606545,12,0,0,0,0,0,0,0,0,0,0,0,0,0
electron-react-boilerplate/electron-react-boilerplate,a04d3ef3dd3b37cc6668ee362997ae3e7aea2f70,electron-react-boilerplate,,4.4.3,1634606873,12,0,0,0,0,0,0,0,0,0,0,0,0,0
electron-react-boilerplate/electron-react-boilerplate,f32b2172c961356f36a672f8aadea7cd8f052dbd,electron-react-boilerplate,,4.4.3,1635133303,12,0,0,0,0,0,0,0,0,0,0,0,0,0
electron-react-boilerplate/electron-react-boilerplate,7e5c2f0924d65670c44495597b59b391f4841da1,electron-react-boilerplate,,4.4.3,1635133433,12,0,0,0,0,0,0,0,0,0,0,0,0,0
electron-react-boilerplate/electron-react-boilerplate,3f860cf482d0b7fc768703c5ece06690b30663e5,electron-react-boilerplate,,4.4.3,1635448798,12,0,0,0,0,0,0,0,0,0,0,0,0,0
electron-react-boilerplate/electron-react-boilerplate,0d430e6e0d16d9b8947e6b11644aad992673d2ff,electron-react-boilerplate,,4.4.3,1635448861,12,0,0,0,0,0,0,0,0,0,0,0,0,0
electron-react-boilerplate/electron-react-boilerplate,b069e4fe011a31d7d96d7cdda5028fcc27484e2f,electron-react-boilerplate,,4.4.4,1635449654,12,0,0,0,0,0,0,0,0,0,0,0,0,0
electron-react-boilerplate/electron-react-boilerplate,2aff868b9d246a9e8878a5bb25d41d8ad9a5e63c,electron-react-boilerplate,,4.4.4,1635450763,12,0,0,0,0,0,0,0,0,0,0,0,0,0
electron-react-boilerplate/electron-react-boilerplate,eacf6d536447de3180b72284d4df653efc0a7056,electron-react-boilerplate,,4.4.4,1636127770,12,0,0,0,0,0,0,0,0,0,0,0,0,0
electron-react-boilerplate/electron-react-boilerplate,eb6605e7522e6839df79d3fe38b4a547463a0d72,electron-react-boilerplate,,4.4.4,1636131142,12,0,0,0,0,0,0,0,0,0,0,0,0,0
electron-react-boilerplate/electron-react-boilerplate,3014d281bb1ff55fb126725d283c86c97f36af22,electron-react-boilerplate,,4.4.4,1636391311,13,0,0,0,0,0,0,0,0,0,0,0,0,0
electron-react-boilerplate/electron-react-boilerplate,ba66b84e3b8a971de06078b4b77c45094d0337a8,electron-react-boilerplate,,4.4.4,1636489563,13,0,0,0,0,0,0,0,0,0,0,0,0,0
electron-react-boilerplate/electron-react-boilerplate,ebf4120619254ec8df1051275b7c95674aa7114b,electron-react-boilerplate,,4.4.4,1636991804,13,0,0,0,0,0,0,0,0,0,0,0,0,0
electron-react-boilerplate/electron-react-boilerplate,bb7f950c0d32ed4bee9801d7d2bf062008f63624,electron-react-boilerplate,,4.4.4,1637348262,13,0,0,0,0,0,0,0,0,0,0,0,0,0
electron-react-boilerplate/electron-react-boilerplate,9e78a459d7db8b7d329f27e7a865ebb8947f1e25,electron-react-boilerplate,,4.4.4,1637460171,13,0,0,0,0,0,0,0,0,0,0,0,0,0
electron-react-boilerplate/electron-react-boilerplate,d706f3ddeac08ec31112207567e26083336a0b06,electron-react-boilerplate,,4.4.4,1637549002,13,0,0,0,0,0,0,0,0,0,0,0,0,0
electron-react-boilerplate/electron-react-boilerplate,d66119ef1643dacbcd54878edf0f55e938807f0c,electron-react-boilerplate,,4.4.4,1637683419,13,0,0,0,0,0,0,0,0,0,0,0,0,0
electron-react-boilerplate/electron-react-boilerplate,158fb1167b37d5cc74a3a3fbcf8523ece9d29806,electron-react-boilerplate,,4.4.4,1637683484,13,0,0,0,0,0,0,0,0,0,0,0,0,0
electron-react-boilerplate/electron-react-boilerplate,c6e6d65bc2624924e5560eb8a794030403d0314e,electron-react-boilerplate,,4.4.4,1637687502,13,0,0,0,0,0,0,0,0,0,0,0,0,0
electron-react-boilerplate/electron-react-boilerplate,8258a7bda2060493964ab403b9e88d598a6d68b8,electron-react-boilerplate,,4.4.4,1638072726,13,0,0,0,0,0,0,0,0,0,0,0,0,0
electron-react-boilerplate/electron-react-boilerplate,23394085f09a9797b4b01efd79b8c2d6471e9b80,electron-react-boilerplate,,4.4.4,1638167511,13,0,0,0,0,0,0,0,0,0,0,0,0,0
electron-react-boilerplate/electron-react-boilerplate,2c49a0d8b0aa1e6498efe2c7d911cef2ac9bc319,electron-react-boilerplate,,4.4.4,1638168057,13,0,0,0,0,0,0,0,0,0,0,0,0,0
electron-react-boilerplate/electron-react-boilerplate,44850ac146736fa75cdba6bcf78f473fe2e8b570,electron-react-boilerplate,,4.4.4,1638168092,13,0,0,0,0,0,0,0,0,0,0,0,0,0
electron-react-boilerplate/electron-react-boilerplate,40c80ffefb9a9fa56ad297a19d6352732659591d,electron-react-boilerplate,,4.4.4,1638731332,13,0,0,0,0,0,0,0,0,0,0,0,0,0
electron-react-boilerplate/electron-react-boilerplate,bd18dd3b44d19dc761dc10fd629f057daa5dfb34,electron-react-boilerplate,,4.4.4,1638900650,13,0,0,0,0,0,0,0,0,0,0,0,0,0
electron-react-boilerplate/electron-react-boilerplate,98c0c2d6b844597182fbbdf6172e13730e391663,electron-react-boilerplate,,4.4.4,1639181586,13,0,0,0,0,0,0,0,0,0,0,0,0,0
electron-react-boilerplate/electron-react-boilerplate,7d3d4e197ed99229ef5c4d35eb74cd9043c3e6d5,electron-react-boilerplate,,4.4.4,1640113033,13,0,0,0,0,0,0,0,0,0,0,0,0,0
electron-react-boilerplate/electron-react-boilerplate,601d4f27144be2e4d649656fe31a4015711897b5,electron-react-boilerplate,,4.4.4,1640113102,13,0,0,0,0,0,0,0,0,0,0,0,0,0
electron-react-boilerplate/electron-react-boilerplate,189c18e2d95d2d0edab39b5a419c1cbba0f5e3dd,electron-react-boilerplate,,4.4.4,1640127464,13,0,0,0,0,0,0,0,0,0,0,0,0,0
electron-react-boilerplate/electron-react-boilerplate,d6bb59a586d19bcf74c17585a1f2aca462f5de22,electron-react-boilerplate,,4.4.4,1640278060,13,0,0,0,0,0,0,0,0,0,0,0,0,0
electron-react-boilerplate/electron-react-boilerplate,dc822dc212a37862cbf5e293cc5122ed954079f7,electron-react-boilerplate,,4.5.4,1640647068,13,0,0,0,0,0,0,0,0,0,0,0,0,0
electron-react-boilerplate/electron-react-boilerplate,2b3eaf0756f50548113254f732baa1124408311d,electron-react-boilerplate,,4.5.4,1640661074,13,0,0,0,0,0,0,0,0,0,0,0,0,0
electron-react-boilerplate/electron-react-boilerplate,e17917142a8ce7e85ee94db0c5d4a39b044eb1a2,electron-react-boilerplate,,4.5.4,1640661107,13,0,0,0,0,0,0,0,0,0,0,0,0,0
electron-react-boilerplate/electron-react-boilerplate,b23522a7f55e00d4361fe829fafc6b7985dc76f5,electron-react-boilerplate,,4.5.4,1640661366,13,0,0,0,0,0,0,0,0,0,0,0,0,0
electron-react-boilerplate/electron-react-boilerplate,0c20d22c57a0e11be55d32d8d4767bd62d458fa5,electron-react-boilerplate,,4.5.4,1640707809,13,0,0,0,0,0,0,0,0,0,0,0,0,0
electron-react-boilerplate/electron-react-boilerplate,daff95036baa420a427cdde0bc63fd9db05df64c,electron-react-boilerplate,,4.5.4,1640725040,13,0,0,0,0,0,0,0,0,0,0,0,0,0
electron-react-boilerplate/electron-react-boilerplate,071a6fad80c86c04fe242b0239cd6bcdfa153cc1,electron-react-boilerplate,,4.5.4,1640798550,13,0,0,0,0,0,0,0,0,0,0,0,0,0
electron-react-boilerplate/electron-react-boilerplate,f242b675a70c1366495d20562be176ca9298b739,electron-react-boilerplate,,4.5.4,1640847858,13,0,0,0,0,0,0,0,0,0,0,0,0,0
electron-react-boilerplate/electron-react-boilerplate,fea054d844397bd2f0b0b5cce1202acc7236fb19,electron-react-boilerplate,,4.5.4,1640896322,13,0,0,0,0,0,0,0,0,0,0,0,0,0
electron-react-boilerplate/electron-react-boilerplate,eab36f9079c2494c75d70b2572b3e26740fc0db6,electron-react-boilerplate,,4.5.4,1641001552,13,0,0,0,0,0,0,0,0,0,0,0,0,0
electron-react-boilerplate/electron-react-boilerplate,3ff962d4e952c84619a356409a05f449b47b6ecc,electron-react-boilerplate,,4.5.4,1641272785,13,0,0,0,0,0,0,0,0,0,0,0,0,0
electron-react-boilerplate/electron-react-boilerplate,d5c247a30d19561c0cf1d8d2c6c545d0fa44a6b2,electron-react-boilerplate,,4.5.4,1642185315,13,0,0,0,0,0,0,0,0,0,0,0,0,0
electron-react-boilerplate/electron-react-boilerplate,b41a813d3475fe9697cbc11ac173bdb613a9925a,electron-react-boilerplate,,4.5.4,1642468805,13,0,0,0,0,0,0,0,0,0,0,0,0,0
electron-react-boilerplate/electron-react-boilerplate,2bfa591d6d55427023655be8b51214c7739e2dd7,electron-react-boilerplate,,4.5.4,1642528959,13,0,0,0,0,0,0,0,0,0,0,0,0,0
electron-react-boilerplate/electron-react-boilerplate,e64adb67f2723792958051bf20932076b497ce1e,electron-react-boilerplate,,4.5.4,1643522159,13,0,0,0,0,0,0,0,0,0,0,0,0,0
electron-react-boilerplate/electron-react-boilerplate,cf75f5e6b5c934e7e21beb03968d064afe932cb0,electron-react-boilerplate,,4.5.4,1643935552,13,0,0,0,0,0,0,0,0,0,0,0,0,0
electron-react-boilerplate/electron-react-boilerplate,9ef120923cdfa85043aed2f7785c4ce9dac57f62,electron-react-boilerplate,,4.5.4,1644095787,13,0,0,0,0,0,0,0,0,0,0,0,0,0
electron-react-boilerplate/electron-react-boilerplate,3443e6694e85dd4f8712b338b70faf8b02049b2e,electron-react-boilerplate,,4.5.4,1647284651,13,0,0,0,0,0,0,0,0,0,0,0,0,0
electron-react-boilerplate/electron-react-boilerplate,7741f6c0a8fc053c256a5b58b2928054bbda2381,electron-react-boilerplate,,4.5.4,1647345988,13,0,0,0,0,0,0,0,0,0,0,0,0,0
electron-react-boilerplate/electron-react-boilerplate,8aa6ff54cf9127e17c6956b54ab2d237096ec383,electron-react-boilerplate,,4.5.4,1647402408,13,0,0,0,0,0,0,0,0,0,0,0,0,0
electron-react-boilerplate/electron-react-boilerplate,5b4fa9735e72a23538e0db268a2ea58367168f08,electron-react-boilerplate,,4.5.4,1647968749,16,0,0,0,0,0,0,0,0,0,0,0,0,0
electron-react-boilerplate/electron-react-boilerplate,01c8409b4fa50600aa59f796149531a911f0bc5e,electron-react-boilerplate,,4.5.4,1647968830,16,0,0,0,0,0,0,0,0,0,0,0,0,0
electron-react-boilerplate/electron-react-boilerplate,f4aa270ca24f4f9d79f91be918cf7003be74ba90,electron-react-boilerplate,,4.5.4,1648842797,16,0,0,0,0,0,0,0,0,0,0,0,0,0
electron-react-boilerplate/electron-react-boilerplate,9657416707dbf8aa77fd468b69c9f8989e4fe340,electron-react-boilerplate,,4.5.4,1648843197,16,0,0,0,0,0,0,0,0,0,0,0,0,0
electron-react-boilerplate/electron-react-boilerplate,6e0ae6013313e2508db06ef85edccf62b6b1c91f,electron-react-boilerplate,,4.5.4,1649181313,16,0,0,0,0,0,0,0,0,0,0,0,0,0
electron-react-boilerplate/electron-react-boilerplate,144835967300273df858553ad00c25e28c1c6243,electron-react-boilerplate,,4.5.4,1649184298,16,0,0,0,0,0,0,0,0,0,0,0,0,0
electron-react-boilerplate/electron-react-boilerplate,9083cceef26bf94286e806bb1efed4da2c147965,electron-react-boilerplate,,4.6.3,1649186021,16,0,0,0,0,0,0,0,0,0,0,0,0,0
electron-react-boilerplate/electron-react-boilerplate,9f07243b01ba8d2bc80554db8529ae560f9eb727,electron-react-boilerplate,,4.6.3,1649193704,16,0,0,0,0,0,0,0,0,0,0,0,0,0
electron-react-boilerplate/electron-react-boilerplate,7d78dab4b85e9963a6ad2b3a78dab4b7c45add96,electron-react-boilerplate,,4.6.3,1649277233,16,0,0,0,0,0,0,0,0,0,0,0,0,0
electron-react-boilerplate/electron-react-boilerplate,10c22e546d9882fc35d00ff509b566675e90a736,electron-react-boilerplate,,4.6.3,1649326728,16,0,0,0,0,0,0,0,0,0,0,0,0,0
electron-react-boilerplate/electron-react-boilerplate,aae15415aab391062762fa1b92afc34c365a7b7f,electron-react-boilerplate,,4.6.3,1650059625,16,0,0,0,0,0,0,0,0,0,0,0,0,0
electron-react-boilerplate/electron-react-boilerplate,1fc1571cb546f05da8a9939d7fc629b38d1cf3fa,electron-react-boilerplate,,4.6.3,1650124665,16,0,0,0,0,0,0,0,0,0,0,0,0,0
electron-react-boilerplate/electron-react-boilerplate,5d54ba3614e7ee566a201d50f7649522c6266f12,electron-react-boilerplate,,4.6.3,1650390185,16,0,0,0,0,0,0,0,0,0,0,0,0,0
electron-react-boilerplate/electron-react-boilerplate,2befc50eaf6879b08d4fe5ed4765b139ed3730f5,electron-react-boilerplate,,4.6.3,1651164172,16,0,0,0,0,0,0,0,0,0,0,0,0,0
electron-react-boilerplate/electron-react-boilerplate,cfd04f5375ea5b43ec1c735c078eaaa4fe8cc074,electron-react-boilerplate,,4.6.3,1651164200,16,0,0,0,0,0,0,0,0,0,0,0,0,0
electron-react-boilerplate/electron-react-boilerplate,42c60111e5c1f31a612bc8626e6369ec6600823c,electron-react-boilerplate,,4.6.3,1652301217,16,0,0,0,0,0,0,0,0,0,0,0,0,0
electron-react-boilerplate/electron-react-boilerplate,7a3145d0eb70156d223a25aa9a5316e500b2c5ad,electron-react-boilerplate,,4.6.3,1652574625,16,0,0,0,0,0,0,0,0,0,0,0,0,0
electron-react-boilerplate/electron-react-boilerplate,41367e9c69aab02255784a9cac5ca15e3d1ae937,electron-react-boilerplate,,4.6.3,1652574647,16,0,0,0,0,0,0,0,0,0,0,0,0,0
electron-react-boilerplate/electron-react-boilerplate,10823be542ba0dd7b3f85cae2022578e084d3bf2,electron-react-boilerplate,,4.6.3,1652574704,16,0,0,0,0,0,0,0,0,0,0,0,0,0
electron-react-boilerplate/electron-react-boilerplate,a104b64943b6465f782ace601ef845c22dafc138,,,4.6.4,1652577416,16,0,0,0,0,0,0,0,0,0,0,0,0,0
electron-react-boilerplate/electron-react-boilerplate,31e194ba55e3345e444f6783dc21db9a7af02c04,,,4.6.4,1656023723,16,0,0,0,0,0,0,0,0,0,0,0,0,0
electron-react-boilerplate/electron-react-boilerplate,b32c5627fc0c2cac87b4c92384e3af7d965731ca,,,4.6.4,1656024313,16,0,0,0,0,0,0,0,0,0,0,0,0,0
electron-react-boilerplate/electron-react-boilerplate,58594a2fd50709cf43d44fc86b98d126e827a732,,,4.6.4,1656024339,16,0,0,0,0,0,0,0,0,0,0,0,0,0
electron-react-boilerplate/electron-react-boilerplate,728c0f75181c269a5cfc107c863ef2ffa02997e5,,,4.6.4,1658947660,16,0,0,0,0,0,0,0,0,0,0,0,0,0
electron-react-boilerplate/electron-react-boilerplate,7511174cd1982d43b2ed19a14a27dd2528e0245a,,,4.6.4,1658947700,16,0,0,0,0,0,0,0,0,0,0,0,0,0
electron-react-boilerplate/electron-react-boilerplate,f6737bd5e3cea83deeed2c27e0f726a267758be8,,,4.6.4,1658947755,16,0,0,0,0,0,0,0,0,0,0,0,0,0
electron-react-boilerplate/electron-react-boilerplate,ccb801ecc948cf1c7074e6541634aba321168fa4,,,4.6.4,1658947921,16,0,0,0,0,0,0,0,0,0,0,0,0,0
electron-react-boilerplate/electron-react-boilerplate,f6b0a4b9ece52f35ec7801ed593fa1391a93aab3,,,4.6.4,1660588481,16,0,0,0,0,0,0,0,0,0,0,0,0,0
electron-react-boilerplate/electron-react-boilerplate,0809dda922dbec68c9c7c9dc3c9161d8fcf0555c,,,4.6.4,1660690762,16,0,0,0,0,0,0,0,0,0,0,0,0,0
electron-react-boilerplate/electron-react-boilerplate,ffb9a0a6027619229641fef0da483fc48346b14b,,,4.6.4,1660692687,16,0,0,0,0,0,0,0,0,0,0,0,0,0
electron-react-boilerplate/electron-react-boilerplate,5c3855c9c7825f5ec9d785517c840dacf9ff6bea,,,4.6.4,1660692702,16,0,0,0,0,0,0,0,0,0,0,0,0,0
electron-react-boilerplate/electron-react-boilerplate,dec96b9187992d7872dce40ece9fa721873e4ee9,,,4.7.4,1660762190,16,0,0,0,0,0,0,0,0,0,0,0,0,0
electron-react-boilerplate/electron-react-boilerplate,a93b12c642281343b3f94f3b449431a56ed0f5bf,,,4.7.4,1660762499,16,0,0,0,0,0,0,0,0,0,0,0,0,0
electron-react-boilerplate/electron-react-boilerplate,474ebf210ce26ed81da5ce9a89a37cdd1dddb06a,,,4.7.4,1660762868,16,0,0,0,0,0,0,0,0,0,0,0,0,0
electron-react-boilerplate/electron-react-boilerplate,ebd4a295d8f2c62f38bcb6314f964c0b8ce352cd,,,4.7.4,1660791884,16,0,0,0,0,0,0,0,0,0,0,0,0,0
electron-react-boilerplate/electron-react-boilerplate,131b6996a60d8a9fd97d146c6252ab2a6273a86c,,,4.7.4,1662311102,16,0,0,0,0,0,0,0,0,0,0,0,0,0
electron-react-boilerplate/electron-react-boilerplate,a0d0afa70940be27e5f7a6f555f03e7ecbc1e459,,,4.7.4,1662316088,16,0,0,0,0,0,0,0,0,0,0,0,0,0
electron-react-boilerplate/electron-react-boilerplate,c07c2ef891851a181ed77fe750beb1b81aedffc8,,,4.7.4,1662477450,16,0,0,0,0,0,0,0,0,0,0,0,0,0
electron-react-boilerplate/electron-react-boilerplate,2aff7d162093f11abce1db0fc53492c2db259e04,,,4.8.3,1663713628,6,0,0,0,0,0,0,0,0,0,0,0,0,0
electron-react-boilerplate/electron-react-boilerplate,7e3211eef5a49af738033bc6fef817950d66af69,,,4.7.4,1663719209,16,0,0,0,0,0,0,0,0,0,0,0,0,0
electron-react-boilerplate/electron-react-boilerplate,b4cc4ecc784bd3467b5462a33d2f854d53d8cb0b,,,4.7.4,1664230241,16,0,0,0,0,0,0,0,0,0,0,0,0,0
electron-react-boilerplate/electron-react-boilerplate,7dabac9b8a1776f202ce5ecb9104b33735b59934,,,4.7.4,1664482488,16,0,0,0,0,0,0,0,0,0,0,0,0,0
electron-react-boilerplate/electron-react-boilerplate,0450601a481a9da865dd91998f8f1b8756cd2e10,,,4.7.4,1664482629,16,0,0,0,0,0,0,0,0,0,0,0,0,0
electron-react-boilerplate/electron-react-boilerplate,e933be334c03f8bfb5acbb55f2d25f0d964e7321,,,4.7.4,1664482981,16,0,0,0,0,0,0,0,0,0,0,0,0,0
electron-react-boilerplate/electron-react-boilerplate,51b40ccfaf8ede29823028772907e8ea3c9de19d,,,4.7.4,1664553941,16,0,0,0,0,0,0,0,0,0,0,0,0,0
electron-react-boilerplate/electron-react-boilerplate,0ce7ecb8cdc3fbf4e00626889af96d957766c832,,,4.7.4,1664585598,16,0,0,0,0,0,0,0,0,0,0,0,0,0
electron-react-boilerplate/electron-react-boilerplate,49f652c015d6a19081470366fb341a046fb0cc49,,,4.7.4,1664994536,16,0,0,0,0,0,0,0,0,0,0,0,0,0
electron-react-boilerplate/electron-react-boilerplate,8b29d48e3f954fe3b196202f1a3f8d5b644af3c3,,,4.7.4,1664994676,16,0,0,0,0,0,0,0,0,0,0,0,0,0
electron-react-boilerplate/electron-react-boilerplate,aa3aad5e05fdd60d8c5c088dc455d5a9236424b4,,,4.7.4,1665427823,16,0,0,0,0,0,0,0,0,0,0,0,0,0
electron-react-boilerplate/electron-react-boilerplate,ba11cd892d1d2586cd553045397b9a1b587e0b28,,,4.7.4,1669261798,16,0,0,0,0,0,0,0,0,0,0,0,0,0
electron-react-boilerplate/electron-react-boilerplate,4ec3fd499423c12f814cccae2c639b63c5824b4c,,,4.7.4,1669261825,16,0,0,0,0,0,0,0,0,0,0,0,0,0
electron-react-boilerplate/electron-react-boilerplate,95e3d4ef44526f0e87b7e33a2b45572cbba4129b,,,4.7.4,1669261836,16,0,0,0,0,0,0,0,0,0,0,0,0,0
