FaridSafi/react-native-gifted-chat,0f73dd6f7274d51e1a3567d81817f2fbf29bd62a,react-native-gifted-chat,0.14.0,3.4.5,1577953712,8,0,0,0,0,0,0,0,0,0,0,0,0,0
FaridSafi/react-native-gifted-chat,3ec8c5c6c00edcf8c95493c3dc40c87fa571c0ad,react-native-gifted-chat,0.14.0,3.4.5,1577953874,8,0,0,0,0,0,0,0,0,0,0,0,0,0
FaridSafi/react-native-gifted-chat,3900884f73583aefb9d344c679297cf5d7c935c9,react-native-gifted-chat,0.14.0,3.4.5,1577973225,8,0,0,0,0,0,0,0,0,0,0,0,0,0
FaridSafi/react-native-gifted-chat,510c9adcec1a1861d59614ae81a7157bf196a849,react-native-gifted-chat,0.14.0,3.4.5,1578070107,8,0,0,0,0,0,0,0,0,0,0,0,0,0
FaridSafi/react-native-gifted-chat,4cc80ea2cfd4584164e0aac86fa36ed72eff03b0,react-native-gifted-chat,0.14.0,3.4.5,1578123835,8,0,0,0,0,0,0,0,0,0,0,0,0,0
FaridSafi/react-native-gifted-chat,e14aa1e073668be0cae02485c3c06c0478fbb8c0,react-native-gifted-chat,0.14.0,3.4.5,1578309695,8,0,0,0,0,0,0,0,0,0,0,0,0,0
FaridSafi/react-native-gifted-chat,834d0ea57b8f772c0bc0810e26458a094237888b,react-native-gifted-chat,0.14.0,3.4.5,1578488061,8,0,0,0,0,0,0,0,0,0,0,0,0,0
FaridSafi/react-native-gifted-chat,209261652b924cc3ec087127bf4c7d73d8f91e3b,react-native-gifted-chat,0.14.0,3.4.5,1578564230,8,0,0,0,0,0,0,0,0,0,0,0,0,0
FaridSafi/react-native-gifted-chat,ce4b392c9688b35540ba2f0eaa70c55d907517a0,react-native-gifted-chat,0.14.0,3.4.5,1578564230,8,0,0,0,0,0,0,0,0,0,0,0,0,0
FaridSafi/react-native-gifted-chat,d4376ae3cd85afc062fba2c83bcd5ffae85e5a0b,react-native-gifted-chat,0.14.0,3.4.5,1578947460,8,0,0,0,0,0,0,0,0,0,0,0,0,0
FaridSafi/react-native-gifted-chat,35d39b5bf95f88a69d203b37a4e52459a14a4b6f,react-native-gifted-chat,0.14.0,3.4.5,1579005591,8,0,0,0,0,0,0,0,0,0,0,0,0,0
FaridSafi/react-native-gifted-chat,b00099e92c76b3f0b1ceb4f0663d31db566dd694,react-native-gifted-chat,0.14.0,3.4.5,1579904875,8,0,0,0,0,0,0,0,0,0,0,0,0,0
FaridSafi/react-native-gifted-chat,83bc88e32ea03ef172931b2820ceb4c11e1b2cb5,react-native-gifted-chat,0.14.0,3.4.5,1579904875,8,0,0,0,0,0,0,0,0,0,0,0,0,0
FaridSafi/react-native-gifted-chat,c5e2afb97103256139bad525734da5426fb10bd2,react-native-gifted-chat,0.14.0,3.4.5,1580373453,8,0,0,0,0,0,0,0,0,0,0,0,0,0
FaridSafi/react-native-gifted-chat,fd12278506a997539b23ba83f695655ad080c3b1,react-native-gifted-chat,0.14.0,3.4.5,1580373453,8,0,0,0,0,0,0,0,0,0,0,0,0,0
FaridSafi/react-native-gifted-chat,8fd0498200df33f9b62c88658ec12fb4c01ee89d,react-native-gifted-chat,0.14.0,3.4.5,1580373469,8,0,0,0,0,0,0,0,0,0,0,0,0,0
FaridSafi/react-native-gifted-chat,fafef3da2021896d50cf474dd7396ffeb2dd4fba,react-native-gifted-chat,0.14.0,3.4.5,1580373469,8,0,0,0,0,0,0,0,0,0,0,0,0,0
FaridSafi/react-native-gifted-chat,4a1b6cda51afe30fa29d6869f41b38eabf5ce25d,react-native-gifted-chat,0.14.0,3.4.5,1580373493,8,0,0,0,0,0,0,0,0,0,0,0,0,0
FaridSafi/react-native-gifted-chat,19537bcd3df31a1b5541f6e610123de7c5c2364b,react-native-gifted-chat,0.14.0,3.4.5,1580373532,8,0,0,0,0,0,0,0,0,0,0,0,0,0
FaridSafi/react-native-gifted-chat,1edb1034d12175dcf7e99a949e57f764903a3a41,react-native-gifted-chat,0.14.0,3.4.5,1580373532,8,0,0,0,0,0,0,0,0,0,0,0,0,0
FaridSafi/react-native-gifted-chat,6c17d5981beca4d7de4a812433c632895eab982b,react-native-gifted-chat,0.14.0,3.4.5,1580373558,8,0,0,0,0,0,0,0,0,0,0,0,0,0
FaridSafi/react-native-gifted-chat,f7f45964cebf09c83de4705ef94df663728400bb,react-native-gifted-chat,0.14.0,3.4.5,1580373558,8,0,0,0,0,0,0,0,0,0,0,0,0,0
FaridSafi/react-native-gifted-chat,ded83d646f0316c55bf5649ce30869809f2fb5c1,react-native-gifted-chat,0.14.0,3.4.5,1580373558,8,0,0,0,0,0,0,0,0,0,0,0,0,0
FaridSafi/react-native-gifted-chat,cdc329564ce2c3c852b8198d615c4e9ea8ab8d34,react-native-gifted-chat,0.14.0,3.4.5,1580373558,8,0,0,0,0,0,0,0,0,0,0,0,0,0
FaridSafi/react-native-gifted-chat,acd2743c98a61eb7bc440bf8aa58b74620020895,react-native-gifted-chat,0.14.0,3.4.5,1580373558,8,0,0,0,0,0,0,0,0,0,0,0,0,0
FaridSafi/react-native-gifted-chat,7a0994634ceba148b8d320b13405ddc4af52862d,react-native-gifted-chat,0.14.0,3.4.5,1580373558,8,0,0,0,0,0,0,0,0,0,0,0,0,0
FaridSafi/react-native-gifted-chat,7c9436665b4d96f68c99a361982f1dbae6033efd,react-native-gifted-chat,0.14.0,3.4.5,1580373558,8,0,0,0,0,0,0,0,0,0,0,0,0,0
FaridSafi/react-native-gifted-chat,d79eea87a0ce744e1853ddd38dbd27d266365552,react-native-gifted-chat,0.14.0,3.4.5,1580373558,8,0,0,0,0,0,0,0,0,0,0,0,0,0
FaridSafi/react-native-gifted-chat,96ea937c7af2ba9c59f722077f6e3f60df2d0842,react-native-gifted-chat,0.14.0,3.4.5,1580750827,8,0,0,0,0,0,0,0,0,0,0,0,0,0
FaridSafi/react-native-gifted-chat,1e4d03557bc6165d6c4ba954a809265255954dda,react-native-gifted-chat,0.14.0,3.4.5,1580847075,8,0,0,0,0,0,0,0,0,0,0,0,0,0
FaridSafi/react-native-gifted-chat,8a7f3ad6b382d8f16f7aa1b5430782dce9f02277,react-native-gifted-chat,0.14.0,3.4.5,1580847075,8,0,0,0,0,0,0,0,0,0,0,0,0,0
FaridSafi/react-native-gifted-chat,d79f83291920b18a8db4de127f83fbedc11b032c,react-native-gifted-chat,0.14.0,3.4.5,1581098667,8,0,0,0,0,0,0,0,0,0,0,0,0,0
FaridSafi/react-native-gifted-chat,0e34346c3208c3484b7d403d6bc46db18571013e,react-native-gifted-chat,0.14.0,3.4.5,1581098667,8,0,0,0,0,0,0,0,0,0,0,0,0,0
FaridSafi/react-native-gifted-chat,7e2110ad668f80ec29cc8ca49e8f9356cf9b278c,react-native-gifted-chat,0.14.0,3.4.5,1581098699,8,0,0,0,0,0,0,0,0,0,0,0,0,0
FaridSafi/react-native-gifted-chat,0e92ff3c7878dd99b01fd2feffc7fe27e4ae0059,react-native-gifted-chat,0.14.0,3.4.5,1581098699,8,0,0,0,0,0,0,0,0,0,0,0,0,0
FaridSafi/react-native-gifted-chat,cfbb3c7c70abd30b0e4f270de1b1132d9cc6b89a,react-native-gifted-chat,0.14.0,3.4.5,1581098727,8,0,0,0,0,0,0,0,0,0,0,0,0,0
FaridSafi/react-native-gifted-chat,4d2f3f15ac09b2c036086b3f5229296d9b365865,react-native-gifted-chat,0.14.0,3.4.5,1581098727,8,0,0,0,0,0,0,0,0,0,0,0,0,0
FaridSafi/react-native-gifted-chat,15507a748384190c2744feed79dcbfe362f172ae,react-native-gifted-chat,0.14.0,3.4.5,1582022987,8,0,0,0,0,0,0,0,0,0,0,0,0,0
FaridSafi/react-native-gifted-chat,8f721f5803656585c254928f8fdf39f53bc32a1a,react-native-gifted-chat,0.14.0,3.4.5,1582196589,8,0,0,0,0,0,0,0,0,0,0,0,0,0
FaridSafi/react-native-gifted-chat,c2ea660b90398b8a113907954837a35dd5d0e928,react-native-gifted-chat,0.14.0,3.4.5,1582196589,8,0,0,0,0,0,0,0,0,0,0,0,0,0
FaridSafi/react-native-gifted-chat,00d5960b95255fc2ebb1a84bc7601f5c22645dbc,react-native-gifted-chat,0.14.0,3.4.5,1582309666,8,0,0,0,0,0,0,0,0,0,0,0,0,0
FaridSafi/react-native-gifted-chat,9a2050ce25176041f67bbcc7151792a03d609faf,react-native-gifted-chat,0.14.0,3.4.5,1582552863,8,0,0,0,0,0,0,0,0,0,0,0,0,0
FaridSafi/react-native-gifted-chat,cfd89d6b7b9598527d183e6d16867d00894d4e08,react-native-gifted-chat,0.14.0,3.4.5,1582552863,8,0,0,0,0,0,0,0,0,0,0,0,0,0
FaridSafi/react-native-gifted-chat,5f571da4a4870fc4a2c6404ad23052140562e3fe,react-native-gifted-chat,0.14.0,3.4.5,1582715744,8,0,0,0,0,0,0,0,0,0,0,0,0,0
FaridSafi/react-native-gifted-chat,4bdc295cc6210772014dca91a054acbee0f52448,react-native-gifted-chat,0.14.0,3.4.5,1583357211,8,0,0,0,0,0,0,0,0,0,0,0,0,0
FaridSafi/react-native-gifted-chat,aecfa345082590c2434cb00d97750e9eda81177d,react-native-gifted-chat,0.14.0,3.4.5,1584890579,8,0,0,0,0,0,0,0,0,0,0,0,0,0
FaridSafi/react-native-gifted-chat,656a700106923e7e92a5a4644e0729fef35f0a30,react-native-gifted-chat,0.14.0,3.4.5,1585899597,8,0,0,0,0,0,0,0,0,0,0,0,0,0
FaridSafi/react-native-gifted-chat,2f7a299f9abb19d8ac0094db87a607c0d5688b37,react-native-gifted-chat,0.14.0,3.4.5,1586974558,8,0,0,0,0,0,0,0,0,0,0,0,0,0
FaridSafi/react-native-gifted-chat,17de38f7423e11f2c60e392fc8fe1e6dbabdab45,react-native-gifted-chat,0.14.0,3.8.3,1588449982,8,0,0,0,0,0,0,0,0,0,0,0,0,0
FaridSafi/react-native-gifted-chat,1a44ab98bc299b0f7c9bedbdc9a979ae9bc2e213,react-native-gifted-chat,0.14.0,3.8.3,1588449982,8,0,0,0,0,0,0,0,0,0,0,0,0,0
FaridSafi/react-native-gifted-chat,4f17d1a67151f44947af45d7508bfb688f592dbd,react-native-gifted-chat,0.14.0,3.8.3,1588449982,8,0,0,0,0,0,0,0,0,0,0,0,0,0
FaridSafi/react-native-gifted-chat,51a5c7079e1046302405c1c21e21bebb2cab752a,react-native-gifted-chat,0.14.0,3.8.3,1588680097,8,0,0,0,0,0,0,0,0,0,0,0,0,0
FaridSafi/react-native-gifted-chat,43d31d3c104233d49f2bf30628f605053cef3141,react-native-gifted-chat,0.14.0,3.8.3,1588681450,8,0,0,0,0,0,0,0,0,0,0,0,0,0
FaridSafi/react-native-gifted-chat,1d914a4b6ac7739e4d19b94462d607c833099a7e,react-native-gifted-chat,0.14.0,3.8.3,1588755491,8,0,0,0,0,0,0,0,0,0,0,0,0,0
FaridSafi/react-native-gifted-chat,e1cc868c5f83cdbd1dc630b13cdc035ae7cdb10b,react-native-gifted-chat,0.14.0,3.8.3,1588758308,8,0,0,0,0,0,0,0,0,0,0,0,0,0
FaridSafi/react-native-gifted-chat,4614421d962530b97187a9c91b253b946ee5f88b,react-native-gifted-chat,0.14.0,3.8.3,1588758670,8,0,0,0,0,0,0,0,0,0,0,0,0,0
FaridSafi/react-native-gifted-chat,b32046d7360f68e77cebaf1f6f733b90602ccc66,react-native-gifted-chat,0.14.0,3.8.3,1588761080,8,0,0,0,0,0,0,0,0,0,0,0,0,0
FaridSafi/react-native-gifted-chat,10e52206f03c13d6f28b67a72decb3194ab1c457,react-native-gifted-chat,0.14.0,3.8.3,1588761284,8,0,0,0,0,0,0,0,0,0,0,0,0,0
FaridSafi/react-native-gifted-chat,dcf8f0a23ad003f3773b653f630b01707a821ab9,react-native-gifted-chat,0.14.0,3.8.3,1588765418,8,0,0,0,0,0,0,0,0,0,0,0,0,0
FaridSafi/react-native-gifted-chat,fcb99da6ab70b2c3cbbaffe5c986cd1c56850ced,react-native-gifted-chat,0.14.0,3.8.3,1588765486,8,0,0,0,0,0,0,0,0,0,0,0,0,0
FaridSafi/react-native-gifted-chat,21a9a365605ea56c2839cb31611a19ad3159ce3b,react-native-gifted-chat,0.14.0,3.8.3,1588765980,8,0,0,0,0,0,0,0,0,0,0,0,0,0
FaridSafi/react-native-gifted-chat,0a36bf669d3576056acd3d1e5d7bc5c1edeed463,react-native-gifted-chat,0.14.0,3.8.3,1588766327,8,0,0,0,0,0,0,0,0,0,0,0,0,0
FaridSafi/react-native-gifted-chat,a82818b236df68864c4300c7b7e645051fcf36bf,react-native-gifted-chat,0.14.0,3.8.3,1588766344,8,0,0,0,0,0,0,0,0,0,0,0,0,0
FaridSafi/react-native-gifted-chat,e6f244fd380291d758f53bf08891fdc018ddcbcc,react-native-gifted-chat,0.14.0,3.8.3,1588766467,8,0,0,0,0,0,0,0,0,0,0,0,0,0
FaridSafi/react-native-gifted-chat,ab50f8aef8c123d1379be26edc3bc7c22443ba04,react-native-gifted-chat,0.14.0,3.8.3,1588767730,8,0,0,0,0,0,0,0,0,0,0,0,0,0
FaridSafi/react-native-gifted-chat,a4bc3cea542b6e523ff392c3229c2efc83525abd,react-native-gifted-chat,0.14.0,3.8.3,1588768494,8,0,0,0,0,0,0,0,0,0,0,0,0,0
FaridSafi/react-native-gifted-chat,453b2c36b6798b9c7091a4756442e8c299a8ef8f,react-native-gifted-chat,0.14.0,3.8.3,1588770506,8,0,0,0,0,0,0,0,0,0,0,0,0,0
FaridSafi/react-native-gifted-chat,61173f972880dd5516fb38a09f9baf0d1f4fc863,react-native-gifted-chat,0.14.1,3.8.3,1588770527,8,0,0,0,0,0,0,0,0,0,0,0,0,0
FaridSafi/react-native-gifted-chat,2dd748af8e4b9deb1417bb54122c53c982d05817,react-native-gifted-chat,0.14.1,3.8.3,1588838191,8,0,0,0,0,0,0,0,0,0,0,0,0,0
FaridSafi/react-native-gifted-chat,2fb040da2f524e24a8d5f331c5fcee59409e4a15,react-native-gifted-chat,0.14.1,3.8.3,1588838826,8,0,0,0,0,0,0,0,0,0,0,0,0,0
FaridSafi/react-native-gifted-chat,7c2b566e32dda94ea3bf6847ee75aa34977daf76,react-native-gifted-chat,0.14.1,3.8.3,1588854609,8,0,0,0,0,0,0,0,0,0,0,0,0,0
FaridSafi/react-native-gifted-chat,88d9366e1787bc7fce035d72801daa545a596332,react-native-gifted-chat,0.14.1,3.8.3,1588862506,8,0,0,0,0,0,0,0,0,0,0,0,0,0
FaridSafi/react-native-gifted-chat,d0364fca68b584aa15b426ea5d36d52521508fd8,react-native-gifted-chat,0.14.1,3.8.3,1588862782,8,0,0,0,0,0,0,0,0,0,0,0,0,0
FaridSafi/react-native-gifted-chat,04bf818255380ff7161af2fc957c6653c0352127,react-native-gifted-chat,0.14.1,3.8.3,1588865408,8,0,0,0,0,0,0,0,0,0,0,0,0,0
FaridSafi/react-native-gifted-chat,557dbc2a648bc3965e992e921f65c8f9a9b6529b,react-native-gifted-chat,0.15.0,3.8.3,1588866170,8,0,0,0,0,0,0,0,0,0,0,0,0,0
FaridSafi/react-native-gifted-chat,af299e4eb754275f0afec59d19f43c2f9ec0ea07,react-native-gifted-chat,0.15.0,3.8.3,1588866331,8,0,0,0,0,0,0,0,0,0,0,0,0,0
FaridSafi/react-native-gifted-chat,80296ebc9f8ae1f4d6d60f4fd9da17d442a97f4b,react-native-gifted-chat,0.15.0,3.8.3,1588866491,8,0,0,0,0,0,0,0,0,0,0,0,0,0
FaridSafi/react-native-gifted-chat,e2b293813ee75964d2b576fe43184c38d86a619b,react-native-gifted-chat,0.15.1,3.8.3,1588866512,8,0,0,0,0,0,0,0,0,0,0,0,0,0
FaridSafi/react-native-gifted-chat,94bc142a75f7271c44dffa5ddf273673b9f97e44,react-native-gifted-chat,0.15.1,3.8.3,1588866596,8,0,0,0,0,0,0,0,0,0,0,0,0,0
FaridSafi/react-native-gifted-chat,66583937707e1eb14629abe8545ab778074ea51e,react-native-gifted-chat,0.15.2,3.8.3,1588866695,8,0,0,0,0,0,0,0,0,0,0,0,0,0
FaridSafi/react-native-gifted-chat,d1841431c4e936dfa71fe60dfd99d9c6eae47e24,react-native-gifted-chat,0.15.0,3.8.3,1588917206,8,0,0,0,0,0,0,0,0,0,0,0,0,0
FaridSafi/react-native-gifted-chat,76169710d0d9e4330472b681e338d9b7480a904c,react-native-gifted-chat,0.15.0,3.8.3,1588940463,8,0,0,0,0,0,0,0,0,0,0,0,0,0
FaridSafi/react-native-gifted-chat,b8c991f68fa71da2a2e06dd847ad3125bb2e43ae,react-native-gifted-chat,0.15.1,3.8.3,1588940463,8,0,0,0,0,0,0,0,0,0,0,0,0,0
FaridSafi/react-native-gifted-chat,35a319a61ae2c3650db5a2b2d8910cbdd787ae91,react-native-gifted-chat,0.15.2,3.8.3,1588940464,8,0,0,0,0,0,0,0,0,0,0,0,0,0
FaridSafi/react-native-gifted-chat,7d17119396f5d78d0f320a04eff51a35a7546ec9,react-native-gifted-chat,0.15.2,3.8.3,1588940464,8,0,0,0,0,0,0,0,0,0,0,0,0,0
FaridSafi/react-native-gifted-chat,fac31733ec73c93b217b66f4f7e37338faad758e,react-native-gifted-chat,0.15.3,3.8.3,1588940464,8,0,0,0,0,0,0,0,0,0,0,0,0,0
FaridSafi/react-native-gifted-chat,453551a1467b2e4ecece99733288acaf156b5e51,react-native-gifted-chat,0.15.1,3.8.3,1588940464,8,0,0,0,0,0,0,0,0,0,0,0,0,0
FaridSafi/react-native-gifted-chat,155026d604c1a5780719087fedf2fc9bcb54235e,react-native-gifted-chat,0.15.3,3.8.3,1589073423,8,0,0,0,0,0,0,0,0,0,0,0,0,0
FaridSafi/react-native-gifted-chat,25b44e61c7376fe2f7536e0f222dbd99e579e429,react-native-gifted-chat,0.15.3,3.8.3,1589073427,8,0,0,0,0,0,0,0,0,0,0,0,0,0
FaridSafi/react-native-gifted-chat,6c94b4f0b7d8bef46567f9427e173c021c368ea8,react-native-gifted-chat,0.15.3,3.8.3,1589160920,8,0,0,0,0,0,0,0,0,0,0,0,0,0
FaridSafi/react-native-gifted-chat,d46d50374817bbddb1f56f5cdad87f4ded1fdfda,react-native-gifted-chat,0.15.3,3.8.3,1589160924,8,0,0,0,0,0,0,0,0,0,0,0,0,0
FaridSafi/react-native-gifted-chat,70291e856c39c0881f0bc50ecfc9c012dc09f726,react-native-gifted-chat,0.16.0,3.8.3,1589186093,8,0,0,0,0,0,0,0,0,0,0,0,0,0
FaridSafi/react-native-gifted-chat,3d180811d02ef56584e831adf78754871a103ec0,react-native-gifted-chat,0.16.0,3.8.3,1589239149,8,0,0,0,0,0,0,0,0,0,0,0,0,0
FaridSafi/react-native-gifted-chat,2b53421f4e63dad035ed9278faf0a366d83db7de,react-native-gifted-chat,0.16.0,3.8.3,1589239154,8,0,0,0,0,0,0,0,0,0,0,0,0,0
FaridSafi/react-native-gifted-chat,5c5afc8ab4716e1e9651927392fb6c98d5f9a912,react-native-gifted-chat,0.16.0,3.8.3,1589358012,8,0,0,0,0,0,0,0,0,0,0,0,0,0
FaridSafi/react-native-gifted-chat,a4b13e96721aaa20faa208343c45d076173de0ea,react-native-gifted-chat,0.16.0,3.8.3,1589358016,8,0,0,0,0,0,0,0,0,0,0,0,0,0
FaridSafi/react-native-gifted-chat,fa7353f9d5f78b4675dd6d14624ff0683407c0ee,react-native-gifted-chat,0.16.0,3.8.3,1589365926,8,0,0,0,0,0,0,0,0,0,0,0,0,0
FaridSafi/react-native-gifted-chat,1949e5d0968b69c576373b1cc896ada8799a52d4,react-native-gifted-chat,0.16.0,3.8.3,1589365979,8,0,0,0,0,0,0,0,0,0,0,0,0,0
FaridSafi/react-native-gifted-chat,f6d46a78bf49536224d6d768e811d5876abca11d,react-native-gifted-chat,0.16.1,3.8.3,1589366118,8,0,0,0,0,0,0,0,0,0,0,0,0,0
FaridSafi/react-native-gifted-chat,2d9232fb234c12c2074386bc2c0f94dfaafd2010,react-native-gifted-chat,0.16.1,3.8.3,1589375101,8,0,0,0,0,0,0,0,0,0,0,0,0,0
FaridSafi/react-native-gifted-chat,bf8d6d3915ac3053e59b2201c03a5508679a8827,react-native-gifted-chat,0.16.1,3.8.3,1589398066,8,0,0,0,0,0,0,0,0,0,0,0,0,0
FaridSafi/react-native-gifted-chat,3d79123c93f1a83857b9fb181908eb8bd502a65b,react-native-gifted-chat,0.16.1,3.8.3,1589398070,8,0,0,0,0,0,0,0,0,0,0,0,0,0
FaridSafi/react-native-gifted-chat,0b9ed5aa79f2e0f1d3da56fc2c508f19246b59b6,react-native-gifted-chat,0.16.1,3.8.3,1589442356,8,0,0,0,0,0,0,0,0,0,0,0,0,0
FaridSafi/react-native-gifted-chat,11da55bc081555d227c8602189975c1e4646aca3,react-native-gifted-chat,0.16.1,3.8.3,1589479082,8,0,0,0,0,0,0,0,0,0,0,0,0,0
FaridSafi/react-native-gifted-chat,6ec9c7cc924577c27c741d5e8b8fb904adf16db9,react-native-gifted-chat,0.16.1,3.8.3,1589479086,8,0,0,0,0,0,0,0,0,0,0,0,0,0
FaridSafi/react-native-gifted-chat,69f62ae029e5cd1d54c89ed5dc2dfd5644e9b79b,react-native-gifted-chat,0.16.1,3.8.3,1589501279,8,0,0,0,0,0,0,0,0,0,0,0,0,0
FaridSafi/react-native-gifted-chat,92c1c851f842753adcc9b0ac7612bd9b9901d3ba,react-native-gifted-chat,0.16.1,3.8.3,1589535396,8,0,0,0,0,0,0,0,0,0,0,0,0,0
FaridSafi/react-native-gifted-chat,c4bcdd0b9b93ff97d0fd723c5ff233d8aedadd44,react-native-gifted-chat,0.16.1,3.8.3,1589535396,8,0,0,0,0,0,0,0,0,0,0,0,0,0
FaridSafi/react-native-gifted-chat,0d009c5d4fe8523019408265da702dac39040003,react-native-gifted-chat,0.16.1,3.8.3,1589565942,8,0,0,0,0,0,0,0,0,0,0,0,0,0
FaridSafi/react-native-gifted-chat,5a1efe1c510566de2ecba3397f4f319a187f135e,react-native-gifted-chat,0.16.1,3.8.3,1589565946,8,0,0,0,0,0,0,0,0,0,0,0,0,0
FaridSafi/react-native-gifted-chat,4a9acbf95c2b27734924e4d17d0553afed497312,react-native-gifted-chat,0.16.1,3.8.3,1589580016,8,0,0,0,0,0,0,0,0,0,0,0,0,0
FaridSafi/react-native-gifted-chat,33899919de8c5356dd1d4cc0cf25a4cfae7d8a64,react-native-gifted-chat,0.16.1,3.8.3,1589580020,8,0,0,0,0,0,0,0,0,0,0,0,0,0
FaridSafi/react-native-gifted-chat,4b4065e01b7fb73d68209badfff1813a43fea8bf,react-native-gifted-chat,0.16.1,3.8.3,1589832881,8,0,0,0,0,0,0,0,0,0,0,0,0,0
FaridSafi/react-native-gifted-chat,e3d5fba6e13826e7607c367ac0e2a120e597736f,react-native-gifted-chat,0.16.1,3.8.3,1589832885,8,0,0,0,0,0,0,0,0,0,0,0,0,0
FaridSafi/react-native-gifted-chat,dcaca7a82704bf5fd988fd598e33623bf2d2d8f9,react-native-gifted-chat,0.16.1,3.8.3,1589874960,8,0,0,0,0,0,0,0,0,0,0,0,0,0
FaridSafi/react-native-gifted-chat,1c1e21e2895006e5717f381f1eda81947c957063,react-native-gifted-chat,0.16.1,3.8.3,1589874960,8,0,0,0,0,0,0,0,0,0,0,0,0,0
FaridSafi/react-native-gifted-chat,e2f3ea82654c7dbe926fd56a24ea896da44cd447,react-native-gifted-chat,0.16.1,3.8.3,1589893221,8,0,0,0,0,0,0,0,0,0,0,0,0,0
FaridSafi/react-native-gifted-chat,11c00bd7fcb3f1b22fbec1be8d76d7249141b1f9,react-native-gifted-chat,0.16.1,3.8.3,1589893225,8,0,0,0,0,0,0,0,0,0,0,0,0,0
FaridSafi/react-native-gifted-chat,de8e9084d4d0a0103579108f28e988ab4013f8d7,react-native-gifted-chat,0.16.1,3.8.3,1589916742,8,0,0,0,0,0,0,0,0,0,0,0,0,0
FaridSafi/react-native-gifted-chat,49cad74efd4197d67eedf8a6f36b0b24bc592ada,react-native-gifted-chat,0.16.1,3.8.3,1589916746,8,0,0,0,0,0,0,0,0,0,0,0,0,0
FaridSafi/react-native-gifted-chat,b7605da14b1265ab94b18109d477be5aa45cede7,react-native-gifted-chat,0.16.1,3.8.3,1589998583,8,0,0,0,0,0,0,0,0,0,0,0,0,0
FaridSafi/react-native-gifted-chat,ede58f0f57bf4ebf5f64373933a627a73f872fec,react-native-gifted-chat,0.16.1,3.8.3,1589998587,8,0,0,0,0,0,0,0,0,0,0,0,0,0
FaridSafi/react-native-gifted-chat,5071a895a3c50f0141d9af9728d720aaf3d0e710,react-native-gifted-chat,0.16.1,3.8.3,1590001451,8,0,0,0,0,0,0,0,0,0,0,0,0,0
FaridSafi/react-native-gifted-chat,baa2b071df2cfdae6e238b0dc8e77907c1879d2f,react-native-gifted-chat,0.16.1,3.8.3,1590001455,8,0,0,0,0,0,0,0,0,0,0,0,0,0
FaridSafi/react-native-gifted-chat,bb48a8b889b8731ea800bbc34524e74e463b1b2e,react-native-gifted-chat,0.16.1,3.8.3,1590004256,8,0,0,0,0,0,0,0,0,0,0,0,0,0
FaridSafi/react-native-gifted-chat,ab5cf233042f51ab921191d777d5933aa3c8daed,react-native-gifted-chat,0.16.1,3.8.3,1590004260,8,0,0,0,0,0,0,0,0,0,0,0,0,0
FaridSafi/react-native-gifted-chat,96523c0979e5b9148fcc0f4c7fa6f29ed1080987,react-native-gifted-chat,0.16.1,3.8.3,1590008462,8,0,0,0,0,0,0,0,0,0,0,0,0,0
FaridSafi/react-native-gifted-chat,e8261be85e9463eec01471890a5a2e96c3772d7d,react-native-gifted-chat,0.16.1,3.8.3,1590008466,8,0,0,0,0,0,0,0,0,0,0,0,0,0
FaridSafi/react-native-gifted-chat,21f8bbb5620e537ed789979635e8164042b0a74c,react-native-gifted-chat,0.16.1,3.8.3,1590188252,8,0,0,0,0,0,0,0,0,0,0,0,0,0
FaridSafi/react-native-gifted-chat,673e234b6ee7b8439d1935e1049c0b777bd17943,react-native-gifted-chat,0.16.1,3.8.3,1590188256,8,0,0,0,0,0,0,0,0,0,0,0,0,0
FaridSafi/react-native-gifted-chat,2fc7b99b9638d889e25b21e2e6e5aa719c53147f,react-native-gifted-chat,0.16.1,3.8.3,1590346291,8,0,0,0,0,0,0,0,0,0,0,0,0,0
FaridSafi/react-native-gifted-chat,d298353b6a2187822ca70cf982bba04289bb66b2,react-native-gifted-chat,0.16.1,3.8.3,1590537893,8,0,0,0,0,0,0,0,0,0,0,0,0,0
FaridSafi/react-native-gifted-chat,ebc208cb9f4d13d1529c831cbc1ce462cc6e97a7,react-native-gifted-chat,0.16.1,3.8.3,1590537896,8,0,0,0,0,0,0,0,0,0,0,0,0,0
FaridSafi/react-native-gifted-chat,1a3f07b2fe95ed58dafc6c861aae75bd1b1612c1,react-native-gifted-chat,0.16.1,3.8.3,1590576865,8,0,0,0,0,0,0,0,0,0,0,0,0,0
FaridSafi/react-native-gifted-chat,4a4ee3a4b37442f9a9f51fdae8770eee5b74737a,react-native-gifted-chat,0.16.1,3.8.3,1590576868,8,0,0,0,0,0,0,0,0,0,0,0,0,0
FaridSafi/react-native-gifted-chat,ed5bdbd6357e4aed8a35599e02d33214644c0252,react-native-gifted-chat,0.16.1,3.8.3,1590624243,8,0,0,0,0,0,0,0,0,0,0,0,0,0
FaridSafi/react-native-gifted-chat,68b879dbd3652612337dd788e4c09bd9fbbd66c2,react-native-gifted-chat,0.16.1,3.8.3,1590624246,8,0,0,0,0,0,0,0,0,0,0,0,0,0
FaridSafi/react-native-gifted-chat,8d689c9b7ac386e6f218d1442669d927e4c12799,react-native-gifted-chat,0.16.1,3.8.3,1590624250,8,0,0,0,0,0,0,0,0,0,0,0,0,0
FaridSafi/react-native-gifted-chat,2ac5d5b49f9eb7e41c68204115c70a0ec393b2fb,react-native-gifted-chat,0.16.1,3.8.3,1590637542,8,0,0,0,0,0,0,0,0,0,0,0,0,0
FaridSafi/react-native-gifted-chat,eb02fa02ed561c9e2d8faa98d6c5461f18ac2d72,react-native-gifted-chat,0.16.1,3.8.3,1590637546,8,0,0,0,0,0,0,0,0,0,0,0,0,0
FaridSafi/react-native-gifted-chat,cf855c562647812f03d462ba2c6b3969b6aa42e9,react-native-gifted-chat,0.16.1,3.8.3,1590875105,8,0,0,0,0,0,0,0,0,0,0,0,0,0
FaridSafi/react-native-gifted-chat,13fdf96720efccd125fe733ae964753659d72165,react-native-gifted-chat,0.16.1,3.8.3,1590875108,8,0,0,0,0,0,0,0,0,0,0,0,0,0
FaridSafi/react-native-gifted-chat,506668fede37a8ff26d990be0cc459e14a92d8ee,react-native-gifted-chat,0.16.1,3.8.3,1590875111,8,0,0,0,0,0,0,0,0,0,0,0,0,0
FaridSafi/react-native-gifted-chat,1b08a9a9097b81ae006683699eefd0fa3637ff82,react-native-gifted-chat,0.16.1,3.8.3,1590881191,8,0,0,0,0,0,0,0,0,0,0,0,0,0
FaridSafi/react-native-gifted-chat,0e899537b22524dc5a2b19bc9d4299a211b64d5e,react-native-gifted-chat,0.16.1,3.8.3,1590881194,8,0,0,0,0,0,0,0,0,0,0,0,0,0
FaridSafi/react-native-gifted-chat,e0030de59d96bf712eb40f8cdd299f7e9d442373,react-native-gifted-chat,0.16.1,3.8.3,1590881198,8,0,0,0,0,0,0,0,0,0,0,0,0,0
FaridSafi/react-native-gifted-chat,da29a0e1a026753f266b03a8191c005ff01d3e73,react-native-gifted-chat,0.16.1,3.8.3,1591084287,8,0,0,0,0,0,0,0,0,0,0,0,0,0
FaridSafi/react-native-gifted-chat,d669655c1d2a4c19680939295d6039ea8520d0fe,react-native-gifted-chat,0.16.1,3.8.3,1591084290,8,0,0,0,0,0,0,0,0,0,0,0,0,0
FaridSafi/react-native-gifted-chat,7ea4167028648a91f8b96bec12c1bac9a0467cdf,react-native-gifted-chat,0.16.1,3.8.3,1591120595,8,0,0,0,0,0,0,0,0,0,0,0,0,0
FaridSafi/react-native-gifted-chat,04717b712148731aa17427413ae9c91bf5c24252,react-native-gifted-chat,0.16.1,3.8.3,1591120599,8,0,0,0,0,0,0,0,0,0,0,0,0,0
FaridSafi/react-native-gifted-chat,cd687f244645494818d8a89e1468316f45838269,react-native-gifted-chat,0.16.1,3.8.3,1591141925,8,0,0,0,0,0,0,0,0,0,0,0,0,0
FaridSafi/react-native-gifted-chat,40b5e76e337877a337f02c507bdcc82a7b4527c1,react-native-gifted-chat,0.16.1,3.8.3,1591188986,8,0,0,0,0,0,0,0,0,0,0,0,0,0
FaridSafi/react-native-gifted-chat,8f605e56442632aa4afab3a3b3428adf787ad8ea,react-native-gifted-chat,0.16.1,3.8.3,1591220450,8,0,0,0,0,0,0,0,0,0,0,0,0,0
FaridSafi/react-native-gifted-chat,d9eee8e23cc44bb42c46835e4c415980bc5934bb,react-native-gifted-chat,0.16.1,3.8.3,1591220450,8,0,0,0,0,0,0,0,0,0,0,0,0,0
FaridSafi/react-native-gifted-chat,3c24043d69a87c3949322a285cb66ccb468addd4,react-native-gifted-chat,0.16.1,3.8.3,1591220450,8,0,0,0,0,0,0,0,0,0,0,0,0,0
FaridSafi/react-native-gifted-chat,5159fc7b708a79f65d23b76346208380ada0f776,react-native-gifted-chat,0.16.1,3.8.3,1592494904,8,0,0,0,0,0,0,0,0,0,0,0,0,0
FaridSafi/react-native-gifted-chat,64a7965e7820d2eefbcd27ad227fff2e9a4878ea,react-native-gifted-chat,0.16.1,3.8.3,1592819440,8,0,0,0,0,0,0,0,0,0,0,0,0,0
FaridSafi/react-native-gifted-chat,e9a69359b2648d235c10d8dc574b78c1e4d5922f,react-native-gifted-chat,0.16.1,3.8.3,1593028377,8,0,0,0,0,0,0,0,0,0,0,0,0,0
FaridSafi/react-native-gifted-chat,d83c800f707e07489b628c0331c12bdda64ad617,react-native-gifted-chat,0.16.1,3.8.3,1593028542,8,0,0,0,0,0,0,0,0,0,0,0,0,0
FaridSafi/react-native-gifted-chat,8a6cdc9f985fbf94b66d9765ba9aa63138640ce0,react-native-gifted-chat,0.16.2,3.8.3,1593028597,8,0,0,0,0,0,0,0,0,0,0,0,0,0
FaridSafi/react-native-gifted-chat,29d1240598ec23bc1ab9f18dd86d7f4b88724339,react-native-gifted-chat,0.16.2,3.8.3,1593028998,8,0,0,0,0,0,0,0,0,0,0,0,0,0
FaridSafi/react-native-gifted-chat,bd60fa0690717dfc4dde1bbe24f7dc100d6d06db,react-native-gifted-chat,0.16.2,3.8.3,1593029341,8,0,0,0,0,0,0,0,0,0,0,0,0,0
FaridSafi/react-native-gifted-chat,e046e436b857dcd16c7a1c821e9a599c9b166f30,react-native-gifted-chat,0.16.2,3.8.3,1593030629,8,0,0,0,0,0,0,0,0,0,0,0,0,0
FaridSafi/react-native-gifted-chat,2fcdcf4228d2f8d1efe808b53d3e6b0da1971221,react-native-gifted-chat,0.16.2,3.8.3,1593030676,8,0,0,0,0,0,0,0,0,0,0,0,0,0
FaridSafi/react-native-gifted-chat,4452ce3c5901aea076a39b4a7d2bfc8c600cea68,react-native-gifted-chat,0.16.2,3.8.3,1593162786,8,0,0,0,0,0,0,0,0,0,0,0,0,0
FaridSafi/react-native-gifted-chat,036b347e30c1f1520f61ae6b79945fddec0b75b7,react-native-gifted-chat,0.16.3,3.8.3,1593162846,8,0,0,0,0,0,0,0,0,0,0,0,0,0
FaridSafi/react-native-gifted-chat,8b269a0866673c65846e992653fd1ea0c799412e,react-native-gifted-chat,0.16.3,3.8.3,1593163883,8,0,0,0,0,0,0,0,0,0,0,0,0,0
FaridSafi/react-native-gifted-chat,a48444402fed3f6fc43f5cc90d6f56c78c1de25c,react-native-gifted-chat,0.16.3,3.8.3,1593586764,8,0,0,0,0,0,0,0,0,0,0,0,0,0
FaridSafi/react-native-gifted-chat,2a89b687864866c60d4a265724d8ce43badf4b3b,react-native-gifted-chat,0.16.3,3.8.3,1593586764,8,0,0,0,0,0,0,0,0,0,0,0,0,0
FaridSafi/react-native-gifted-chat,d7284f5923d8b984b52a39c8b43d7cc50a6f5702,react-native-gifted-chat,0.16.3,3.8.3,1593586764,8,0,0,0,0,0,0,0,0,0,0,0,0,0
FaridSafi/react-native-gifted-chat,36388c582c0e16d91407331ed7356ba6762923b9,react-native-gifted-chat,0.16.3,3.8.3,1593620596,8,0,0,0,0,0,0,0,0,0,0,0,0,0
FaridSafi/react-native-gifted-chat,947f000c73e04ba5bb397d391849dae03b7d5054,react-native-gifted-chat,0.16.3,3.8.3,1593620596,8,0,0,0,0,0,0,0,0,0,0,0,0,0
FaridSafi/react-native-gifted-chat,96f68046b2b76ce776ba106e677d5a07c958d172,react-native-gifted-chat,0.16.3,3.8.3,1593673625,8,0,0,0,0,0,0,0,0,0,0,0,0,0
FaridSafi/react-native-gifted-chat,d76af9ff4eaddb5292f1c48dd89d983f1eaac7e6,react-native-gifted-chat,0.16.3,3.8.3,1593692556,8,0,0,0,0,0,0,0,0,0,0,0,0,0
FaridSafi/react-native-gifted-chat,12afc46e5e91a4144c74d6678aca48230e4dbb30,react-native-gifted-chat,0.16.3,3.8.3,1593980308,8,0,0,0,0,0,0,0,0,0,0,0,0,0
FaridSafi/react-native-gifted-chat,13a643ecaa1906817615019fb180de7cafc3aed0,react-native-gifted-chat,0.16.3,3.8.3,1593980308,8,0,0,0,0,0,0,0,0,0,0,0,0,0
FaridSafi/react-native-gifted-chat,3894241a848c3c7cef77b5c05b5de349fbadb49e,react-native-gifted-chat,0.16.3,3.8.3,1594299437,8,0,0,0,0,0,0,0,0,0,0,0,0,0
FaridSafi/react-native-gifted-chat,2206ae09fd392ac5899574a488dc93675b00bd9c,react-native-gifted-chat,0.16.3,3.8.3,1594796971,8,0,0,0,0,0,0,0,0,0,0,0,0,0
FaridSafi/react-native-gifted-chat,ce7b4502a3e8bbdca33b51567c18f43ebe7d656f,react-native-gifted-chat,0.16.3,3.8.3,1594797074,8,0,0,0,0,0,0,0,0,0,0,0,0,0
FaridSafi/react-native-gifted-chat,16fe7482c7e98c0fa578e352927e764fdb42fd8a,react-native-gifted-chat,0.16.3,3.8.3,1594797194,8,0,0,0,0,0,0,0,0,0,0,0,0,0
FaridSafi/react-native-gifted-chat,2b9d5dca69a21d8fc0efe24d73f1ca36596a7b99,react-native-gifted-chat,0.16.3,3.8.3,1595020083,8,0,0,0,0,0,0,0,0,0,0,0,0,0
FaridSafi/react-native-gifted-chat,dc842754c1f59ea194109bf6631b62011861bb97,react-native-gifted-chat,0.16.3,3.8.3,1597732684,8,0,0,0,0,0,0,0,0,0,0,0,0,0
FaridSafi/react-native-gifted-chat,fed5cdf6a7247ef778775692874ca93f399f4dff,react-native-gifted-chat,0.16.3,3.8.3,1600433041,8,0,0,0,0,0,0,0,0,0,0,0,0,0
FaridSafi/react-native-gifted-chat,5ba0c245d1a0e647c44a5c00d28a0497faadf6c0,react-native-gifted-chat,0.16.3,3.8.3,1600433080,8,0,0,0,0,0,0,0,0,0,0,0,0,0
FaridSafi/react-native-gifted-chat,0d27265a2a23149770b53e2be10a379094bb7d9f,react-native-gifted-chat,0.16.3,3.8.3,1613122962,8,0,0,0,0,0,0,0,0,0,0,0,0,0
FaridSafi/react-native-gifted-chat,c7f4ecb0cdacb2a1b8281f2f077fe4f85d292e2c,react-native-gifted-chat,0.16.3,3.8.3,1613123018,8,0,0,0,0,0,0,0,0,0,0,0,0,0
FaridSafi/react-native-gifted-chat,0248aa487da5a0bda1278b21f1366b9ba2e852bd,react-native-gifted-chat,0.16.3,3.8.3,1613123018,8,0,0,0,0,0,0,0,0,0,0,0,0,0
FaridSafi/react-native-gifted-chat,16b51335a53d2281e394c6a63b01e3803e687e99,react-native-gifted-chat,0.16.3,3.8.3,1613123098,8,0,0,0,0,0,0,0,0,0,0,0,0,0
FaridSafi/react-native-gifted-chat,2395633c49eedaeb68cddaabeab3eb26bdc1cd81,react-native-gifted-chat,0.16.3,3.8.3,1613123127,8,0,0,0,0,0,0,0,0,0,0,0,0,0
FaridSafi/react-native-gifted-chat,224c3173dc9ff9684d1a4fb697122081c8db32f8,react-native-gifted-chat,0.16.3,3.8.3,1613548149,8,0,0,0,0,0,0,0,0,0,0,0,0,0
FaridSafi/react-native-gifted-chat,9248498e763b9bb580f244c1f39279529390c9ab,react-native-gifted-chat,0.16.3,3.8.3,1613569526,8,0,0,0,0,0,0,0,0,0,0,0,0,0
FaridSafi/react-native-gifted-chat,7f15d86d1adfc4c67decb87d902b6f552af9f6ac,react-native-gifted-chat,0.16.3,3.8.3,1613569526,8,0,0,0,0,0,0,0,0,0,0,0,0,0
FaridSafi/react-native-gifted-chat,e9b5a65ca8b44fb1ab081656c4582557c7c8dd8a,react-native-gifted-chat,0.16.3,3.8.3,1613570129,8,0,0,0,0,0,0,0,0,0,0,0,0,0
FaridSafi/react-native-gifted-chat,ebe366d90f03450ce03b7ecb6119e8c9fffded97,react-native-gifted-chat,0.16.3,3.8.3,1613570359,9,0,0,0,0,0,0,0,0,0,0,0,0,0
FaridSafi/react-native-gifted-chat,293053231a603dd573c4f16404d4e39f46a3b206,react-native-gifted-chat,0.16.3,3.8.3,1613570360,9,0,0,0,0,0,0,0,0,0,0,0,0,0
FaridSafi/react-native-gifted-chat,6c7493099c9b7928e23cbc55dd8c53d31f0c52eb,react-native-gifted-chat,0.16.3,3.8.3,1613570360,9,0,0,0,0,0,0,0,0,0,0,0,0,0
FaridSafi/react-native-gifted-chat,6c02ec0d81172d97a5d1a8566c65596a1406ef98,react-native-gifted-chat,0.16.3,3.8.3,1613570360,9,0,0,0,0,0,0,0,0,0,0,0,0,0
FaridSafi/react-native-gifted-chat,d87c4ba66ab7f0815498453f53c8751dedcef6bf,react-native-gifted-chat,0.16.3,3.8.3,1613570434,10,0,0,0,0,0,0,0,0,0,0,0,0,0
FaridSafi/react-native-gifted-chat,ccd634dd419e759c37bb67ecdd80cbeb745cf4c0,react-native-gifted-chat,0.16.3,3.8.3,1613570434,10,0,0,0,0,0,0,0,0,0,0,0,0,0
FaridSafi/react-native-gifted-chat,260902effd61b8cbf8b04aa8e4f3bb817f5f970d,react-native-gifted-chat,0.16.3,3.8.3,1613570434,10,0,0,0,0,0,0,0,0,0,0,0,0,0
FaridSafi/react-native-gifted-chat,72dde05bd684f5b3b718c0492d3723d0415f070a,react-native-gifted-chat,0.16.3,3.8.3,1613570983,10,0,0,0,0,0,0,0,0,0,0,0,0,0
FaridSafi/react-native-gifted-chat,1e790e7adfa21e7ce7371d6b8ca2241f2d553a99,react-native-gifted-chat,0.16.3,3.8.3,1613570983,10,0,0,0,0,0,0,0,0,0,0,0,0,0
FaridSafi/react-native-gifted-chat,e43db2d4cc2367f4228187cb3e7e8f8308c75d44,react-native-gifted-chat,0.16.3,3.8.3,1613570983,10,0,0,0,0,0,0,0,0,0,0,0,0,0
FaridSafi/react-native-gifted-chat,3e06a7787cc90c68e30dcdc57d01f7050538a921,react-native-gifted-chat,0.16.3,3.8.3,1613570983,10,0,0,0,0,0,0,0,0,0,0,0,0,0
FaridSafi/react-native-gifted-chat,78c8e56f8b9197a5eb315dd319053e9baf13921f,react-native-gifted-chat,0.16.3,3.8.3,1613571027,10,0,0,0,0,0,0,0,0,0,0,0,0,0
FaridSafi/react-native-gifted-chat,fb2be17fb176e1a41769d1667ae2f7742b1ccfdd,react-native-gifted-chat,0.16.3,3.8.3,1613571027,10,0,0,0,0,0,0,0,0,0,0,0,0,0
FaridSafi/react-native-gifted-chat,215770b7c64433f3394119827b66fa69c5f41acc,react-native-gifted-chat,0.16.3,3.8.3,1613571027,10,0,0,0,0,0,0,0,0,0,0,0,0,0
FaridSafi/react-native-gifted-chat,7dc2cb4a7c5d9ad68d0f4dcd32c8631d21333975,react-native-gifted-chat,0.16.3,3.8.3,1613571094,10,0,0,0,0,0,0,0,0,0,0,0,0,0
FaridSafi/react-native-gifted-chat,deeabc83b1b9538c17e85ca3555eee4a555d66cc,react-native-gifted-chat,0.16.3,3.8.3,1613571094,10,0,0,0,0,0,0,0,0,0,0,0,0,0
FaridSafi/react-native-gifted-chat,b87f028602f83bfd0c4cb334e3fbe3d76a4853f3,react-native-gifted-chat,0.16.3,3.8.3,1613571094,10,0,0,0,0,0,0,0,0,0,0,0,0,0
FaridSafi/react-native-gifted-chat,6d93f4aabf2b2f1d13f7dc2f8e7e831ca11e8037,react-native-gifted-chat,0.16.3,3.8.3,1613571172,10,0,0,0,0,0,0,0,0,0,0,0,0,0
FaridSafi/react-native-gifted-chat,b253c74b90a2921770c3746e79ca4cb6e75c9be3,react-native-gifted-chat,0.16.3,3.8.3,1615568018,8,0,0,0,0,0,0,0,0,0,0,0,0,0
FaridSafi/react-native-gifted-chat,a2aa3392fe6a8194da076ade23481235c9d1c606,react-native-gifted-chat,0.16.3,3.8.3,1617034510,8,0,0,0,0,0,0,0,0,0,0,0,0,0
FaridSafi/react-native-gifted-chat,ea16ea4174c8bd2442772fabd507e5d364e751c1,react-native-gifted-chat,0.16.3,3.8.3,1617038269,8,0,0,0,0,0,0,0,0,0,0,0,0,0
FaridSafi/react-native-gifted-chat,03b15c09b94ad0a1803b1f3f9840596f3fe18c15,react-native-gifted-chat,0.16.3,3.8.3,1617816447,8,0,0,0,0,0,0,0,0,0,0,0,0,0
FaridSafi/react-native-gifted-chat,09952a037ced12145ffb6278aa5e74a58cabd04a,react-native-gifted-chat,0.16.3,4.0.0,1619186197,11,0,0,0,0,0,0,0,0,0,0,0,0,0
FaridSafi/react-native-gifted-chat,9e93798c2f87643f9ad9987c4f4052187b024c6e,react-native-gifted-chat,0.16.3,3.8.3,1641576254,8,0,0,0,0,0,0,0,0,0,0,0,0,0
FaridSafi/react-native-gifted-chat,3e8abdd06f1bab14863bbd6cddf131e7d93a459b,react-native-gifted-chat,0.16.3,3.8.3,1641576698,8,0,0,0,0,0,0,0,0,0,0,0,0,0
FaridSafi/react-native-gifted-chat,b1aa8714c2c0e0826604fd23c81edc40edad9250,react-native-gifted-chat,0.16.3,3.8.3,1641837231,8,0,0,0,0,0,0,0,0,0,0,0,0,0
FaridSafi/react-native-gifted-chat,a010060ac290a31a5c5a6bc569d8f1b63acc73e8,react-native-gifted-chat,1.0.0-beta-1,4.0.0,1649577902,11,0,0,0,0,0,0,0,0,0,0,0,0,0
FaridSafi/react-native-gifted-chat,ec35ccdd3b006cf72526b99d87c12733e6ce925b,react-native-gifted-chat,0.16.3,3.8.3,1649600348,8,0,0,0,0,0,0,0,0,0,0,0,0,0
FaridSafi/react-native-gifted-chat,2d87705cc3f95eeb9261c40b50a3fba4de63ec64,react-native-gifted-chat,1.0.0-beta-2,4.6.3,1649857872,11,0,0,0,0,0,0,0,0,0,0,0,0,0
FaridSafi/react-native-gifted-chat,a8d0a739064869ac2bb5f88026944c5b5f6518bd,react-native-gifted-chat,1.0.0-beta-2,4.6.3,1649941091,11,0,0,0,0,0,0,0,0,0,0,0,0,0
FaridSafi/react-native-gifted-chat,975b44dc06582c7891f90d2cddf1d92a04829f28,react-native-gifted-chat,0.16.3,3.8.3,1649942306,8,0,0,0,0,0,0,0,0,0,0,0,0,0
FaridSafi/react-native-gifted-chat,22cc6f70045c2755a4bec6e1e87ce788d7166a8f,react-native-gifted-chat,1.0.0-beta-2,4.6.3,1649942321,11,0,0,0,0,0,0,0,0,0,0,0,0,0
FaridSafi/react-native-gifted-chat,259f254a428c95909adb82f220f3596b45da4eca,react-native-gifted-chat,1.0.0-beta-2,4.6.3,1649942667,11,0,0,0,0,0,0,0,0,0,0,0,0,0
FaridSafi/react-native-gifted-chat,868900506214b216570ab3e7b01de56385ebaf90,react-native-gifted-chat,1.0.0-beta-2,4.6.3,1650184662,10,0,0,0,0,0,0,0,0,0,0,0,0,0
FaridSafi/react-native-gifted-chat,44f0d221781e062131c2ec44a022721919cd9099,react-native-gifted-chat,1.0.0-beta-2,4.6.3,1650185213,10,0,0,0,0,0,0,0,0,0,0,0,0,0
FaridSafi/react-native-gifted-chat,abce3d215212d1f87f8df6bd0f83bfc96e42cc35,react-native-gifted-chat,1.0.0-beta-2,4.6.3,1650185241,10,0,0,0,0,0,0,0,0,0,0,0,0,0
FaridSafi/react-native-gifted-chat,4c01591ad0fc2007bb3b8750714f8a7fc43c6af8,react-native-gifted-chat,1.0.0-beta-2,4.6.3,1650225252,11,0,0,0,0,0,0,0,0,0,0,0,0,0
FaridSafi/react-native-gifted-chat,f21aa2f8fcac79cb66de274a841ec33bd87f6586,react-native-gifted-chat,1.0.0-beta-2,4.6.3,1650225330,11,0,0,0,0,0,0,0,0,0,0,0,0,0
FaridSafi/react-native-gifted-chat,291e006640ee60f537d5dff5be3b4ca50b8f95f8,react-native-gifted-chat,1.0.0-beta-2,4.6.3,1650226879,11,0,0,0,0,0,0,0,0,0,0,0,0,0
FaridSafi/react-native-gifted-chat,903bc734e50534a3beeef72d36080bc23a4bedd5,react-native-gifted-chat,1.0.0-beta-2,4.6.3,1650226954,11,0,0,0,0,0,0,0,0,0,0,0,0,0
FaridSafi/react-native-gifted-chat,28f14410fdcc83c06592ef6ba83299573eca81a1,react-native-gifted-chat,1.0.0-beta-2,4.6.3,1650226995,11,0,0,0,0,0,0,0,0,0,0,0,0,0
FaridSafi/react-native-gifted-chat,c6be8b2bdfdcdee37f1437a4ba6d368c510929cb,react-native-gifted-chat,1.0.0-beta-3,4.6.3,1650227171,11,0,0,0,0,0,0,0,0,0,0,0,0,0
FaridSafi/react-native-gifted-chat,136b2d995c020f7b38766d971a7bc613f1025c1b,react-native-gifted-chat,1.0.0-beta-3,4.6.3,1650369703,11,0,0,0,0,0,0,0,0,0,0,0,0,0
FaridSafi/react-native-gifted-chat,19c78d78c93992a99730d0473bf9d6df35b80339,react-native-gifted-chat,1.0.0-beta-3,4.6.3,1650369790,11,0,0,0,0,0,0,0,0,0,0,0,0,0
FaridSafi/react-native-gifted-chat,edf9a3682fa9251010ef03759ecf72ef799469c5,react-native-gifted-chat,1.0.0-beta-3,4.6.3,1650370253,12,0,0,0,0,0,0,0,0,0,0,0,0,0
FaridSafi/react-native-gifted-chat,0ec8c78246a99dbe2dbd8f939944601d776a24ec,react-native-gifted-chat,1.0.0-beta-3,4.6.3,1650370343,12,0,0,0,0,0,0,0,0,0,0,0,0,0
FaridSafi/react-native-gifted-chat,3134d39d94fdac2fbbe2f8a9b902fd1079a45f2c,react-native-gifted-chat,1.0.0-beta-3,4.6.3,1650612913,12,0,0,0,0,0,0,0,0,0,0,0,0,0
FaridSafi/react-native-gifted-chat,22ff7de072aea6149a887ee1d4eb13428a8536bf,react-native-gifted-chat,1.0.0-beta-3,4.6.3,1650714644,12,0,0,0,0,0,0,0,0,0,0,0,0,0
FaridSafi/react-native-gifted-chat,17e23a41d02dfdfb65253d1372bdf274253e3588,react-native-gifted-chat,1.0.0-beta-3,4.6.3,1650714660,12,0,0,0,0,0,0,0,0,0,0,0,0,0
FaridSafi/react-native-gifted-chat,94ddd44f81006ee1633460ee1fcb5804bea16c80,react-native-gifted-chat,1.0.0-beta-3,4.6.3,1651243062,12,0,0,0,0,0,0,0,0,0,0,0,0,0
FaridSafi/react-native-gifted-chat,f0b77336d715c83def87fcede1f3efa753d31bdf,react-native-gifted-chat,1.0.0-beta-3,4.6.3,1651243404,12,0,0,0,0,0,0,0,0,0,0,0,0,0
FaridSafi/react-native-gifted-chat,7e4c9aec0e3863a97a48ecd85dfab00735b9e199,react-native-gifted-chat,1.0.0-beta-4,4.6.3,1651243538,12,0,0,0,0,0,0,0,0,0,0,0,0,0
FaridSafi/react-native-gifted-chat,1fed60dbcb4239a74c362489accf310e94a154a5,react-native-gifted-chat,1.0.0-beta-4,4.6.3,1653822480,12,0,0,0,0,0,0,0,0,0,0,0,0,0
FaridSafi/react-native-gifted-chat,feadc60eddaec91bce497fd93d48e661fcc3cac0,react-native-gifted-chat,1.0.0-beta-4,4.6.3,1653833545,12,0,0,0,0,0,0,0,0,0,0,0,0,0
FaridSafi/react-native-gifted-chat,70f06437f5d8530ffe07a362e9e05bbf9eb89cc3,react-native-gifted-chat,1.0.0-beta-4,4.6.3,1653833773,12,0,0,0,0,0,0,0,0,0,0,0,0,0
FaridSafi/react-native-gifted-chat,e5d3f3af8f4f36dbaeff06379c3fa2df32d45c1b,react-native-gifted-chat,1.0.0-beta-4,4.6.3,1653833826,12,0,0,0,0,0,0,0,0,0,0,0,0,0
FaridSafi/react-native-gifted-chat,a62c613617817ec269119a0a78e8b8b0b78c1b16,react-native-gifted-chat,1.0.0-beta-4,4.6.3,1653833926,12,0,0,0,0,0,0,0,0,0,0,0,0,0
FaridSafi/react-native-gifted-chat,b1bb7ada49abe6e6a9c477b77f21f9fa953a37e7,react-native-gifted-chat,1.0.0,4.6.3,1653834151,12,0,0,0,0,0,0,0,0,0,0,0,0,0
FaridSafi/react-native-gifted-chat,e4f0ca193387c1614296c7790ce8c6ade38885c1,react-native-gifted-chat,1.0.0,4.6.3,1654128356,12,0,0,0,0,0,0,0,0,0,0,0,0,0
FaridSafi/react-native-gifted-chat,682b4bb412e0e22a95de6029c4d5cc3a411aba0f,react-native-gifted-chat,1.0.0,4.6.3,1654523169,12,0,0,0,0,0,0,0,0,0,0,0,0,0
FaridSafi/react-native-gifted-chat,d40c3bb011c4b8e303f7fda18fd7afd2bdbd695e,react-native-gifted-chat,1.0.0,4.6.3,1654523483,12,0,0,0,0,0,0,0,0,0,0,0,0,0
FaridSafi/react-native-gifted-chat,23e2196aad40ca79afb2abd914a14542f8d19de7,react-native-gifted-chat,1.0.1,4.6.3,1654780264,12,0,0,0,0,0,0,0,0,0,0,0,0,0
FaridSafi/react-native-gifted-chat,f59f7d6ca56dbc8381a461a13d1fd0ce720f8419,react-native-gifted-chat,1.0.1,4.6.3,1654794332,12,0,0,0,0,0,0,0,0,0,0,0,0,0
FaridSafi/react-native-gifted-chat,4dffdb4372a9310e3e7c88227dd331b4d17c112b,react-native-gifted-chat,1.0.1,4.6.3,1654858791,12,0,0,0,0,0,0,0,0,0,0,0,0,0
FaridSafi/react-native-gifted-chat,cbb23fa7719dde3e060044528f74f45d55bf45e9,react-native-gifted-chat,1.0.1,4.6.3,1654905382,12,0,0,0,0,0,0,0,0,0,0,0,0,0
FaridSafi/react-native-gifted-chat,dd419fb69e312d1fab4025d18da190d799b4fae4,react-native-gifted-chat,1.0.1,4.6.3,1655366830,12,0,0,0,0,0,0,0,0,0,0,0,0,0
FaridSafi/react-native-gifted-chat,f377ac02e7ffe3b99a4ecf9fe43aebafc654263a,react-native-gifted-chat,1.0.2,4.6.3,1655367754,12,0,0,0,0,0,0,0,0,0,0,0,0,0
FaridSafi/react-native-gifted-chat,b973f7cc28a8422ae3e1661010a489995374476b,react-native-gifted-chat,1.0.2,4.6.3,1657136205,12,0,0,0,0,0,0,0,0,0,0,0,0,0
FaridSafi/react-native-gifted-chat,380623fb8fe7fca7ae81e690e3f17e2d0a269641,react-native-gifted-chat,1.0.2,4.6.3,1657807270,12,0,0,0,0,0,0,0,0,0,0,0,0,0
FaridSafi/react-native-gifted-chat,d96d58a4be694cb9d142ea7134ac2e0069033596,react-native-gifted-chat,1.0.3,4.6.3,1657812365,12,0,0,0,0,0,0,0,0,0,0,0,0,0
FaridSafi/react-native-gifted-chat,85bb5f15272e6548c03b8580a26efa031e026649,react-native-gifted-chat,1.0.3,4.6.3,1657816322,12,0,0,0,0,0,0,0,0,0,0,0,0,0
FaridSafi/react-native-gifted-chat,8a8c898b64d5763fa269b0625bc456669f696a26,react-native-gifted-chat,1.0.3,4.6.3,1657874634,12,0,0,0,0,0,0,0,0,0,0,0,0,0
FaridSafi/react-native-gifted-chat,e5514bab1c6cb1f3f1003fe4e2f3bc25d2418be0,react-native-gifted-chat,1.0.3,4.6.3,1657874931,12,0,0,0,0,0,0,0,0,0,0,0,0,0
FaridSafi/react-native-gifted-chat,e0ba285e1a1b07d5fc4b1a510e674288ca7e1db0,react-native-gifted-chat,1.0.1,4.6.3,1657877183,12,0,0,0,0,0,0,0,0,0,0,0,0,0
FaridSafi/react-native-gifted-chat,04845b02e88365b18385adab7450fb4a1a515a18,react-native-gifted-chat,1.0.4,4.6.3,1658210202,12,0,0,0,0,0,0,0,0,0,0,0,0,0
FaridSafi/react-native-gifted-chat,1504957cfe7ac533ea23664ba1c33f66bf3062cf,react-native-gifted-chat,1.0.1,4.6.3,1658215684,12,0,0,0,0,0,0,0,0,0,0,0,0,0
FaridSafi/react-native-gifted-chat,b5168998b0a9bc35df8d3732a6f24b0c1c1ab327,react-native-gifted-chat,1.0.4,4.6.3,1662675885,12,0,0,0,0,0,0,0,0,0,0,0,0,0
FaridSafi/react-native-gifted-chat,610af16989f04e30f5c1db46d518d2e9ec08213a,react-native-gifted-chat,1.0.4,4.6.3,1662710914,12,0,0,0,0,0,0,0,0,0,0,0,0,0
FaridSafi/react-native-gifted-chat,19b25a3e05601faf02223dfab8c1b8ff817ff28b,react-native-gifted-chat,1.0.4,4.6.3,1670537059,12,0,0,0,0,0,0,0,0,0,0,0,0,0
FaridSafi/react-native-gifted-chat,6443d9a71ea16fee30d0fbfc2640f74614d80fec,react-native-gifted-chat,1.0.4,4.6.3,1671355238,12,0,0,0,0,0,0,0,0,0,0,0,0,0
FaridSafi/react-native-gifted-chat,81018d60656466db32683b43e614b5a86a5fb135,react-native-gifted-chat,1.0.4,4.6.3,1671356327,12,0,0,0,0,0,0,0,0,0,0,0,0,0
FaridSafi/react-native-gifted-chat,f7d84639a04d276944f6d6c01935f3d54caf85cb,react-native-gifted-chat,1.0.4,4.6.3,1671356375,12,0,0,0,0,0,0,0,0,0,0,0,0,0
FaridSafi/react-native-gifted-chat,8a25dcf407edebd5f6951b52b9f8a4a759dc49d0,react-native-gifted-chat,1.0.4,4.6.3,1671356402,12,0,0,0,0,0,0,0,0,0,0,0,0,0
FaridSafi/react-native-gifted-chat,791beb6ec0cb07d58ba70e7d2b11bd05d6f3a741,react-native-gifted-chat,1.0.4,4.6.3,1671356421,12,0,0,0,0,0,0,0,0,0,0,0,0,0
FaridSafi/react-native-gifted-chat,c7c36c05b0993d32fd28c20786264db433b2e1be,react-native-gifted-chat,1.1.0,4.6.3,1671356436,12,0,0,0,0,0,0,0,0,0,0,0,0,0
