graphile/postgraphile,365a0b44b382162f10b19a93fe7416bfc5fd8a77,,,3.7.2,1578167871,104,0,0,0,0,0,0,0,0,0,0,0,0,0
graphile/postgraphile,83ee6948c5ab9f202773bf7518ea4d2cca3ec349,,,3.7.2,1578168044,104,0,0,0,0,0,0,0,0,0,0,0,0,0
graphile/postgraphile,ae17588b04f499a9ffb52afa829d38936e38bb35,,,3.7.2,1578414385,104,0,0,0,0,0,0,0,0,0,0,0,0,0
graphile/postgraphile,86b9675cac0a060af28527fc9b8800352d572405,,,3.7.2,1578415540,104,0,0,0,0,0,0,0,0,0,0,0,0,0
graphile/postgraphile,d1f51e09b2a25f15af3c3efc3a8150f6a218c909,,,3.7.2,1578416245,104,0,0,0,0,0,0,0,0,0,0,0,0,0
graphile/postgraphile,f0ed87f60addeee80d929bde7407f7c434463db9,,,3.7.2,1578416532,104,0,0,0,0,0,0,0,0,0,0,0,0,0
graphile/postgraphile,51bd1dc96de194f75fdb1759e0ce9f555b2cf82b,postgraphile,4.5.5,3.4.3,1579259002,29,0,0,0,0,0,0,0,0,0,0,0,0,0
graphile/postgraphile,d9d5c59d106a54612fb3738003b7e631ab6d062e,postgraphile,4.5.5,3.4.3,1579259577,29,0,0,0,0,0,0,0,0,0,0,0,0,0
graphile/postgraphile,953675007d745be51a1c29d3e533636233d8aa0f,,,3.6.3,1579262796,43,0,0,0,0,0,0,0,0,0,0,0,0,0
graphile/postgraphile,b197408bc80efdf5ab8c8dffbdab0d70e2c8f191,,,3.6.3,1579885175,43,0,0,0,0,0,0,0,0,0,0,0,0,0
graphile/postgraphile,f1c9ecb450c4aafccc3716ec816ed4d80829a3df,,,3.6.3,1580134916,43,0,0,0,0,0,0,0,0,0,0,0,0,0
graphile/postgraphile,dc1951c0ae19f82d2483f0d57ee6fb29d01aec24,,,3.6.3,1580134956,43,0,0,0,0,0,0,0,0,0,0,0,0,0
graphile/postgraphile,1aa782a4fed033ebf61002e85747c14bf5ecf3b8,postgraphile,4.5.5,3.4.3,1580136652,29,0,0,0,0,0,0,0,0,0,0,0,0,0
graphile/postgraphile,d85cb0caf6767d34d1288f6e44ff36ca11ac1045,postgraphile,4.6.0,3.4.3,1580136731,29,0,0,0,0,0,0,0,0,0,0,0,0,0
graphile/postgraphile,0e8a2d61aa3dbae7cbf31ee2339c0f4f4df296b2,,,3.6.3,1580148117,72,0,0,0,0,0,0,0,0,0,0,0,0,0
graphile/postgraphile,95b53dead0e81cb59a1137dafa9412bbf7b09b88,,,3.6.3,1580148176,72,0,0,0,0,0,0,0,0,0,0,0,0,0
graphile/postgraphile,c125811a9d7a8c1823d351991b4961f384852040,,,3.7.2,1580203582,104,0,0,0,0,0,0,0,0,0,0,0,0,0
graphile/postgraphile,8ab51795b21514ca677b80b797b84dd8ad393b17,postgraphile,4.6.0,3.4.3,1580203965,29,0,0,0,0,0,0,0,0,0,0,0,0,0
graphile/postgraphile,988c0a9029b3833beefe3d96089ad51600c7d52a,postgraphile,4.6.0,3.4.3,1580204267,29,0,0,0,0,0,0,0,0,0,0,0,0,0
graphile/postgraphile,055ff1ec85095624ee43f85028382af71c8ec123,,,3.7.2,1580207266,104,0,0,0,0,0,0,0,0,0,0,0,0,0
graphile/postgraphile,dde0dd5edfadc82170445293e9352e2641b0546f,,,3.7.2,1580207607,133,0,0,0,0,0,0,0,0,0,0,0,0,0
graphile/postgraphile,3f61665a7609e465168b272ed93f141d34ab62c9,,,3.7.2,1580207690,133,0,0,0,0,0,0,0,0,0,0,0,0,0
graphile/postgraphile,4f86478f72c285543d4701005fcb2c211996d942,,,3.7.2,1580212738,133,0,0,0,0,0,0,0,0,0,0,0,0,0
graphile/postgraphile,5df51e2506cee9c77123a6540bfe4216da485d42,,,3.7.2,1580214460,133,0,0,0,0,0,0,0,0,0,0,0,0,0
graphile/postgraphile,56e4ee4d5bc0efb188f58ffb59c3ccf3c2647ffa,,,3.7.2,1580216703,133,0,0,0,0,0,0,0,0,0,0,0,0,0
graphile/postgraphile,5e2aaadc1d41b40e50a84ea012e942eac0e7e901,postgraphile,4.6.0,3.4.3,1581072413,29,0,0,0,0,0,0,0,0,0,0,0,0,0
graphile/postgraphile,cac884ba6b790d4b3293c75733b3723b6e99784b,postgraphile,4.6.0,3.4.3,1581072447,29,0,0,0,0,0,0,0,0,0,0,0,0,0
graphile/postgraphile,a9746f1d444fa6a39ab18cd983776cd68792c83e,,,3.6.3,1581073819,43,0,0,0,0,0,0,0,0,0,0,0,0,0
graphile/postgraphile,ad4d54c844903180300e255c9239fe333dcf1900,,,3.7.2,1581336896,133,0,0,0,0,0,0,0,0,0,0,0,0,0
graphile/postgraphile,2b29128de24faab84af58e0d20114139db1655c7,,,3.7.2,1581342936,133,0,0,0,0,0,0,0,0,0,0,0,0,0
graphile/postgraphile,1e920086c383dcdbb2da5162c6c4dd5c6a52b869,,,3.7.2,1581342936,133,0,0,0,0,0,0,0,0,0,0,0,0,0
graphile/postgraphile,a7e422d94f63cc3ecdb293270490a10fb50d96ee,,,3.7.2,1581342936,133,0,0,0,0,0,0,0,0,0,0,0,0,0
graphile/postgraphile,ed3bb02c76be6a44f3456f9e0352109783f42c63,,,3.7.2,1581342936,133,0,0,0,0,0,0,0,0,0,0,0,0,0
graphile/postgraphile,f83aa2362e748635b16e83d60d26289cce36131c,,,3.7.2,1581342936,133,0,0,0,0,0,0,0,0,0,0,0,0,0
graphile/postgraphile,424ed01d5076885824a15b3641460b7e85baab46,,,3.7.2,1581343020,133,0,0,0,0,0,0,0,0,0,0,0,0,0
graphile/postgraphile,39ffbfff1d6064ffb52a106b037d379dfe1318e6,,,3.7.2,1581343149,133,0,0,0,0,0,0,0,0,0,0,0,0,0
graphile/postgraphile,bb9a9af3afe81ec6b973368bcf14385525836e88,,,3.7.2,1581343309,133,0,0,0,0,0,0,0,0,0,0,0,0,0
graphile/postgraphile,eb1b83e95c48ef59e2ffd1955da27b71cef97ed8,,,3.7.2,1581360899,133,0,0,0,0,0,0,0,0,0,0,0,0,0
graphile/postgraphile,37ebbf8f89553ec654cda3efd915227651bb0d73,,,3.7.2,1581439158,133,0,0,0,0,0,0,0,0,0,0,0,0,0
graphile/postgraphile,3e30bad1513d657e136914a5ecfe06b5e5789b1e,,,3.7.2,1581439199,133,0,0,0,0,0,0,0,0,0,0,0,0,0
graphile/postgraphile,7cdc25e2e8ba1efd8d6ba7e38d03c43826286d9d,,,3.7.2,1581439270,133,0,0,0,0,0,0,0,0,0,0,0,0,0
graphile/postgraphile,253aa6fcbf85f50645345c5312b3a078df7e7a5c,,,3.7.2,1581439888,133,0,0,0,0,0,0,0,0,0,0,0,0,0
graphile/postgraphile,2b5e091add664474065d5785bc606189b8a8c587,,,3.7.2,1581462428,133,0,0,0,0,0,0,0,0,0,0,0,0,0
graphile/postgraphile,dd2b6b2b364efd015e46cd1faab4d37d2fd9fbad,postgraphile,4.6.0,3.4.3,1582553302,29,0,0,0,0,0,0,0,0,0,0,0,0,0
graphile/postgraphile,ac74e2d7088a9d96ef9cac7645f2c6b52d7a66d8,,,3.6.3,1582555966,43,0,0,0,0,0,0,0,0,0,0,0,0,0
graphile/postgraphile,bfe24276c9ff5eb7d3e9e7aff56a4d2ea61f30c6,,,3.6.3,1582561480,43,0,0,0,0,0,0,0,0,0,0,0,0,0
graphile/postgraphile,431fb5e0839f9ae0697348e67ad82abcda4fba97,postgraphile,4.6.0,3.4.3,1584111816,29,0,0,0,0,0,0,0,0,0,0,0,0,0
graphile/postgraphile,7e3ca2336f271a9720d16598195018d873bc4bb8,,,3.6.3,1584524416,43,0,0,0,0,0,0,0,0,0,0,0,0,0
graphile/postgraphile,b2fee470d302030e797afa7bc4e231ba0b9bb31c,postgraphile,4.6.0,3.4.3,1584524437,29,0,0,0,0,0,0,0,0,0,0,0,0,0
graphile/postgraphile,fc6b6fd0ae31b963bc21330540ddbf58a9d79ea5,postgraphile,4.6.0,3.4.3,1584524477,29,0,0,0,0,0,0,0,0,0,0,0,0,0
graphile/postgraphile,98a703609f0b97beabdf86d6678f9ffde6e4af42,,,3.6.3,1584533680,43,0,0,0,0,0,0,0,0,0,0,0,0,0
graphile/postgraphile,e863fd37bddd1a7d40bd6e5e90f5065d1e64949b,,,3.6.3,1585298829,43,0,0,0,0,0,0,0,0,0,0,0,0,0
graphile/postgraphile,142663eb242835ae909183dd65c1eac0c4738abd,postgraphile,4.6.0,3.4.3,1586351464,29,0,0,0,0,0,0,0,0,0,0,0,0,0
graphile/postgraphile,f92df35f8efa764f1c1655d6196a7f52e29c9a6c,,,3.6.3,1586950139,43,0,0,0,0,0,0,0,0,0,0,0,0,0
graphile/postgraphile,0b987b0fb8f8a435288625ee4eee61be44cfe30c,,,3.6.3,1587119337,43,0,0,0,0,0,0,0,0,0,0,0,0,0
graphile/postgraphile,9d6c29e3505844ca64020fb6850093a7678a0fa4,,,3.7.2,1587456107,104,0,0,0,0,0,0,0,0,0,0,0,0,0
graphile/postgraphile,00803694c83ddbdd9d1d921adcd1647da5a3c08e,,,3.7.2,1587456689,104,0,0,0,0,0,0,0,0,0,0,0,0,0
graphile/postgraphile,5b40f0ac1878bd105cab932d083fbde868d718c9,,,3.7.2,1587459057,133,0,0,0,0,0,0,0,0,0,0,0,0,0
graphile/postgraphile,97031e4f36b32eb66364cb48ff34c5ca8a2e7126,,,3.7.2,1587460292,133,0,0,0,0,0,0,0,0,0,0,0,0,0
graphile/postgraphile,d99246ec590eda95f0315b07855cf98e31a3ef89,,,3.7.2,1587462147,132,0,0,0,0,0,0,0,0,0,0,0,0,0
graphile/postgraphile,fa09533cdb94b396581d01d5d0f251376a21dbec,,,3.7.2,1587462232,132,0,0,0,0,0,0,0,0,0,0,0,0,0
graphile/postgraphile,f0384064926a57c321998542aaa38b7ef017183d,,,3.7.2,1587462804,132,0,0,0,0,0,0,0,0,0,0,0,0,0
graphile/postgraphile,9b5f42bbc28a009a23782f0de5251e37505bfcee,,,3.7.2,1587463302,132,0,0,0,0,0,0,0,0,0,0,0,0,0
graphile/postgraphile,876c6cb0fe91e1174a8b6cfba300eb43fa135e45,,,3.7.2,1587463741,132,0,0,0,0,0,0,0,0,0,0,0,0,0
graphile/postgraphile,4bbae56f45157652a8807e56bf1d90294c81f5d9,,,3.7.2,1587465012,132,0,0,0,0,0,0,0,0,0,0,0,0,0
graphile/postgraphile,503c4e0a7ea3450b397d0f95dc5ad33d594366cc,,,3.7.2,1587465189,132,0,0,0,0,0,0,0,0,0,0,0,0,0
graphile/postgraphile,e2b4fcc81599806c0edcf2bb97cc189bd637f7c2,,,3.7.2,1587465572,132,0,0,0,0,0,0,0,0,0,0,0,0,0
graphile/postgraphile,ae73f586e1decb224907b2d4070241bb97b59cee,,,3.7.2,1587465853,132,0,0,0,0,0,0,0,0,0,0,0,0,0
graphile/postgraphile,963fdc750a5bc4d54b342ad3f68c4282e4e45068,postgraphile,4.6.0,3.4.3,1587466016,29,0,0,0,0,0,0,0,0,0,0,0,0,0
graphile/postgraphile,0f53ace4c58decccef215f949e533ce18c7e8986,,,3.7.2,1587467066,132,0,0,0,0,0,0,0,0,0,0,0,0,0
graphile/postgraphile,145ff46b8a2dfa3b82165f55e16eeca8d59cef1e,postgraphile,4.6.0,3.4.3,1587467218,29,0,0,0,0,0,0,0,0,0,0,0,0,0
graphile/postgraphile,24f1ebe30578d0290e371ebf0ca22ed6d8f55e78,postgraphile,4.6.0,3.4.3,1587467349,29,0,0,0,0,0,0,0,0,0,0,0,0,0
graphile/postgraphile,137e76389b3c4f8e537662195f2a876fb593b7c4,,,3.7.2,1587467396,132,0,0,0,0,0,0,0,0,0,0,0,0,0
graphile/postgraphile,d34046095e1a2d98f1801f84f5bde2046fd4521f,,,3.7.2,1587468079,132,0,0,0,0,0,0,0,0,0,0,0,0,0
graphile/postgraphile,5a8a4f346a57be74dabc4f7b0859194fcb0ef240,,,3.7.2,1587468918,132,0,0,0,0,0,0,0,0,0,0,0,0,0
graphile/postgraphile,edf2abf18dd87e63415c273631dc38741b4e531b,,,3.6.3,1587558950,43,0,0,0,0,0,0,0,0,0,0,0,0,0
graphile/postgraphile,3444f4d141fe71aeedd0400407c49742cafc3bf5,,,3.6.3,1587977840,43,0,0,0,0,0,0,0,0,0,0,0,0,0
graphile/postgraphile,b3d7a1ea967f970936a2dcdd61f94a02dea3b7fe,,,3.6.3,1587979659,43,0,0,0,0,0,0,0,0,0,0,0,0,0
graphile/postgraphile,6e466f582879ecabfc484e3e4b91eb8e799eb6ef,,,3.6.3,1587979731,43,0,0,0,0,0,0,0,0,0,0,0,0,0
graphile/postgraphile,a7bf1f448125fd8e301632db1c20bbc3c89888e9,postgraphile,4.6.0,3.4.3,1587981353,29,0,0,0,0,0,0,0,0,0,0,0,0,0
graphile/postgraphile,637d5ca5258c11f15de00a9a5b9c1f033b1e99b1,postgraphile,4.7.0,3.4.3,1587981722,29,0,0,0,0,0,0,0,0,0,0,0,0,0
graphile/postgraphile,f97cad185c74440549bf88515c68c6817bd99143,postgraphile,4.7.0,3.4.3,1588070883,29,0,0,0,0,0,0,0,0,0,0,0,0,0
graphile/postgraphile,16afc778f36219a4ae99c53c5b29e9bb7a481bdd,,,3.7.2,1588072231,131,0,0,0,0,0,0,0,0,0,0,0,0,0
graphile/postgraphile,1caf1be8eb60ebee0a2592937da004d7782b881e,,,3.9.0-beta,1588072231,131,0,0,0,0,0,0,0,0,0,0,0,0,0
graphile/postgraphile,2e43306e1e730fc5a3eedaf7f6df0f6751feeebb,,,3.9.0-beta,1588072231,131,0,0,0,0,0,0,0,0,0,0,0,0,0
graphile/postgraphile,58f69ee7ab4a0e53788489e5df296225ee4ec58b,,,3.9.0-beta,1588072421,131,0,0,0,0,0,0,0,0,0,0,0,0,0
graphile/postgraphile,23dbf09d8ae4722d51777a29ccd2b5d7574da075,,,3.9.0-beta,1588074352,131,0,0,0,0,0,0,0,0,0,0,0,0,0
graphile/postgraphile,f94de49c018bb3917007191fe093cb7bf3156c78,,,3.9.0-beta,1588074452,131,0,0,0,0,0,0,0,0,0,0,0,0,0
graphile/postgraphile,a0570db8c04c7bbf32a86b5cd7d077198457ff4c,,,3.9.0-beta,1588074911,131,0,0,0,0,0,0,0,0,0,0,0,0,0
graphile/postgraphile,430099537b2bde5ae6976fd277847e2c9a43b7d5,,,3.9.0-beta,1588078147,131,0,0,0,0,0,0,0,0,0,0,0,0,0
graphile/postgraphile,6b0e9f54ae337b7567259dfb5c6b41aab2e87de2,,,3.9.0-beta,1588079675,131,0,0,0,0,0,0,0,0,0,0,0,0,0
graphile/postgraphile,4233971f0bf27b44bc7386270ac7b128bca035a0,,,3.9.0-beta,1588079675,131,0,0,0,0,0,0,0,0,0,0,0,0,0
graphile/postgraphile,f96dc1c288672b6eb97ee1aa4a5dccb56bb43c01,,,3.9.0-beta,1588079791,131,0,0,0,0,0,0,0,0,0,0,0,0,0
graphile/postgraphile,f95bcec2e9528888bb3f9e6cc1315a0cdcd91c45,,,3.9.0-beta,1588080141,131,0,0,0,0,0,0,0,0,0,0,0,0,0
graphile/postgraphile,6ac15a5219c6f5e5d07ed25f2de21f4b563fa2c3,,,3.9.0-beta,1588083090,131,0,0,0,0,0,0,0,0,0,0,0,0,0
graphile/postgraphile,4fc3a6f73822a82701f3fe4a4e1d2c26ac35c6d1,,,3.9.0-beta,1588099211,131,0,0,0,0,0,0,0,0,0,0,0,0,0
graphile/postgraphile,b16c929fdfe77eb1aa709b15fcfd3b615bb5d8f6,,,3.9.0-beta,1588167225,131,0,0,0,0,0,0,0,0,0,0,0,0,0
graphile/postgraphile,f06e85eb1f5d1f9fb309e1b700eda4d28bab805d,,,3.9.0-beta,1588170818,131,0,0,0,0,0,0,0,0,0,0,0,0,0
graphile/postgraphile,c24fbfdcff0b1036056b6049e723b0b4943bec6a,postgraphile,4.7.0,3.4.3,1589285115,29,0,0,0,0,0,0,0,0,0,0,0,0,0
graphile/postgraphile,8a0c6a8a68797f94f58eda48dc20f03405ebe000,postgraphile,4.7.0,3.4.3,1589285996,29,0,0,0,0,0,0,0,0,0,0,0,0,0
graphile/postgraphile,4eb36febcf28bb1955a10277861d7ca0e49d824e,,,3.9.2,1590568743,132,0,0,0,0,0,0,0,0,0,0,0,0,0
graphile/postgraphile,11b26dbaf5a9000f4aea6805ebce8c7343876dd5,,,3.9.2,1591195337,192,0,0,0,0,0,0,0,0,0,0,0,0,0
graphile/postgraphile,1b084d8ba1a01462a9b6ed565f502677757efa9d,,,3.9.2,1591197294,192,0,0,0,0,0,0,0,0,0,0,0,0,0
graphile/postgraphile,93bd5c7f18d5527ebdf5edab540d9d193e21d717,,,3.9.2,1591197873,192,0,0,0,0,0,0,0,0,0,0,0,0,0
graphile/postgraphile,0345d51b543e3a79b58e484c851b89da10377314,,,3.9.2,1591707249,193,0,0,0,0,0,0,0,0,0,0,0,0,0
graphile/postgraphile,49680005b237d4bba7a20351f88f9dc25baea0fe,,,3.9.2,1591715137,194,0,0,0,0,0,0,0,0,0,0,0,0,0
graphile/postgraphile,cdc5762f4127905c5ad4d26c787f8181ee8ee37b,,,3.9.2,1591719194,194,0,0,0,0,0,0,0,0,0,0,0,0,0
graphile/postgraphile,66c2b4a3713cacd0abb891cb813d45d07b7f6ba3,postgraphile,4.7.0,3.4.3,1593005589,29,0,0,0,0,0,0,0,0,0,0,0,0,0
graphile/postgraphile,82c0a4c3aa5232df30cd4b09a23525e4e406f3d1,postgraphile,4.7.0,3.4.3,1595426235,29,0,0,0,0,0,0,0,0,0,0,0,0,0
graphile/postgraphile,3cc4d17c6dd2f60b92fe9499ba8a3a0309be571d,postgraphile,4.7.0,3.4.3,1596528176,29,0,0,0,0,0,0,0,0,0,0,0,0,0
graphile/postgraphile,cd9bc6acc70bf566c9fdfa49df047790d08b0a3b,postgraphile,4.7.0,3.4.3,1596528193,29,0,0,0,0,0,0,0,0,0,0,0,0,0
graphile/postgraphile,58564f81f937f746cadbef62c836cdf4aacc6153,postgraphile,4.7.0,3.4.3,1596565028,29,0,0,0,0,0,0,0,0,0,0,0,0,0
graphile/postgraphile,9054cc2444e1e1ce1554345ec0aa37cd2d9e9c98,postgraphile,4.7.0,3.4.3,1596614682,29,0,0,0,0,0,0,0,0,0,0,0,0,0
graphile/postgraphile,7cbbfa555a8b765527f463a49f3ef5be7e0c1db4,postgraphile,4.8.0-rc.0,3.4.3,1596614893,29,0,0,0,0,0,0,0,0,0,0,0,0,0
graphile/postgraphile,e75c967a865fe6a151f18654ad3ca03e94f4fcde,postgraphile,4.8.0-rc.0,3.4.3,1597136587,29,0,0,0,0,0,0,0,0,0,0,0,0,0
graphile/postgraphile,52f573121bacf9f5d6eb38205f1c028865a191b3,postgraphile,4.8.0-rc.0,3.4.3,1597158466,29,0,0,0,0,0,0,0,0,0,0,0,0,0
graphile/postgraphile,3999b585cc4277827e64c5c23a15ae25bb1080ed,postgraphile,4.8.0-rc.0,3.4.3,1597158482,29,0,0,0,0,0,0,0,0,0,0,0,0,0
graphile/postgraphile,fe12ece38abad3938bf593750382e9b052abadcd,postgraphile,4.8.0-rc.0,3.4.3,1597164610,29,0,0,0,0,0,0,0,0,0,0,0,0,0
graphile/postgraphile,9de271ecdddcd13fd42f8eac6777f0057ee8f7e7,postgraphile,4.8.0,3.4.3,1597164667,29,0,0,0,0,0,0,0,0,0,0,0,0,0
graphile/postgraphile,0420c9564f2f38d885f1f24669ac0b5ca1baffb7,postgraphile,4.8.0,3.4.3,1599235170,29,0,0,0,0,0,0,0,0,0,0,0,0,0
graphile/postgraphile,b06142a4a6481acfca82f4c0962b1441ac259111,postgraphile,4.8.0,3.4.3,1599550198,29,0,0,0,0,0,0,0,0,0,0,0,0,0
graphile/postgraphile,cd23d26743d73d4d54b93a15dc89eb1c90f09a4b,postgraphile,4.8.0,4.0.2,1599670401,29,0,0,0,0,0,0,0,0,0,0,0,0,0
graphile/postgraphile,31f177ea44c47f1097a7cf2256ae717dc3050b60,postgraphile,4.8.0,4.0.2,1599817794,29,0,0,0,0,0,0,0,0,0,0,0,0,0
graphile/postgraphile,4535dab3ba70c0f73d21c0a453517a529ea98d8b,postgraphile,4.8.0,4.0.2,1599819991,29,0,0,0,0,0,0,0,0,0,0,0,0,0
graphile/postgraphile,50ccb77c25978db645849b009c8ff9a5bd0ae220,postgraphile,4.8.0,4.0.2,1599821034,29,0,0,0,0,0,0,0,0,0,0,0,0,0
graphile/postgraphile,8c4a26cc123bd8c573ce25a27043e1110013d029,postgraphile,4.9.0,4.0.2,1600161753,29,0,0,0,0,0,0,0,0,0,0,0,0,0
graphile/postgraphile,3b01d529e7fdc79e14a0bde0bf133e963ecdc088,postgraphile,4.9.0,4.0.2,1601308306,29,0,0,0,0,0,0,0,0,0,0,0,0,0
graphile/postgraphile,6e1ffbf12b7b896cab3821370433f2d346db819d,postgraphile,4.9.0,4.0.2,1602856199,29,0,0,0,0,0,0,0,0,0,0,0,0,0
graphile/postgraphile,2afaa83171b712d2cd1b21f8f3ddba5d23b047f0,postgraphile,4.9.1,4.0.2,1602856240,29,0,0,0,0,0,0,0,0,0,0,0,0,0
graphile/postgraphile,660682ac5de873f7796816b1c15590c2e3f04a59,postgraphile,4.9.1,4.0.2,1603455799,29,0,0,0,0,0,0,0,0,0,0,0,0,0
graphile/postgraphile,1da44d37c18afb3627cd8e9fc41b275514faee7a,postgraphile,4.9.2,4.0.2,1603455919,29,0,0,0,0,0,0,0,0,0,0,0,0,0
graphile/postgraphile,317aa40db1ffff7304110e6d377ef6462cb48215,postgraphile,4.9.2,4.0.2,1603884627,39,0,0,0,0,0,0,0,0,0,0,0,0,0
graphile/postgraphile,1f3919fa94e5f23d68a1971e495de7bf8974f7b7,postgraphile,4.9.2,4.0.2,1603899279,39,0,0,0,0,0,0,0,0,0,0,0,0,0
graphile/postgraphile,129542b0663fd6373b58111f218aa3048abfa6a4,postgraphile,4.9.2,4.0.2,1604052507,39,0,0,0,0,0,0,0,0,0,0,0,0,0
graphile/postgraphile,7dde41da9204bbd381c20e5783439118650fccd2,postgraphile,4.9.2,4.0.2,1604067551,39,0,0,0,0,0,0,0,0,0,0,0,0,0
graphile/postgraphile,c9067ec9ae8602c8ba211ad81e82ae447a7e6d39,postgraphile,4.9.2,4.0.2,1604076981,39,0,0,0,0,0,0,0,0,0,0,0,0,0
graphile/postgraphile,44acb5d89f8824c1849073e7b4ecf5c19f479712,postgraphile,4.9.2,4.0.2,1604077600,39,0,0,0,0,0,0,0,0,0,0,0,0,0
graphile/postgraphile,fad3398aea1afc92317a08e1fddaf65fa1abfc78,postgraphile,4.9.2,4.0.2,1604077953,39,0,0,0,0,0,0,0,0,0,0,0,0,0
graphile/postgraphile,1365f67d35c484595bcf72fff7e514b70b6139cd,postgraphile,4.9.2,4.0.2,1604078142,39,0,0,0,0,0,0,0,0,0,0,0,0,0
graphile/postgraphile,3b88bf9756d434c20dcef7d26ea358e9f5c64379,postgraphile,4.9.2,4.0.2,1605005212,39,0,0,0,0,0,0,0,0,0,0,0,0,0
graphile/postgraphile,a3cd8b8f3a8d91401b47832c1f202b43f1f5aa57,postgraphile,4.9.2,4.0.2,1605010163,39,0,0,0,0,0,0,0,0,0,0,0,0,0
graphile/postgraphile,6a8b00214813e6ed8f38b93d3410f14f35efe421,postgraphile,4.9.2,4.0.2,1605094295,39,0,0,0,0,0,0,0,0,0,0,0,0,0
graphile/postgraphile,66b4addfda39a9ef2fb8d8c690b0ae68cc107db2,postgraphile,4.9.2,4.0.2,1605098589,39,0,0,0,0,0,0,0,0,0,0,0,0,0
graphile/postgraphile,f14a4513e852cf73f8e1940e894172ff75a22c02,postgraphile,4.9.2,4.0.2,1605098666,39,0,0,0,0,0,0,0,0,0,0,0,0,0
graphile/postgraphile,01522447342ff01f33c1c604c7b5d9b1b161eb2b,postgraphile,4.9.2,4.0.2,1605283487,39,0,0,0,0,0,0,0,0,0,0,0,0,0
graphile/postgraphile,61da7e3ee25479aae769c5d524d7878bab1f1505,postgraphile,4.9.2,4.0.2,1605284489,39,0,0,0,0,0,0,0,0,0,0,0,0,0
graphile/postgraphile,aeb41de19037e2cc44a0ce7b15a41cd1e957983f,postgraphile,4.9.2,4.0.2,1605698581,39,0,0,0,0,0,0,0,0,0,0,0,0,0
graphile/postgraphile,219a31891ee07a3c2a112291060328a19b230c4d,postgraphile,4.9.2,4.0.2,1605704870,39,0,0,0,0,0,0,0,0,0,0,0,0,0
graphile/postgraphile,8436a2c7d40f1a36bb764ac7fc2f0b40e20d9eb2,postgraphile,4.9.2,4.0.2,1605709079,39,0,0,0,0,0,0,0,0,0,0,0,0,0
graphile/postgraphile,eb1d1a61de6f4fcae3032eeebe484a9ecf28e4d0,postgraphile,4.9.2,4.0.2,1605716395,39,0,0,0,0,0,0,0,0,0,0,0,0,0
graphile/postgraphile,86093329430ca9648dec9ed639f78a1cc4aa16f1,postgraphile,4.9.2,4.0.2,1605717902,39,0,0,0,0,0,0,0,0,0,0,0,0,0
graphile/postgraphile,9920dae4940619025a44bccfc02a20cfcd27bc73,postgraphile,4.9.2,4.0.2,1605719475,39,0,0,0,0,0,0,0,0,0,0,0,0,0
graphile/postgraphile,89e65c952edf985a84c1d19550d4275d748a3dd3,postgraphile,4.10.0-alpha.0,4.0.2,1605720368,39,0,0,0,0,0,0,0,0,0,0,0,0,0
graphile/postgraphile,f0cee183dffeea97bbe8d2dbf99b4e98aceb281a,postgraphile,4.10.0-alpha.0,4.0.2,1605742878,39,0,0,0,0,0,0,0,0,0,0,0,0,0
graphile/postgraphile,aa7f4f9f34561d79cc12882e3913323c372accb6,postgraphile,4.10.0-alpha.0,4.0.2,1606309396,39,0,0,0,0,0,0,0,0,0,0,0,0,0
graphile/postgraphile,844d707898bf506d096458ae403d6313adc44985,postgraphile,4.10.0-alpha.0,4.0.2,1606315477,39,0,0,0,0,0,0,0,0,0,0,0,0,0
graphile/postgraphile,06d4196f52599a8aa557863a27e17157df1205d2,postgraphile,4.10.0-alpha.0,4.0.2,1606318933,39,0,0,0,0,0,0,0,0,0,0,0,0,0
graphile/postgraphile,47b4679f78b4d47a9ca30e5d5d77f207326af953,postgraphile,4.10.0-alpha.0,4.0.2,1606475161,39,0,0,0,0,0,0,0,0,0,0,0,0,0
graphile/postgraphile,2142f706d23262e6f997f2cee4a662b1d7891d84,postgraphile,4.10.0,4.0.2,1606475292,39,0,0,0,0,0,0,0,0,0,0,0,0,0
graphile/postgraphile,c04d6703c602bd0b023dc083f0741779b713fbd0,postgraphile,4.10.0,4.0.2,1606495481,39,0,0,0,0,0,0,0,0,0,0,0,0,0
graphile/postgraphile,8621b19ff8a0ffd4f245466733e61606967d9c3d,postgraphile,4.11.0-alpha.0,4.0.2,1606562498,39,0,0,0,0,0,0,0,0,0,0,0,0,0
graphile/postgraphile,af39c3dcea40646c9217785fa93a9601612c2b83,postgraphile,4.11.0-alpha.0,4.0.2,1606763238,39,0,0,0,0,0,0,0,0,0,0,0,0,0
graphile/postgraphile,4e58a0e2c38a27712849c4f81f3975bfa536abe0,postgraphile,4.11.0-alpha.0,4.0.2,1607694433,39,0,0,0,0,0,0,0,0,0,0,0,0,0
graphile/postgraphile,3be441e3fbd81eb39e2b0bbb17204b3a1b31fa25,postgraphile,4.11.0-alpha.1,4.0.2,1607694469,39,0,0,0,0,0,0,0,0,0,0,0,0,0
graphile/postgraphile,c7e89f1a98306e078d23751f3de60e5611e4d0b3,postgraphile,4.11.0-alpha.1,4.0.2,1607694675,39,0,0,0,0,0,0,0,0,0,0,0,0,0
graphile/postgraphile,2582c17c3152667b80e2c9ec3dcb5813890d67b4,postgraphile,4.11.0-alpha.1,4.0.2,1607704512,39,0,0,0,0,0,0,0,0,0,0,0,0,0
graphile/postgraphile,36481db7ab49de589ef0294e6f6002fdeca74f17,postgraphile,4.11.0-alpha.1,4.0.2,1611156929,39,0,0,0,0,0,0,0,0,0,0,0,0,0
graphile/postgraphile,43b08127baed1ec72e1929a139340b4f3e3386d5,postgraphile,4.11.0-alpha.1,4.0.2,1611160987,39,0,0,0,0,0,0,0,0,0,0,0,0,0
graphile/postgraphile,af6adad418291c46a365cb2380bddeed2752f670,postgraphile,4.11.0-alpha.1,4.0.2,1611161966,39,0,0,0,0,0,0,0,0,0,0,0,0,0
graphile/postgraphile,ba9a7bcf1c3fa3347cf07de0a3732cfd0d5b6dcb,postgraphile,4.11.0-alpha.1,4.1.3,1611322555,39,0,0,0,0,0,0,0,0,0,0,0,0,0
graphile/postgraphile,4750ebcda11319fdb4f36651ca56cff0ea70e2f3,postgraphile,4.11.0-rc.0,4.1.3,1611322640,39,0,0,0,0,0,0,0,0,0,0,0,0,0
graphile/postgraphile,06deeeec2eb3ac194063230510b8047d56f3866b,postgraphile,4.11.0-rc.0,4.1.3,1611927862,39,0,0,0,0,0,0,0,0,0,0,0,0,0
graphile/postgraphile,209d74cf5ade669590efb15b3e45cbfa5f58724d,postgraphile,4.11.0,4.1.3,1611927931,39,0,0,0,0,0,0,0,0,0,0,0,0,0
graphile/postgraphile,b785a084461a2e594686f7f3810dffa679b119c9,postgraphile,4.11.0,4.1.3,1613405251,39,0,0,0,0,0,0,0,0,0,0,0,0,0
graphile/postgraphile,f539629dff8e85c1b8e4334a25adf0f05b523949,postgraphile,4.12.0-alpha.0,4.1.3,1613405290,39,0,0,0,0,0,0,0,0,0,0,0,0,0
graphile/postgraphile,716efb07941429cc41cc182955d1cef2fee934bb,postgraphile,4.12.0-alpha.0,4.1.3,1613580786,39,0,0,0,0,0,0,0,0,0,0,0,0,0
graphile/postgraphile,fea48cce423fd0834890c655c70d1de4520613df,postgraphile,4.12.0-alpha.0,4.1.3,1615281407,39,0,0,0,0,0,0,0,0,0,0,0,0,0
graphile/postgraphile,755cd607fe794d51f99c4804bb0f4b2c0f2a79dc,postgraphile,4.12.0-alpha.0,4.1.3,1615282545,39,0,0,0,0,0,0,0,0,0,0,0,0,0
graphile/postgraphile,4134a9195dc83ba2260dbff20c779166443d89f8,postgraphile,4.11.0,4.1.3,1615988450,39,0,0,0,0,0,0,0,0,0,0,0,0,0
graphile/postgraphile,601a1086a2c10ebae4747364e199f2517d653861,postgraphile,4.12.0-alpha.0,4.1.3,1616150525,39,0,0,0,0,0,0,0,0,0,0,0,0,0
graphile/postgraphile,75f7a171bc40151e5c0e6dd7e091615961d0c5e7,postgraphile,4.12.0-alpha.0,4.1.3,1618934108,39,0,0,0,0,0,0,0,0,0,0,0,0,0
graphile/postgraphile,1a82edff268e06de18fb0dfe7db2254dfd865a60,postgraphile,4.12.0-alpha.0,4.1.3,1618934121,39,0,0,0,0,0,0,0,0,0,0,0,0,0
graphile/postgraphile,3968aa384073dc8d030bc130ba2fb50862e074b5,postgraphile,4.12.0-alpha.0,4.1.3,1620636645,39,0,0,0,0,0,0,0,0,0,0,0,0,0
graphile/postgraphile,08298e9682efeeec2efd713f8d87bb51b1b47d3c,postgraphile,4.12.0-alpha.0,4.1.3,1620636659,39,0,0,0,0,0,0,0,0,0,0,0,0,0
graphile/postgraphile,8a8a4de037d265305006caec14849be541c657ea,postgraphile,4.12.0-alpha.0,4.1.3,1620636674,39,0,0,0,0,0,0,0,0,0,0,0,0,0
graphile/postgraphile,b40fd443c37a12bf52f5d12ccadb5183601c5b39,postgraphile,4.12.0-alpha.0,4.1.3,1620636973,39,0,0,0,0,0,0,0,0,0,0,0,0,0
graphile/postgraphile,b0e3ef27532947d23fa279250147068ee4bab638,postgraphile,4.12.0-alpha.0,4.1.3,1620900612,39,0,0,0,0,0,0,0,0,0,0,0,0,0
graphile/postgraphile,c583026a7bb585ed01c939195ed004ee882826da,postgraphile,4.12.0-alpha.0,4.1.3,1622023142,39,0,0,0,0,0,0,0,0,0,0,0,0,0
graphile/postgraphile,95a3451a2ffd1bec1be2a0a97a9613e9eeec76e0,postgraphile,4.12.0-alpha.0,4.1.3,1622033591,39,0,0,0,0,0,0,0,0,0,0,0,0,0
graphile/postgraphile,73fe8011d902f14c7ba29771e162bde81d6ce5b0,postgraphile,4.12.0-alpha.0,4.1.3,1622035099,39,0,0,0,0,0,0,0,0,0,0,0,0,0
graphile/postgraphile,818dad61a4d44d6a9aebdd8901ba58d104e1f562,postgraphile,4.12.0-alpha.0,4.1.3,1622036119,40,0,0,0,0,0,0,0,0,0,0,0,0,0
graphile/postgraphile,0e5e2020311218cd8a7b7f255e7282301837e897,postgraphile,4.12.0-alpha.0,4.1.3,1622042877,40,0,0,0,0,0,0,0,0,0,0,0,0,0
graphile/postgraphile,bdd5a6627d2046d9ec7da8e8c938b3b0cd835e59,postgraphile,4.12.0-alpha.0,4.1.3,1622051192,40,0,0,0,0,0,0,0,0,0,0,0,0,0
graphile/postgraphile,cb2eaa09cc289d327a4879e2f999664bccdea968,postgraphile,4.12.0-alpha.0,4.1.3,1622103848,40,0,0,0,0,0,0,0,0,0,0,0,0,0
graphile/postgraphile,3b70c1880943f41f2e8ebbfe7d9374efdaa81f38,postgraphile,4.12.0-alpha.0,4.1.3,1622104004,40,0,0,0,0,0,0,0,0,0,0,0,0,0
graphile/postgraphile,518d9a3762fd6c49aa9d9c35b78d652c8566200d,postgraphile,4.12.0-alpha.0,4.1.3,1622105268,40,0,0,0,0,0,0,0,0,0,0,0,0,0
graphile/postgraphile,4cbbbffaebeb0e913c0fa73878c4daa41cb3294d,postgraphile,4.12.0,4.1.3,1622105776,40,0,0,0,0,0,0,0,0,0,0,0,0,0
graphile/postgraphile,1c4c363262e588143cdefe1d6e032417d1708ac8,postgraphile,4.12.0,4.1.3,1622106198,40,0,0,0,0,0,0,0,0,0,0,0,0,0
graphile/postgraphile,ee21a5c77c072278380e15425b38060e12808c26,postgraphile,4.12.0,4.1.3,1622111061,40,0,0,0,0,0,0,0,0,0,0,0,0,0
graphile/postgraphile,7b02cf221ca39ae9c94f8a031e5d82a0f6841d94,postgraphile,4.12.1,4.1.3,1622111088,40,0,0,0,0,0,0,0,0,0,0,0,0,0
graphile/postgraphile,9c97af72086a97787f8573afa7cd74b6258a86e9,postgraphile,4.12.1,4.1.3,1622382585,40,0,0,0,0,0,0,0,0,0,0,0,0,0
graphile/postgraphile,336f54ff3a74f2316ec37a174ec6d17be7a70a15,postgraphile,4.12.1,4.1.3,1622565716,40,0,0,0,0,0,0,0,0,0,0,0,0,0
graphile/postgraphile,37bd487a97498d2bc6eb2eea606cba8cd7cf35af,postgraphile,4.12.2,4.1.3,1622565746,40,0,0,0,0,0,0,0,0,0,0,0,0,0
graphile/postgraphile,940f16c213171a0c860a3f69c1288ec2e4fcf214,postgraphile,4.12.2,4.1.3,1622807975,40,0,0,0,0,0,0,0,0,0,0,0,0,0
graphile/postgraphile,14d3180cc35660e78e0b8162fd027b33d695a6ba,postgraphile,4.12.3,4.1.3,1622807998,40,0,0,0,0,0,0,0,0,0,0,0,0,0
graphile/postgraphile,965bc24a5e2adecff46d8626c5fdf5a265e1941b,postgraphile,4.12.3,4.1.3,1623408093,40,0,0,0,0,0,0,0,0,0,0,0,0,0
graphile/postgraphile,356daf385aec6c27035986243d628f67b3e99edb,postgraphile,4.12.3,4.1.3,1623408731,40,0,0,0,0,0,0,0,0,0,0,0,0,0
graphile/postgraphile,e0eeb1a1f768f7c757d36a6fa91045add92f9169,postgraphile,4.12.3,4.1.3,1623408740,40,0,0,0,0,0,0,0,0,0,0,0,0,0
graphile/postgraphile,4c7a7215c78fd00dc9d4a741608878d7f592f796,postgraphile,4.12.3,4.1.3,1628757073,40,0,0,0,0,0,0,0,0,0,0,0,0,0
graphile/postgraphile,a6b0ad737cc13f22d27c0a7ed324ca760d618f60,postgraphile,4.12.3,4.1.3,1628757702,40,0,0,0,0,0,0,0,0,0,0,0,0,0
graphile/postgraphile,84a0b0991d8761f7db5fc03147aff82b5d4ae66f,postgraphile,4.12.3,4.1.3,1628757720,40,0,0,0,0,0,0,0,0,0,0,0,0,0
graphile/postgraphile,b4e5e7ef7b37a71be6008f5ce5e7b18e45a23fce,postgraphile,4.12.3,4.1.3,1628757742,40,0,0,0,0,0,0,0,0,0,0,0,0,0
graphile/postgraphile,d221cd431860e768776c07f78ac3d9add8cc13c4,postgraphile,4.12.3,4.1.3,1629817139,40,0,0,0,0,0,0,0,0,0,0,0,0,0
graphile/postgraphile,649ab203a2ff9840072a6f1bec911f3bb5838600,postgraphile,4.12.3,4.1.3,1632315009,40,0,0,0,0,0,0,0,0,0,0,0,0,0
graphile/postgraphile,cd00054ac8e2eedba6fc2030a78eae93f474557a,postgraphile,4.12.3,4.1.3,1632315026,40,0,0,0,0,0,0,0,0,0,0,0,0,0
graphile/postgraphile,b7996d26a4aa23c03428d94f4dd810da0b6966be,postgraphile,4.12.4,4.1.3,1632397231,40,0,0,0,0,0,0,0,0,0,0,0,0,0
graphile/postgraphile,04ef23e3f8da1107489ba4d09c5ed004994efd5b,postgraphile,4.12.4,4.1.3,1634551803,40,0,0,0,0,0,0,0,0,0,0,0,0,0
graphile/postgraphile,e3d75b402bdb8ce00e6134919012a28b3980d6cb,postgraphile,4.12.4,4.1.3,1634562523,40,0,0,0,0,0,0,0,0,0,0,0,0,0
graphile/postgraphile,c4eb076889201aeeb5c45519e225a9dedf163d3a,postgraphile,4.12.4,4.1.3,1634740696,40,0,0,0,0,0,0,0,0,0,0,0,0,0
graphile/postgraphile,3a192937a8068f79664bf227c24bb3f6183376fa,postgraphile,4.12.4,4.1.3,1634746525,40,0,0,0,0,0,0,0,0,0,0,0,0,0
graphile/postgraphile,666bf773461210dba05de880e7ab9e290ffd8a4a,postgraphile,4.12.4,4.1.3,1634820860,40,0,0,0,0,0,0,0,0,0,0,0,0,0
graphile/postgraphile,98d78d524c84a0c58fcf0796b34191a35d89d21e,postgraphile,4.12.4,4.1.3,1634822964,40,0,0,0,0,0,0,0,0,0,0,0,0,0
graphile/postgraphile,619efbcf38de41bf59ccd6ca508f8ebdafa88ea1,postgraphile,4.12.5,4.1.3,1634822981,40,0,0,0,0,0,0,0,0,0,0,0,0,0
graphile/postgraphile,12846c586b314974c4983c65ceaf3cc983614e9a,postgraphile,4.12.5,4.1.3,1636976356,40,0,0,0,0,0,0,0,0,0,0,0,0,0
graphile/postgraphile,4360c13a3e17ae99c1f2658bcf784b1fcca54edb,postgraphile,4.12.5,4.1.3,1637768975,40,0,0,0,0,0,0,0,0,0,0,0,0,0
graphile/postgraphile,bf11b75022287dd2d3c2d657501349daddb4d69f,postgraphile,4.12.5,4.1.3,1638266493,40,0,0,0,0,0,0,0,0,0,0,0,0,0
graphile/postgraphile,dcf46ee5026a2cc0918cf309251e24cd5d9d5e60,postgraphile,4.12.6,4.1.3,1638266523,40,0,0,0,0,0,0,0,0,0,0,0,0,0
graphile/postgraphile,27ebfcec8cc919ea395a0a55eb97281723490c25,postgraphile,4.12.6,4.1.3,1638451569,40,0,0,0,0,0,0,0,0,0,0,0,0,0
graphile/postgraphile,4573a84928b8619b83842b4497b7eb40d08d892f,postgraphile,4.12.5,4.1.3,1639143244,40,0,0,0,0,0,0,0,0,0,0,0,0,0
graphile/postgraphile,4c2cf12833a3389254153a107056fd5550067991,postgraphile,4.12.6,4.1.3,1639143644,40,0,0,0,0,0,0,0,0,0,0,0,0,0
graphile/postgraphile,90b5f12c8ad8f59a1035fbb70241284baf92205f,postgraphile,4.12.6,4.1.3,1639996865,40,0,0,0,0,0,0,0,0,0,0,0,0,0
graphile/postgraphile,894b2f682e137631da01058816457c44dad18cca,postgraphile,4.12.6,4.1.3,1639996879,40,0,0,0,0,0,0,0,0,0,0,0,0,0
graphile/postgraphile,626aeb2a57fda05d7ca721e9a329a36003220577,postgraphile,4.12.7,4.1.3,1639996947,40,0,0,0,0,0,0,0,0,0,0,0,0,0
graphile/postgraphile,d8401c6e143a2680c092d8ad077f8469f2f02625,postgraphile,4.12.7,4.1.3,1639998665,40,0,0,0,0,0,0,0,0,0,0,0,0,0
graphile/postgraphile,5a129009a18e8c8f09ea92a71f3ac882bb624e6e,postgraphile,4.12.8,4.1.3,1639998709,40,0,0,0,0,0,0,0,0,0,0,0,0,0
graphile/postgraphile,9b11d922cea33929eb0be5a3234484b3ba852f33,postgraphile,4.12.8,4.1.3,1642419700,40,0,0,0,0,0,0,0,0,0,0,0,0,0
graphile/postgraphile,2f4beda8a85d047ac5efba62656110747814d57d,postgraphile,4.12.8,4.1.3,1642419721,40,0,0,0,0,0,0,0,0,0,0,0,0,0
graphile/postgraphile,2adb9ba17ad52a379ba00ac99843640f4a540fcd,postgraphile,4.12.8,4.1.3,1642419739,40,0,0,0,0,0,0,0,0,0,0,0,0,0
graphile/postgraphile,47a81dc2a100b6dec744c10544a43371ea7151ca,postgraphile,4.12.8,4.1.3,1642419764,40,0,0,0,0,0,0,0,0,0,0,0,0,0
graphile/postgraphile,f268b9421579f5a4f5e44426e2a074bf20d1ac6d,postgraphile,4.12.8,4.1.3,1643360233,40,0,0,0,0,0,0,0,0,0,0,0,0,0
graphile/postgraphile,7c15ce5b275ff41969c631c1d6d1d46c0bcdb6dc,postgraphile,4.12.8,4.1.3,1643362482,40,0,0,0,0,0,0,0,0,0,0,0,0,0
graphile/postgraphile,0a27d225fb1ab0ebeb3472d177456777cd29fc17,postgraphile,4.12.8,4.1.3,1645644697,40,0,0,0,0,0,0,0,0,0,0,0,0,0
graphile/postgraphile,0f00a51c50b0c5736b9a3870dd84f4dbf60eaaad,postgraphile,4.12.8,4.1.3,1646058106,40,0,0,0,0,0,0,0,0,0,0,0,0,0
graphile/postgraphile,ecab2cc944313c92e00d6b787791707dcf73953b,postgraphile,4.12.8,4.1.3,1646058123,40,0,0,0,0,0,0,0,0,0,0,0,0,0
graphile/postgraphile,2586910b7ff39290663b8ee8a4c9ca457342abac,postgraphile,4.12.8,4.1.3,1646058140,40,0,0,0,0,0,0,0,0,0,0,0,0,0
graphile/postgraphile,8a1db2fd796d5e90854a08f2604d427cdb0ae090,postgraphile,4.12.9,4.1.3,1646058165,40,0,0,0,0,0,0,0,0,0,0,0,0,0
graphile/postgraphile,ed6ecb4596088120969795a9ec30cb625ef93eae,postgraphile,4.12.9,4.1.3,1647599519,40,0,0,0,0,0,0,0,0,0,0,0,0,0
graphile/postgraphile,0b2e67c460a6674fcbe679c67af55954cbf5ca10,postgraphile,4.12.9,4.1.3,1648818361,40,0,0,0,0,0,0,0,0,0,0,0,0,0
graphile/postgraphile,4c99e998212b9753d18d6a0b09d14ddfbb1fb542,postgraphile,4.12.9,4.1.3,1648828993,40,0,0,0,0,0,0,0,0,0,0,0,0,0
graphile/postgraphile,8523be60571b0da8ad40b9f30bf7818aa9aece58,postgraphile,4.12.9,4.1.3,1649760152,40,0,0,0,0,0,0,0,0,0,0,0,0,0
graphile/postgraphile,8c82a38867593842bfeea5f23bdc658c1dd5f95b,postgraphile,4.12.9,4.1.3,1649761114,40,0,0,0,0,0,0,0,0,0,0,0,0,0
graphile/postgraphile,b59c246b378dc72f8c90b27e633bf421c4fa3e0b,postgraphile,4.12.9,4.1.3,1649761136,40,0,0,0,0,0,0,0,0,0,0,0,0,0
graphile/postgraphile,8ef3e818ec6bd966f4ce0967a14ec709fdbd6fd3,postgraphile,4.12.9,4.1.3,1649850959,40,0,0,0,0,0,0,0,0,0,0,0,0,0
graphile/postgraphile,f57867e48af40a44c2e86391f044382ced937ed9,postgraphile,4.12.9,4.1.3,1649851726,40,0,0,0,0,0,0,0,0,0,0,0,0,0
graphile/postgraphile,0be6be4aa8d600c781478dd2d6d405933299d404,postgraphile,4.12.9,4.1.3,1649855337,40,0,0,0,0,0,0,0,0,0,0,0,0,0
graphile/postgraphile,1b10ce65e748d1061280b15110dc37635509db1f,postgraphile,4.12.9,4.1.3,1649856733,40,0,0,0,0,0,0,0,0,0,0,0,0,0
graphile/postgraphile,4b1d11c3c880aebe8df04eb138142ab67ceb0874,postgraphile,4.12.9,4.1.3,1649857741,40,0,0,0,0,0,0,0,0,0,0,0,0,0
graphile/postgraphile,bbf6b5b0d56543d698174f51d05240387ccd59ec,postgraphile,4.12.9,4.1.3,1649862454,40,0,0,0,0,0,0,0,0,0,0,0,0,0
graphile/postgraphile,b402ea05e48a1d6c0fff415eab0de875b355e904,postgraphile,4.12.9,4.1.3,1649862474,40,0,0,0,0,0,0,0,0,0,0,0,0,0
graphile/postgraphile,55bff41460b113481c8161ef8f178f5af0a17df3,postgraphile,4.12.9,4.1.3,1649862492,40,0,0,0,0,0,0,0,0,0,0,0,0,0
graphile/postgraphile,c2d87e92919e7a40f093baed46f4b1931d6e11f5,postgraphile,4.12.10,4.1.3,1649864787,40,0,0,0,0,0,0,0,0,0,0,0,0,0
graphile/postgraphile,7021c6ce36be5da781374e716b25225936c27614,postgraphile,4.12.10,4.1.3,1650027032,40,0,0,0,0,0,0,0,0,0,0,0,0,0
graphile/postgraphile,376cede68f28a011e63d9ec30e4fb2c78d71b711,postgraphile,4.12.10,4.1.3,1650032914,40,0,0,0,0,0,0,0,0,0,0,0,0,0
graphile/postgraphile,affe3e352c6887fd35a82fa0d9f1e448df6d5b1c,postgraphile,4.12.10,4.1.3,1651763474,40,0,0,0,0,0,0,0,0,0,0,0,0,0
graphile/postgraphile,7ca5cd644029d35be3716695fa5ce51a8a802655,postgraphile,4.12.10,4.1.3,1653295614,40,0,0,0,0,0,0,0,0,0,0,0,0,0
graphile/postgraphile,18243528021fdae0c2f62769485f120087a24ccd,postgraphile,4.12.10,4.1.3,1653476166,40,0,0,0,0,0,0,0,0,0,0,0,0,0
graphile/postgraphile,80d8921edf3edadfa3ae4a8629e5ec13737bf66b,postgraphile,4.12.10,4.1.3,1653477550,40,0,0,0,0,0,0,0,0,0,0,0,0,0
graphile/postgraphile,263ba7477bc2133eebdf89d29acd0460e58501ec,postgraphile,4.12.10,4.1.3,1653478946,40,0,0,0,0,0,0,0,0,0,0,0,0,0
graphile/postgraphile,7d2906c1c23d29f7ad4932779aaccb8604e065e3,postgraphile,4.12.11,4.1.3,1653482330,40,0,0,0,0,0,0,0,0,0,0,0,0,0
graphile/postgraphile,46b825c6c787d291f4b1e024e4a8478d59be8eee,postgraphile,4.12.11,4.1.3,1654071866,40,0,0,0,0,0,0,0,0,0,0,0,0,0
graphile/postgraphile,a33712580ae3304d9f68cedaf4816a0661dfbad1,postgraphile,4.12.11,4.1.3,1655208861,40,0,0,0,0,0,0,0,0,0,0,0,0,0
graphile/postgraphile,4164d437e57a30ff00ecbb4675943a0924c54ec9,postgraphile,4.12.11,4.1.3,1656493651,40,0,0,0,0,0,0,0,0,0,0,0,0,0
graphile/postgraphile,4a809aa63e3e97cc264ed1e8d92b6b5eb5894dbb,postgraphile,4.12.11,4.1.3,1660646273,40,0,0,0,0,0,0,0,0,0,0,0,0,0
graphile/postgraphile,32e9fb6702bcfdcc80b6b632f3b0549b71cbec35,postgraphile,4.12.11,4.1.3,1664059828,40,0,0,0,0,0,0,0,0,0,0,0,0,0
graphile/postgraphile,3897889b6992858e768d528f02ce9c444e4025d4,postgraphile,4.12.11,4.1.3,1665744185,40,0,0,0,0,0,0,0,0,0,0,0,0,0
graphile/postgraphile,a55568ff51d72d9c11b4b77edf98900b988ae7e4,postgraphile,4.12.11,4.1.3,1669117197,40,0,0,0,0,0,0,0,0,0,0,0,0,0
graphile/postgraphile,dd3af5324beb069cf6af34f012987738034d89bd,postgraphile,4.12.11,4.1.3,1669117634,40,0,0,0,0,0,0,0,0,0,0,0,0,0
graphile/postgraphile,d8e85db41f8e9a54cb36fb7053a57c15c1ab10c2,postgraphile,4.12.11,4.1.3,1669117650,40,0,0,0,0,0,0,0,0,0,0,0,0,0
graphile/postgraphile,6627fcb185cc9e869bb6495a9fed6b00c02515f6,postgraphile,4.12.11,4.1.3,1669119199,40,0,0,0,0,0,0,0,0,0,0,0,0,0
graphile/postgraphile,6c8eea51b28569b568979bb6e328a2c83f55c085,postgraphile,4.12.11,4.1.3,1669119623,40,0,0,0,0,0,0,0,0,0,0,0,0,0
graphile/postgraphile,8c7ad88fa87c2adf2973b17513fa69ec2129424c,postgraphile,4.12.11,4.1.3,1669119649,40,0,0,0,0,0,0,0,0,0,0,0,0,0
graphile/postgraphile,e1fbc475fa91981fd321460ef946b59449cd4e05,postgraphile,4.12.11,4.1.3,1669119734,40,0,0,0,0,0,0,0,0,0,0,0,0,0
graphile/postgraphile,7300c0440f5df99accba10754eb97f269269168a,postgraphile,4.12.11,4.1.3,1669119854,40,0,0,0,0,0,0,0,0,0,0,0,0,0
graphile/postgraphile,e438ecf1e2a14182fe9af94a2170c5ec5cc0975d,postgraphile,4.12.12,4.1.3,1669891647,40,0,0,0,0,0,0,0,0,0,0,0,0,0
graphile/postgraphile,e00098485e6e628e660b268350be679dfca7d20b,postgraphile,4.12.12,4.1.3,1670026759,40,0,0,0,0,0,0,0,0,0,0,0,0,0
graphile/postgraphile,48372583f703974ff7d6f4da6a49ebc611e34721,postgraphile,4.12.12,4.1.3,1670042817,40,0,0,0,0,0,0,0,0,0,0,0,0,0
graphile/postgraphile,d0d6093c93d67587b3dc495bdc5dea370f1eab48,postgraphile,4.12.12,4.1.3,1670597913,40,0,0,0,0,0,0,0,0,0,0,0,0,0
graphile/postgraphile,009df7b2d0d1b10c966b02afca551449f5804b37,postgraphile,4.12.12,4.1.3,1670597946,40,0,0,0,0,0,0,0,0,0,0,0,0,0
graphile/postgraphile,82275f47bbcbc9062f8dba5b9ce62d347ea5f17e,postgraphile,4.12.12,4.1.3,1670597947,40,0,0,0,0,0,0,0,0,0,0,0,0,0
graphile/postgraphile,faec877bcfed94e6f013aa64c6d321dd8a7b9e31,postgraphile,4.12.12,4.1.3,1670597964,40,0,0,0,0,0,0,0,0,0,0,0,0,0
graphile/postgraphile,8ca95945273599ec1db909a4acd7057fd4aaec0a,postgraphile,4.12.12,4.1.3,1671453303,40,0,0,0,0,0,0,0,0,0,0,0,0,0
graphile/postgraphile,570709b279a1d52a742f8a66b491e59dd3cafa05,postgraphile,4.12.12,4.1.3,1671453543,40,0,0,0,0,0,0,0,0,0,0,0,0,0
graphile/postgraphile,db89356ee1663bda7e2deacbe16789b3308da729,postgraphile,4.12.12,4.1.3,1671705798,40,0,0,0,0,0,0,0,0,0,0,0,0,0
