homebridge/homebridge,f73c75c7a3e4089a0d01dbeb43ec5473d408c7a7,homebridge,0.4.50,,1579206511,0,0,0,0,0,0,0,0,0,0,0,0,0,0
homebridge/homebridge,1c9071d01e947f1f27069312d4e3be0854fd146b,homebridge,0.4.50,,1580000308,0,0,0,0,0,0,0,0,0,0,0,0,0,0
homebridge/homebridge,8ccf552ce071b29f8f3eacda3063eeab9e96fe85,homebridge,0.4.50,,1580441310,0,0,0,0,0,0,0,0,0,0,0,0,0,0
homebridge/homebridge,3e0ca6f843b6255cee24145e17c71891a6351e36,homebridge,0.4.50,,1580447785,0,0,0,0,0,0,0,0,0,0,0,0,0,0
homebridge/homebridge,87efc8b006f19dbb25dbeadb78bbdea165176c09,homebridge,0.4.50,,1580449047,0,0,0,0,0,0,0,0,0,0,0,0,0,0
homebridge/homebridge,bef42d052f89192d1aebfaf5b372c229db9494eb,homebridge,0.4.50,,1580452523,0,0,0,0,0,0,0,0,0,0,0,0,0,0
homebridge/homebridge,289d44d613a7b6a8d0aabf503a9cc3ffc6b58eaf,homebridge,0.4.50,,1580452701,0,0,0,0,0,0,0,0,0,0,0,0,0,0
homebridge/homebridge,74cd26270ddcf0b4fbf9fcaf09e62b8541b75207,homebridge,0.4.50,,1580452903,0,0,0,0,0,0,0,0,0,0,0,0,0,0
homebridge/homebridge,b27d4638e63c0df31e43c243f25bdc952d1c8f9f,homebridge,0.4.50,,1580490907,0,0,0,0,0,0,0,0,0,0,0,0,0,0
homebridge/homebridge,ee3d094afcdbeecabeb8458590f9fb375c8ab733,homebridge,0.4.50,,1580621959,0,0,0,0,0,0,0,0,0,0,0,0,0,0
homebridge/homebridge,fad984cd36c6f22178a71862bf53ec95a94f2859,homebridge,0.4.50,,1580858239,0,0,0,0,0,0,0,0,0,0,0,0,0,0
homebridge/homebridge,4076d94dd7b6d95982f1f34871d488e4ce059c19,homebridge,0.4.51,,1582934682,0,0,0,0,0,0,0,0,0,0,0,0,0,0
homebridge/homebridge,b6100ee73d88b55f72527239243664007ee78610,homebridge,0.4.51,,1582977329,0,0,0,0,0,0,0,0,0,0,0,0,0,0
homebridge/homebridge,d591cf423e3ea4834fa6ef15b68d37ba0983ea2b,homebridge,0.4.51,,1582977501,0,0,0,0,0,0,0,0,0,0,0,0,0,0
homebridge/homebridge,ef2b2b7f9d53e4462f6bf04eee844fb98759e0d5,homebridge,0.4.51,,1582977579,0,0,0,0,0,0,0,0,0,0,0,0,0,0
homebridge/homebridge,cd26e8d4975505d9570ce62e071e5257d3f0ec65,homebridge,0.4.51,,1582980772,0,0,0,0,0,0,0,0,0,0,0,0,0,0
homebridge/homebridge,41e7bd761fa7251465b8d44585a3f82156c561e3,homebridge,0.4.51,,1583013740,0,0,0,0,0,0,0,0,0,0,0,0,0,0
homebridge/homebridge,63464c5e1674dcf96ffa2d7eded7202a6005c36a,homebridge,0.4.51,,1583088370,0,0,0,0,0,0,0,0,0,0,0,0,0,0
homebridge/homebridge,755af6bf7e56332c892240bd7eb532a19bff8f46,homebridge,0.4.51,,1583088918,0,0,0,0,0,0,0,0,0,0,0,0,0,0
homebridge/homebridge,9b227ae7983b7c9a77fc613aaa21db3e37e9e119,homebridge,0.4.51,,1583102046,0,0,0,0,0,0,0,0,0,0,0,0,0,0
homebridge/homebridge,64710505e7a12a9e418f860a9af7c6a59796bd31,homebridge,0.4.51,,1583102334,0,0,0,0,0,0,0,0,0,0,0,0,0,0
homebridge/homebridge,c9ec21403862884191f955e7781b60c6bad5c739,homebridge,0.4.51,,1583108545,0,0,0,0,0,0,0,0,0,0,0,0,0,0
homebridge/homebridge,567555e357d55fdc2dd0ca9a288b8d8183569476,homebridge,0.4.51,,1583109234,0,0,0,0,0,0,0,0,0,0,0,0,0,0
homebridge/homebridge,a5421888b674482387b6c0b11632997b102f4544,homebridge,0.4.52,,1583109445,0,0,0,0,0,0,0,0,0,0,0,0,0,0
homebridge/homebridge,9c3f74a480adfc38b167d7f67df6d6ab63f02f68,homebridge,0.4.52,,1583131455,0,0,0,0,0,0,0,0,0,0,0,0,0,0
homebridge/homebridge,10b06b3c28fc165541134dbf30f681876ab2f539,homebridge,0.4.52,,1583131624,0,0,0,0,0,0,0,0,0,0,0,0,0,0
homebridge/homebridge,63317c054d649062321ca008e171912c38afcfda,homebridge,0.4.52,,1583521780,0,0,0,0,0,0,0,0,0,0,0,0,0,0
homebridge/homebridge,a559236bc60c739cff547f0a466ec468060949ed,homebridge,0.4.52,,1583593507,0,0,0,0,0,0,0,0,0,0,0,0,0,0
homebridge/homebridge,b48bfa306ff9ed33c9efa4a423c1576da61c3d70,homebridge,0.4.52,,1583593533,0,0,0,0,0,0,0,0,0,0,0,0,0,0
homebridge/homebridge,b5a1f77daa34805dcbc467d02f56ae0429f42779,homebridge,0.4.52,,1583777655,0,0,0,0,0,0,0,0,0,0,0,0,0,0
homebridge/homebridge,260f3c10ebbed8c278321a7bab398328611919c5,homebridge,0.4.52,,1583778428,0,0,0,0,0,0,0,0,0,0,0,0,0,0
homebridge/homebridge,96a75c79a7c5f0fba031ae3296d2eb5ede13ede4,homebridge,1.0.0-beta1,,1583778462,0,0,0,0,0,0,0,0,0,0,0,0,0,0
homebridge/homebridge,1ae3d0ca173c575e75924fef0968ba6c431df1d5,@donavanbecker/homebridge,1.0.0-beta1,,1583779288,0,0,0,0,0,0,0,0,0,0,0,0,0,0
homebridge/homebridge,c3796a6b1fe5c1344b666762cb3a8170d55ad031,donavanbecker/homebridge,1.0.0-beta1,,1583779427,0,0,0,0,0,0,0,0,0,0,0,0,0,0
homebridge/homebridge,4128be66827a774a6cf4cb730c8dc70977a8f213,npmpublish-test-homebridge,1.0.0-beta1,,1583779529,0,0,0,0,0,0,0,0,0,0,0,0,0,0
homebridge/homebridge,7471d99455b7c4fc4e55dd699308c99bcc302c32,homebridge,1.0.0-beta1,,1583786990,0,0,0,0,0,0,0,0,0,0,0,0,0,0
homebridge/homebridge,16eb1dfc8e1b65ae35856df0f8266fc2d168ce5c,homebridge,0.4.52,,1583826781,0,0,0,0,0,0,0,0,0,0,0,0,0,0
homebridge/homebridge,32659c3dce7a3547b585669079242603b6e81636,homebridge,0.4.52,,1583826870,0,0,0,0,0,0,0,0,0,0,0,0,0,0
homebridge/homebridge,1e60bf4f0640f5f8b321c08cbfe9950f03f49377,homebridge,1.0.0-beta1,,1583834696,0,0,0,0,0,0,0,0,0,0,0,0,0,0
homebridge/homebridge,1d554a7c7cf2c7d1dca78029e7dda84aa2d6c48c,homebridge,0.4.52,,1583834852,0,0,0,0,0,0,0,0,0,0,0,0,0,0
homebridge/homebridge,16e66df5170b28aec2b7cca9aca38a1fcdaa3d22,homebridge,0.4.52,,1583834884,0,0,0,0,0,0,0,0,0,0,0,0,0,0
homebridge/homebridge,4ef997f00835425fb1678b1f813ee8b2e153bd94,homebridge,0.4.52,,1583834977,0,0,0,0,0,0,0,0,0,0,0,0,0,0
homebridge/homebridge,15e1393b7739d72b2ce98add328e795c4f7e07aa,homebridge,0.4.52,,1583835113,0,0,0,0,0,0,0,0,0,0,0,0,0,0
homebridge/homebridge,c0df948e42629036c47306de44f9a4cb3fee0235,homebridge,0.4.52,,1583835200,0,0,0,0,0,0,0,0,0,0,0,0,0,0
homebridge/homebridge,045eb18155467c616b4ab51319d5df627bb9285f,homebridge,0.4.52,,1583862829,0,0,0,0,0,0,0,0,0,0,0,0,0,0
homebridge/homebridge,7080f2257ee8cc0db938aed6827f27ef8015fd1c,homebridge,0.4.52,,1583881058,0,0,0,0,0,0,0,0,0,0,0,0,0,0
homebridge/homebridge,5ce6efc8eae95988b7e1d0fe624aec35007a4af2,homebridge,0.4.52,,1583886939,0,0,0,0,0,0,0,0,0,0,0,0,0,0
homebridge/homebridge,2ff9797806a38788cfb9974c300719858bd2412a,homebridge,0.4.52,,1583887048,0,0,0,0,0,0,0,0,0,0,0,0,0,0
homebridge/homebridge,cc8d4fbf36d1bf613b586302f3e1e7169722804c,homebridge,0.4.52,,1583888734,0,0,0,0,0,0,0,0,0,0,0,0,0,0
homebridge/homebridge,7dcb0afa10af09be787a793e03eaa6bbd19b57f6,homebridge,0.4.52,,1583888818,0,0,0,0,0,0,0,0,0,0,0,0,0,0
homebridge/homebridge,7b6a2aece86e269bbf8e5ac4e6ea1f4fcdbe638d,homebridge,0.4.52,,1583888884,0,0,0,0,0,0,0,0,0,0,0,0,0,0
homebridge/homebridge,25cff1a8292a75ea7c341935c08abace86c95c0f,homebridge,0.4.52,,1583889023,0,0,0,0,0,0,0,0,0,0,0,0,0,0
homebridge/homebridge,2705208ad604f0335fa4872bda93f2782b7d790b,homebridge,0.4.52,,1583889762,0,0,0,0,0,0,0,0,0,0,0,0,0,0
homebridge/homebridge,cac47d05c2cd46d112c5a0c9f6736327d0f3a805,homebridge,0.4.52,,1583924032,0,0,0,0,0,0,0,0,0,0,0,0,0,0
homebridge/homebridge,ead1f4aa5164e5421fe0c2ccab775ba42d11c84b,homebridge,0.4.52,,1583924821,0,0,0,0,0,0,0,0,0,0,0,0,0,0
homebridge/homebridge,63d1d2d2d1a3459fe60abaa746ddd3eef7e1ac1c,homebridge,0.4.52,,1583962622,0,0,0,0,0,0,0,0,0,0,0,0,0,0
homebridge/homebridge,8601a6b68ecf946efdd2a83d15b6c0fbafc41786,homebridge,0.4.52,,1583962828,0,0,0,0,0,0,0,0,0,0,0,0,0,0
homebridge/homebridge,ea5304d8a0f9c18927ed2c2e3cb0c5b65d689272,homebridge,0.4.52,,1583964101,0,0,0,0,0,0,0,0,0,0,0,0,0,0
homebridge/homebridge,0b48d5745eec29068e830e143e21414861cb6f13,homebridge,0.4.52,,1584117184,0,0,0,0,0,0,0,0,0,0,0,0,0,0
homebridge/homebridge,29c4a49044647a6ed43f884d10dd804a73a6ce1d,homebridge,0.4.52,,1584118484,0,0,0,0,0,0,0,0,0,0,0,0,0,0
homebridge/homebridge,4dbd6e48965e21af03305bffbf4c8471d56955b5,homebridge,0.4.52,,1584251041,0,0,0,0,0,0,0,0,0,0,0,0,0,0
homebridge/homebridge,6e03661057ab1dab156abdf5bf11fd3488128c60,homebridge,0.4.52,,1584251153,0,0,0,0,0,0,0,0,0,0,0,0,0,0
homebridge/homebridge,3c21e08f86e29150dcf0f86997cb4fe451cf9fe0,homebridge,0.4.52,,1584349425,0,0,0,0,0,0,0,0,0,0,0,0,0,0
homebridge/homebridge,56a89ae111f1e688e1d5e8551974ecb2caee8f45,homebridge,0.4.52,,1584387139,0,0,0,0,0,0,0,0,0,0,0,0,0,0
homebridge/homebridge,4ed42293f5297b884d2a31981ceb3c192c9adecb,homebridge,0.4.52,,1584387211,0,0,0,0,0,0,0,0,0,0,0,0,0,0
homebridge/homebridge,65dfd3ecd8094e1563abf2d1a0266c4a65182dd7,homebridge,0.4.53,,1584428083,0,0,0,0,0,0,0,0,0,0,0,0,0,0
homebridge/homebridge,919dc1ba6c100acbd6897dc891a49b45979f0d8f,homebridge,0.4.53,,1584435951,0,0,0,0,0,0,0,0,0,0,0,0,0,0
homebridge/homebridge,b6eaeeb23ff21cbeb9f4430cf6aae644462b1c8d,homebridge,0.4.52,,1584493037,0,0,0,0,0,0,0,0,0,0,0,0,0,0
homebridge/homebridge,2d44255774415c3cdd52e3b03b80687f643a0fcd,homebridge,0.4.52,,1584493053,0,0,0,0,0,0,0,0,0,0,0,0,0,0
homebridge/homebridge,cb4173b0217ee0377b4566338ac15582685a7902,homebridge,0.4.52,,1584493361,0,0,0,0,0,0,0,0,0,0,0,0,0,0
homebridge/homebridge,4a1d6ddc278a1b1eb69e42e0467d0b5b801333d2,homebridge,0.4.52,,1584493525,0,0,0,0,0,0,0,0,0,0,0,0,0,0
homebridge/homebridge,2b761c6ded5cc2127ed78afc3f1f065c4ce4f7ff,homebridge,0.4.52,,1584493528,0,0,0,0,0,0,0,0,0,0,0,0,0,0
homebridge/homebridge,856c7797b88262fa5cea35b559428dd1133a5e8a,homebridge,0.4.53,,1584493578,0,0,0,0,0,0,0,0,0,0,0,0,0,0
homebridge/homebridge,b54765408b60f66d3229c930370d68ffca756764,homebridge,0.4.53,,1584493636,0,0,0,0,0,0,0,0,0,0,0,0,0,0
homebridge/homebridge,9c022d031b40feed4111699b0ebdac1faf4deb55,homebridge,0.4.53,,1584514974,0,0,0,0,0,0,0,0,0,0,0,0,0,0
homebridge/homebridge,5c3666c7d126905b518d9906d36c34752beb92df,homebridge,0.4.53,,1584515029,0,0,0,0,0,0,0,0,0,0,0,0,0,0
homebridge/homebridge,066bcbe16fc3ff092a36a56c474d7352ae52a1e8,homebridge,0.4.53,,1584549232,0,0,0,0,0,0,0,0,0,0,0,0,0,0
homebridge/homebridge,0bcde7f3ab71b3e698591535e312dbbb8a0e987e,homebridge,0.4.53,,1584553097,0,0,0,0,0,0,0,0,0,0,0,0,0,0
homebridge/homebridge,6a6cbcbe4d7776cef8fd27dcb2bd428ee7a9770c,homebridge,0.4.53,,1584553211,0,0,0,0,0,0,0,0,0,0,0,0,0,0
homebridge/homebridge,f101eefbebfc234ec4c124ea5efd3eaac3110d93,homebridge,0.4.53,,1584571637,0,0,0,0,0,0,0,0,0,0,0,0,0,0
homebridge/homebridge,24c7c86ccf143db7376b1770a3167e2144cf0517,homebridge,0.4.53,,1584571746,0,0,0,0,0,0,0,0,0,0,0,0,0,0
homebridge/homebridge,1154b123cb06a3e800bbf118e6a852ca9a18e46e,homebridge,0.4.53,,1584572838,0,0,0,0,0,0,0,0,0,0,0,0,0,0
homebridge/homebridge,f947a66598130faa0bb1a36914365b6d1c75494a,homebridge,0.4.53,,1584640555,0,0,0,0,0,0,0,0,0,0,0,0,0,0
homebridge/homebridge,46e85737e2fd25436eb1194fc8d66897ffe3fde8,homebridge,0.4.53,,1584649233,0,0,0,0,0,0,0,0,0,0,0,0,0,0
homebridge/homebridge,b6a8438c1bebd6a3f930f5e8a73a3f0c764fbfd2,homebridge,0.4.53,,1584653318,0,0,0,0,0,0,0,0,0,0,0,0,0,0
homebridge/homebridge,1a087041d3bb0083194c75e9bc12f5cbcdc5375f,homebridge,0.4.53,,1584653435,0,0,0,0,0,0,0,0,0,0,0,0,0,0
homebridge/homebridge,d1cb9f0c97a120ac4bae90cb473f280be9c6df6b,homebridge,0.4.53,,1584656136,0,0,0,0,0,0,0,0,0,0,0,0,0,0
homebridge/homebridge,c48068241a344fe78c6b838d7b67e7fbbf4be923,homebridge,0.4.53,,1584674890,0,0,0,0,0,0,0,0,0,0,0,0,0,0
homebridge/homebridge,3ab27811408b17a36d66c26ab9f28fe9b0b4bc36,homebridge,0.4.53,,1584675121,0,0,0,0,0,0,0,0,0,0,0,0,0,0
homebridge/homebridge,5e9c00c8b26592716d3f00f1779d624ffe6e0ba2,homebridge,0.4.53,,1585093594,0,0,0,0,0,0,0,0,0,0,0,0,0,0
homebridge/homebridge,75f976b85b429136a8426f6a3590c8c323a52cf2,homebridge,0.4.53,,1585093599,0,0,0,0,0,0,0,0,0,0,0,0,0,0
homebridge/homebridge,a26d5d97cc9b7096b7aca4a06d8b684f819e5b60,homebridge,0.4.53,,1585130372,0,0,0,0,0,0,0,0,0,0,0,0,0,0
homebridge/homebridge,490183dd3e95fe6837c85abf7db59fd5ec46aa9f,homebridge,0.4.53,,1585133444,0,0,0,0,0,0,0,0,0,0,0,0,0,0
homebridge/homebridge,8bf8e0a12d6ed139af728fcfe511824a1b46f80e,homebridge,0.4.53,,1585133624,0,0,0,0,0,0,0,0,0,0,0,0,0,0
homebridge/homebridge,32321a4dd0ce3b4762ea5110eeb50a24066542a6,homebridge,0.4.53,,1585171315,0,0,0,0,0,0,0,0,0,0,0,0,0,0
homebridge/homebridge,29bcd4983e9fab0bb6d704870a86392fb91fe6f7,homebridge,0.4.53,,1585216295,0,0,0,0,0,0,0,0,0,0,0,0,0,0
homebridge/homebridge,e67630a3978aa126786711f8ec06610db517ca74,homebridge,0.4.53,,1585299112,0,0,0,0,0,0,0,0,0,0,0,0,0,0
homebridge/homebridge,d2376ef1f492182c8413f3a683a70eeb30bd6d14,homebridge,0.4.53,,1585299128,0,0,0,0,0,0,0,0,0,0,0,0,0,0
homebridge/homebridge,e5a1ca99c90a28e71a9f5be0f2a62dbab3740bea,homebridge,0.4.53,,1585836398,0,0,0,0,0,0,0,0,0,0,0,0,0,0
homebridge/homebridge,3aed334a3bf3bb3c78db6bac234d450e86d4de56,homebridge,0.4.53,,1585836463,0,0,0,0,0,0,0,0,0,0,0,0,0,0
homebridge/homebridge,70cd0713cf5c29ac75ae43e8c3f495cc6310ed67,homebridge,0.4.53,,1585837215,0,0,0,0,0,0,0,0,0,0,0,0,0,0
homebridge/homebridge,b367645c040b3f85a8003a665bf985f2e5f5c68c,homebridge,0.4.53,,1585918938,0,0,0,0,0,0,0,0,0,0,0,0,0,0
homebridge/homebridge,c841336e9d8d20d96e7893c9c7d9eebb1e765716,homebridge,0.4.53,,1585920845,0,0,0,0,0,0,0,0,0,0,0,0,0,0
homebridge/homebridge,792cc7fc7030c71bbeabc7510cd7b82c8d11cf77,homebridge,0.4.53,,1585950379,0,0,0,0,0,0,0,0,0,0,0,0,0,0
homebridge/homebridge,c77901a857f5a3e3f4bc8274b3e179b4ccbc47dd,homebridge,0.4.53,,1585954557,0,0,0,0,0,0,0,0,0,0,0,0,0,0
homebridge/homebridge,3e34935a50463c8bf95ef72e87ef2060f7003391,homebridge,0.4.53,,1585960340,0,0,0,0,0,0,0,0,0,0,0,0,0,0
homebridge/homebridge,f6f3d87ea6f827b506896a8949d4cb5584b5e8ed,homebridge,0.4.53,,1585971149,0,0,0,0,0,0,0,0,0,0,0,0,0,0
homebridge/homebridge,28b99dca8be7d55cd528743a7d708aa16395ef04,homebridge,0.4.53,3.8.3,1586465235,0,0,0,0,0,0,0,0,0,0,0,0,0,0
homebridge/homebridge,04c5889ab894a2c9aa02782868fb718039a85573,homebridge,0.4.53,3.8.3,1586465235,15,0,0,0,0,0,0,0,0,0,0,0,0,0
homebridge/homebridge,8a2a122427246d70fd9a69e242cb48b9894c69e3,homebridge,0.4.53,,1586466430,0,0,0,0,0,0,0,0,0,0,0,0,0,0
homebridge/homebridge,111a576b0ce18c64d529ee5fd6e0f9e05a98b11e,homebridge,0.4.53,3.8.3,1586490998,15,0,0,0,0,0,0,0,0,0,0,0,0,0
homebridge/homebridge,276c8c698e0b39d157ee738426b181bd79a93e83,homebridge,0.4.53,3.8.3,1586492340,15,0,0,0,0,0,0,0,0,0,0,0,0,0
homebridge/homebridge,b5cb4b7ee6157d4d4f5eb90bc95ec46b10d7ed1b,homebridge,0.4.53,3.8.3,1586510225,15,0,0,0,0,0,0,0,0,0,0,0,0,0
homebridge/homebridge,b0e7cb3eba2ef14fdf2afdb057cadde33b89e851,homebridge,0.4.53,3.8.3,1586510309,15,0,0,0,0,0,0,0,0,0,0,0,0,0
homebridge/homebridge,8a7346b77ba270dcc5f4eeb0b778cc15a4583b72,homebridge,0.4.53,3.8.3,1586510573,12,0,0,0,0,0,0,0,0,0,0,0,0,0
homebridge/homebridge,757f0d34405f9bd629de5e8514cc0be4bef1e10f,homebridge,0.4.53,3.8.3,1586517120,12,0,0,0,0,0,0,0,0,0,0,0,0,0
homebridge/homebridge,0c94e1c35e35cf7fdb927164a6370ec8a1361ad9,homebridge,0.4.53,3.8.3,1586537063,12,0,0,0,0,0,0,0,0,0,0,0,0,0
homebridge/homebridge,e1e223419356642672b18306cd610f1214549313,homebridge,0.4.53,3.8.3,1586621743,17,0,0,0,0,0,0,0,0,0,0,0,0,0
homebridge/homebridge,01849a70bd26607a1f8a6c702d22f7e8f3892282,homebridge,0.4.53,3.8.3,1586621760,17,0,0,0,0,0,0,0,0,0,0,0,0,0
homebridge/homebridge,32ab708916454ed99c029b42f35bd05b339beae2,homebridge,0.4.53,3.8.3,1586663133,17,0,0,0,0,0,0,0,0,0,0,0,0,0
homebridge/homebridge,a4e13feffa1133efaef0cec520e9f6adc3041905,homebridge,0.4.53,3.8.3,1586664904,17,0,0,0,0,0,0,0,0,0,0,0,0,0
homebridge/homebridge,7b2476919c5aa885b29fbdab4d26bbd9dcef6c63,homebridge,0.4.53,3.8.3,1586818854,18,0,0,0,0,0,0,0,0,0,0,0,0,0
homebridge/homebridge,b9e01af044aee3c01a96718bfa7d3018dceeb5bd,homebridge,0.4.53,3.8.3,1586823047,18,0,0,0,0,0,0,0,0,0,0,0,0,0
homebridge/homebridge,703cc1f5457aa4b549eaddbac9558470066f430a,homebridge,0.4.53,3.8.3,1586825852,18,0,0,0,0,0,0,0,0,0,0,0,0,0
homebridge/homebridge,4c2d2b688bce1d98fd0b65239a4c3b44a337be92,homebridge,0.4.53,3.8.3,1586825895,18,0,0,0,0,0,0,0,0,0,0,0,0,0
homebridge/homebridge,3f69882a7ac752b4ee759c63fa9194bf520aced7,homebridge,0.4.53,3.8.3,1586826550,18,0,0,0,0,0,0,0,0,0,0,0,0,0
homebridge/homebridge,ef22c279b376c6856fd4ca0b388f3766a4d3c379,homebridge,0.4.53,3.8.3,1586826847,18,0,0,0,0,0,0,0,0,0,0,0,0,0
homebridge/homebridge,976aa9530929bd645e05468559ef8f7a7c218336,homebridge,0.4.53,3.8.3,1586831278,18,0,0,0,0,0,0,0,0,0,0,0,0,0
homebridge/homebridge,929337b229899327af8b8d6771c359ca1d5ba124,homebridge,0.4.53,3.8.3,1586832039,18,0,0,0,0,0,0,0,0,0,0,0,0,0
homebridge/homebridge,c8f798111043d082199405055b10ec9e0dd58a64,homebridge,0.4.53,3.8.3,1586832644,18,0,0,0,0,0,0,0,0,0,0,0,0,0
homebridge/homebridge,907a416f10ce32e3ec42ab58d6ca8647c879f8b3,homebridge,0.4.53,3.8.3,1586833954,18,0,0,0,0,0,0,0,0,0,0,0,0,0
homebridge/homebridge,ac6ddcc8988a3dc359882f8a7515d17f9e272cb7,homebridge,0.4.53,3.8.3,1586835821,18,0,0,0,0,0,0,0,0,0,0,0,0,0
homebridge/homebridge,76716a6e0ed77ffcbf7da15d7fd80e1c136bb0f5,homebridge,0.4.53,3.8.3,1586837031,18,0,0,0,0,0,0,0,0,0,0,0,0,0
homebridge/homebridge,8772a2dfec610b3ab33332d43441196b5ead6d4d,homebridge,0.4.53,3.8.3,1586877480,18,0,0,0,0,0,0,0,0,0,0,0,0,0
homebridge/homebridge,8f43f51566742e02d3fb8fe9b56b3bd9800d47e6,homebridge,0.4.53,3.8.3,1586915927,18,0,0,0,0,0,0,0,0,0,0,0,0,0
homebridge/homebridge,b4bceac7f80a25bba2d2d2296c76229f9e63a744,homebridge,0.4.53,3.8.3,1586917222,18,0,0,0,0,0,0,0,0,0,0,0,0,0
homebridge/homebridge,f478f7499a229e4dd74e8ac28b52f9dbfa38ca56,homebridge,0.4.53,3.8.3,1586920810,18,0,0,0,0,0,0,0,0,0,0,0,0,0
homebridge/homebridge,85f0baaf100a8f4ba155f0fe784733f8b7d1747a,homebridge,0.4.53,3.8.3,1587005009,18,0,0,0,0,0,0,0,0,0,0,0,0,0
homebridge/homebridge,ea195963b3410c5f5b385315e627fcb0bad54046,homebridge,0.4.53,3.8.3,1587075911,18,0,0,0,0,0,0,0,0,0,0,0,0,0
homebridge/homebridge,6d1b8eb414b2275d8b39accbb004f2e4a9f03983,homebridge,0.4.53,3.8.3,1587085100,18,0,0,0,0,0,0,0,0,0,0,0,0,0
homebridge/homebridge,789a59b4fba1a51f2a5356fdae0e58c2bb7b5835,homebridge,0.4.53,3.8.3,1587093745,18,0,0,0,0,0,0,0,0,0,0,0,0,0
homebridge/homebridge,88e1c02bae4558f0b4f03431087ad3d110b2ca33,homebridge,0.4.53,3.8.3,1587093762,18,0,0,0,0,0,0,0,0,0,0,0,0,0
homebridge/homebridge,a32bdee04728c5cfae688e0de1b6d025dba85c10,homebridge,0.4.53,3.8.3,1587111304,18,0,0,0,0,0,0,0,0,0,0,0,0,0
homebridge/homebridge,1760aa8440e7e6915455856196147291e7496a78,homebridge,0.4.53,3.8.3,1587118720,18,0,0,0,0,0,0,0,0,0,0,0,0,0
homebridge/homebridge,cf4cd97acb6eef5f9db915e89a4b115ff6e2fc21,homebridge,0.4.53,3.8.3,1587158812,19,0,0,0,0,0,0,0,0,0,0,0,0,0
homebridge/homebridge,925544a7873fe058a0d8f6e33beff9599b0eb088,homebridge,0.4.53,3.8.3,1587164353,19,0,0,0,0,0,0,0,0,0,0,0,0,0
homebridge/homebridge,872e94eee44c786e79239b83bc6d50601af42952,homebridge,0.4.53,3.8.3,1587179623,19,0,0,0,0,0,0,0,0,0,0,0,0,0
homebridge/homebridge,c85276982a92e2e720f72372fedd7b88b88a29c3,homebridge,0.4.53,3.8.3,1587197505,19,0,0,0,0,0,0,0,0,0,0,0,0,0
homebridge/homebridge,8f322984936193239b9fbdb5a20f4b160f66ab19,homebridge,0.4.53,3.8.3,1587276942,19,0,0,0,0,0,0,0,0,0,0,0,0,0
homebridge/homebridge,ad0208f986f7c121edb3e4d106114e3f4abb51ea,homebridge,0.4.53,3.8.3,1587288608,19,0,0,0,0,0,0,0,0,0,0,0,0,0
homebridge/homebridge,ee3366c9935f39569e14f8c68bf9578accff3897,homebridge,0.4.53,,1587919254,0,0,0,0,0,0,0,0,0,0,0,0,0,0
homebridge/homebridge,2fea1beb8ed517de48ccedd476247fffa2044114,homebridge,0.4.53,3.8.3,1587919388,19,0,0,0,0,0,0,0,0,0,0,0,0,0
homebridge/homebridge,5b0a537a33d9ded1776c0c521d506baa0a4454ee,homebridge,0.4.53,3.8.3,1587941328,19,0,0,0,0,0,0,0,0,0,0,0,0,0
homebridge/homebridge,c23cc80090bf5f0a76a1f05ecb3fbb0d4fa93472,homebridge,0.4.53,3.8.3,1587948017,19,0,0,0,0,0,0,0,0,0,0,0,0,0
homebridge/homebridge,1db08f58a9ff8807b557b922daef4c2beb20b410,homebridge,0.4.53,3.8.3,1587949331,19,0,0,0,0,0,0,0,0,0,0,0,0,0
homebridge/homebridge,476e4be2450327e188ccaf11b884711845a4bce0,homebridge,1.0.0,3.8.3,1587950000,19,0,0,0,0,0,0,0,0,0,0,0,0,0
homebridge/homebridge,34f18ff30434d58e58b9d11248210ba0937014b4,homebridge,1.0.0,3.8.3,1587951001,19,0,0,0,0,0,0,0,0,0,0,0,0,0
homebridge/homebridge,f54e13b1efac1aa68924015c51e0fbd7ebffd3dd,homebridge,1.0.0,3.8.3,1587952235,19,0,0,0,0,0,0,0,0,0,0,0,0,0
homebridge/homebridge,2383be3415885f5f14bcbf6826dd711fe5c7e5de,homebridge,1.0.0,3.8.3,1587954762,19,0,0,0,0,0,0,0,0,0,0,0,0,0
homebridge/homebridge,ac528c9ef84c4e043349722bb1a9ca3a1b21abdd,homebridge,1.0.0,3.8.3,1587990300,19,0,0,0,0,0,0,0,0,0,0,0,0,0
homebridge/homebridge,2d19a7716ca853473dfd5a6e421e231adad593ab,homebridge,1.0.1,3.8.3,1587990878,19,0,0,0,0,0,0,0,0,0,0,0,0,0
homebridge/homebridge,3e35b91ea1b0cae7116c139abe74cbc303a241be,homebridge,1.0.1,3.8.3,1587991011,19,0,0,0,0,0,0,0,0,0,0,0,0,0
homebridge/homebridge,bdebdb1dc10fc95032b2847e3ee5b2f01acdce92,homebridge,1.0.1,3.8.3,1587991704,19,0,0,0,0,0,0,0,0,0,0,0,0,0
homebridge/homebridge,e06923332dec5a72bbd0114a4ce6876eea27798f,homebridge,1.0.1,3.8.3,1588021384,19,0,0,0,0,0,0,0,0,0,0,0,0,0
homebridge/homebridge,516bd3774bfbc372e1824a3c9223a4825a571c3c,homebridge,1.0.1,3.8.3,1588022863,19,0,0,0,0,0,0,0,0,0,0,0,0,0
homebridge/homebridge,e09d360026fcee1de6f709b6c4a7424443f9ce88,homebridge,1.0.1,3.8.3,1588027879,19,0,0,0,0,0,0,0,0,0,0,0,0,0
homebridge/homebridge,8dbac2ec6e8074ada778300d1ad31513a6543ad8,homebridge,1.0.1,3.8.3,1588027968,19,0,0,0,0,0,0,0,0,0,0,0,0,0
homebridge/homebridge,df4339cc0383b84ae6b76ea6bca7dc513ca8ed93,homebridge,1.0.1,3.8.3,1588028045,19,0,0,0,0,0,0,0,0,0,0,0,0,0
homebridge/homebridge,cd13e3b2305a84a6e026e3da43580d8ca35d77c4,homebridge,1.0.1,3.8.3,1588034053,19,0,0,0,0,0,0,0,0,0,0,0,0,0
homebridge/homebridge,2e1ecf28243503eeb425947041fe313fb9f4d7fa,homebridge,1.0.2,3.8.3,1588034854,19,0,0,0,0,0,0,0,0,0,0,0,0,0
homebridge/homebridge,fc3f8f8654bc8245932f725b50d6c03b4d512ec9,homebridge,1.0.2,3.8.3,1588103061,19,0,0,0,0,0,0,0,0,0,0,0,0,0
homebridge/homebridge,a3909671b898d449b9b70d0f15b194092c98513d,homebridge,1.0.2,3.8.3,1588103061,19,0,0,0,0,0,0,0,0,0,0,0,0,0
homebridge/homebridge,6b9c228a758d79b0ce712f086b3a4c40a89af1a0,homebridge,1.0.2,3.8.3,1588103061,19,0,0,0,0,0,0,0,0,0,0,0,0,0
homebridge/homebridge,e916f073f2fc35efc233891a6c8eef848c608f4b,homebridge,1.0.2,3.8.3,1588103062,19,0,0,0,0,0,0,0,0,0,0,0,0,0
homebridge/homebridge,1c4d11eb5765e1ba897f63b21f4bc447ead6d3b6,homebridge,1.0.2,3.8.3,1588103062,19,0,0,0,0,0,0,0,0,0,0,0,0,0
homebridge/homebridge,26d438db35da3dd5aea1e292c59ca5bb29dd3628,homebridge,1.0.2,3.8.3,1588103062,19,0,0,0,0,0,0,0,0,0,0,0,0,0
homebridge/homebridge,23d325b55cace53258b8ed00e40ed68f9ae47d9d,homebridge,1.0.3,3.8.3,1588103069,19,0,0,0,0,0,0,0,0,0,0,0,0,0
homebridge/homebridge,f78a87074f92d09937d1ca834cf84e78acadc5ce,homebridge,1.0.2,3.8.3,1588109270,19,0,0,0,0,0,0,0,0,0,0,0,0,0
homebridge/homebridge,e4eea4247fa77d586808cff62aba123bbad72f10,homebridge,1.0.3,3.8.3,1588109270,19,0,0,0,0,0,0,0,0,0,0,0,0,0
homebridge/homebridge,fb298768e80f652430de8055ac4e44c787d5d56e,homebridge,1.0.2,3.8.3,1588109270,19,0,0,0,0,0,0,0,0,0,0,0,0,0
homebridge/homebridge,1838ed2113e9c189cfd086f156da1e2acbe5e4f2,homebridge,1.0.2,3.8.3,1588109270,19,0,0,0,0,0,0,0,0,0,0,0,0,0
homebridge/homebridge,6500340ea260eab7f82cd9d3fd60cfd512ba5319,homebridge,1.0.2,3.8.3,1588109270,19,0,0,0,0,0,0,0,0,0,0,0,0,0
homebridge/homebridge,5ed51a09005cad06f29628b5fce9dceda00a48a8,homebridge,1.0.2,3.8.3,1588109270,19,0,0,0,0,0,0,0,0,0,0,0,0,0
homebridge/homebridge,36c8666386020c6b4e4f300a872220751925c58f,homebridge,1.0.2,3.8.3,1588109270,19,0,0,0,0,0,0,0,0,0,0,0,0,0
homebridge/homebridge,a2368a803fc87447f91bead2c5cacb0395e85142,homebridge,1.0.2,3.8.3,1588109270,19,0,0,0,0,0,0,0,0,0,0,0,0,0
homebridge/homebridge,a7913bee616ad026f3702f714dba1d7a915feada,homebridge,1.0.3,3.8.3,1588155419,19,0,0,0,0,0,0,0,0,0,0,0,0,0
homebridge/homebridge,a38ed86c52d1167625e2c967d6dc2ea539cded6c,homebridge,1.0.3,3.8.3,1588193700,19,0,0,0,0,0,0,0,0,0,0,0,0,0
homebridge/homebridge,1e87a5b630c5c72af0fcd795519647f18bea1524,homebridge,1.0.3,3.8.3,1588256748,19,0,0,0,0,0,0,0,0,0,0,0,0,0
homebridge/homebridge,0ead1849deaa5d0269cfb333841bbb426654bf0c,homebridge,1.0.4,3.8.3,1588257544,19,0,0,0,0,0,0,0,0,0,0,0,0,0
homebridge/homebridge,b4d2202e4fac36fc9efe8a7581c96e3b3a206dd0,homebridge,1.0.3,3.8.3,1588258862,19,0,0,0,0,0,0,0,0,0,0,0,0,0
homebridge/homebridge,eb7f7b95c4e6ff0baa821dade81ba0cb0b4d6ea0,homebridge,1.0.3,3.8.3,1588258862,19,0,0,0,0,0,0,0,0,0,0,0,0,0
homebridge/homebridge,cefc97b27583a67c322bb2a236f5e1a9ca26e9a1,homebridge,1.0.3,3.8.3,1588258862,19,0,0,0,0,0,0,0,0,0,0,0,0,0
homebridge/homebridge,736b3fac6d8ebbb75ff56d917a8679d1d8229a4f,homebridge,1.0.4,3.8.3,1588258862,19,0,0,0,0,0,0,0,0,0,0,0,0,0
homebridge/homebridge,cfe4d2ea0a5b14ae5247148876a41b4503248b77,homebridge,1.0.4,3.8.3,1588352206,19,0,0,0,0,0,0,0,0,0,0,0,0,0
homebridge/homebridge,b793b45d800f7b07cdc5527649442b07bc8f6e72,homebridge,1.0.4,3.8.3,1588858458,19,0,0,0,0,0,0,0,0,0,0,0,0,0
homebridge/homebridge,923dda748f3f69a285c45632f780b5df0a05d949,homebridge,1.0.4,3.8.3,1588859542,19,0,0,0,0,0,0,0,0,0,0,0,0,0
homebridge/homebridge,99505d3928e16d575ffb0dcedb6e9e725c4fe26e,homebridge,1.0.4,3.8.3,1588947344,19,0,0,0,0,0,0,0,0,0,0,0,0,0
homebridge/homebridge,7a390a918a66a115b4405ff15bd16d8896d14ce1,homebridge,1.0.4,3.8.3,1588947348,19,0,0,0,0,0,0,0,0,0,0,0,0,0
homebridge/homebridge,c5841e692fb28360e64c9804ff57863345ecbb34,homebridge,1.0.4,3.8.3,1588947348,19,0,0,0,0,0,0,0,0,0,0,0,0,0
homebridge/homebridge,bce96b2abd5d2565b7865ea73ae158628e34ded6,homebridge,1.0.4,3.8.3,1588977669,19,0,0,0,0,0,0,0,0,0,0,0,0,0
homebridge/homebridge,fdb073e309ec930c6aa665927338cdc6aec00e8c,homebridge,1.0.4,3.8.3,1588978132,19,0,0,0,0,0,0,0,0,0,0,0,0,0
homebridge/homebridge,54c75793773f5520e51b7c4d2f8abe3562795641,homebridge,1.0.4,3.8.3,1589019613,19,0,0,0,0,0,0,0,0,0,0,0,0,0
homebridge/homebridge,ab89290209bc4cac335c422de1714a15998e9d05,homebridge,1.0.4,3.8.3,1589113684,19,0,0,0,0,0,0,0,0,0,0,0,0,0
homebridge/homebridge,e594096df046c2f797a78d0c084946bffb19c211,homebridge,1.0.4,3.8.3,1589118243,19,0,0,0,0,0,0,0,0,0,0,0,0,0
homebridge/homebridge,353bf05cade5bf2ea331c895cedea16c14fe521a,homebridge,1.0.4,3.8.3,1589185765,19,0,0,0,0,0,0,0,0,0,0,0,0,0
homebridge/homebridge,430e09aba1e7dfa96f56f0da16351cdd7b1e01a0,homebridge,1.0.4,3.8.3,1589284350,19,0,0,0,0,0,0,0,0,0,0,0,0,0
homebridge/homebridge,f111c9f9f29077666057b8514cfbaa034db8a17f,homebridge,1.0.4,3.9.2,1589709094,19,0,0,0,0,0,0,0,0,0,0,0,0,0
homebridge/homebridge,61a80d1b1d09e881dce1fc0bdaadc519d4a7bb41,homebridge,1.0.5,3.9.2,1589709458,19,0,0,0,0,0,0,0,0,0,0,0,0,0
homebridge/homebridge,cd397ad5083ded7411eb4ab227a1a98112094c36,homebridge,1.1.0,3.9.2,1589709832,19,0,0,0,0,0,0,0,0,0,0,0,0,0
homebridge/homebridge,25ec05001388fa464989789ac35afbd12e8422ad,homebridge,1.1.0,3.9.2,1589710055,19,0,0,0,0,0,0,0,0,0,0,0,0,0
homebridge/homebridge,b6f4be92390280f8bafa79d4591143f6f6153de3,homebridge,1.1.0,3.9.2,1589805005,19,0,0,0,0,0,0,0,0,0,0,0,0,0
homebridge/homebridge,721ff2c9680c386547cca6c94ac9006de6b2233c,homebridge,1.1.0,3.9.2,1589805439,19,0,0,0,0,0,0,0,0,0,0,0,0,0
homebridge/homebridge,40af66ad078a50db30e2bf11ba3e40b7e33fced1,homebridge,1.1.0,3.9.2,1592402585,19,0,0,0,0,0,0,0,0,0,0,0,0,0
homebridge/homebridge,8749513ddab69d08708596c60beb168ddeb800a9,homebridge,1.1.0,3.9.5,1592403171,19,0,0,0,0,0,0,0,0,0,0,0,0,0
homebridge/homebridge,0849c7711eb8dd7acc421f65e633bf98813d2aec,homebridge,1.1.1,3.9.5,1592403284,19,0,0,0,0,0,0,0,0,0,0,0,0,0
homebridge/homebridge,42f4daede4933b33b89e1fdc1c67dbf674dbe1e8,homebridge,1.1.1,3.9.5,1592404046,19,0,0,0,0,0,0,0,0,0,0,0,0,0
homebridge/homebridge,8899c36e284604da7db955be5bcb2c012192e7f0,homebridge,1.1.1,3.9.5,1592404092,19,0,0,0,0,0,0,0,0,0,0,0,0,0
homebridge/homebridge,f7217a890d092abf708f3c0ba88f47e6b45a613e,homebridge,1.1.1,3.9.5,1592404112,19,0,0,0,0,0,0,0,0,0,0,0,0,0
homebridge/homebridge,55bcc1df9f66f04dd3ca3b4d3d96ae7d09958fa9,homebridge,1.1.1,3.9.5,1592404127,19,0,0,0,0,0,0,0,0,0,0,0,0,0
homebridge/homebridge,45b25765bba9e9750e05a44b977568cddd749dca,homebridge,1.1.1,3.9.5,1592404158,19,0,0,0,0,0,0,0,0,0,0,0,0,0
homebridge/homebridge,bc6d77b8ef7517906ee90d9aa394cc70f3fd5f8e,homebridge,1.1.1,3.9.5,1592411754,19,0,0,0,0,0,0,0,0,0,0,0,0,0
homebridge/homebridge,5d6092eddbabe082f121b48e9d70e0106460eb36,homebridge,1.1.1,3.9.5,1592478756,19,0,0,0,0,0,0,0,0,0,0,0,0,0
homebridge/homebridge,c60a64bd8f7187cfa0685551e657310623ebf51d,homebridge,1.1.1,3.9.5,1593165797,19,0,0,0,0,0,0,0,0,0,0,0,0,0
homebridge/homebridge,e7ec4829d995c99e737205573b046bd4fbb7dfd3,homebridge,1.1.1,3.9.5,1593166429,19,0,0,0,0,0,0,0,0,0,0,0,0,0
homebridge/homebridge,0ee818401ba22094bc82891d12b63a8457db69cf,homebridge,1.2.0-beta.27,3.9.5,1594088336,19,0,0,0,0,0,0,0,0,0,0,0,0,0
homebridge/homebridge,51235712d4abf6b107fc8ce2f8473e0460eae2a7,homebridge,1.2.0,3.9.5,1594088464,19,0,0,0,0,0,0,0,0,0,0,0,0,0
homebridge/homebridge,b7db89b2f3af8d70b15cae4ee5719f93419b82be,homebridge,1.2.0-beta.0,3.9.5,1594114798,19,0,0,0,0,0,0,0,0,0,0,0,0,0
homebridge/homebridge,ff4625e3a561cd29c4406f016db9116f62a2c1f4,homebridge,1.2.0-beta.0,3.9.5,1594988781,19,0,0,0,0,0,0,0,0,0,0,0,0,0
homebridge/homebridge,43bd32caf854ffaf2bfa308b2767f7b7e0e63169,homebridge,1.1.1,3.9.5,1595246109,19,0,0,0,0,0,0,0,0,0,0,0,0,0
homebridge/homebridge,c4ee2dbf1f74b4d145ce72e9aede7bc4086555cb,homebridge,1.2.0-beta.0,3.9.5,1595362525,19,0,0,0,0,0,0,0,0,0,0,0,0,0
homebridge/homebridge,ba3f29b8f8ff10a2711756681b3971e070c0ac23,homebridge,1.1.1,3.9.5,1596105957,19,0,0,0,0,0,0,0,0,0,0,0,0,0
homebridge/homebridge,7c85dd7a7313fdeb5bb5c7c86c3ba8beb2d77b07,homebridge,1.1.1,3.9.5,1596111711,19,0,0,0,0,0,0,0,0,0,0,0,0,0
homebridge/homebridge,e1ec5f2830f0ef275af24b1af6c15ad3a3e37d1a,homebridge,1.2.0-beta.0,3.9.5,1596111743,19,0,0,0,0,0,0,0,0,0,0,0,0,0
homebridge/homebridge,e36203ddcf840ea0c9b644a133db207ebe8e46a3,homebridge,1.1.1,3.9.5,1596192027,19,0,0,0,0,0,0,0,0,0,0,0,0,0
homebridge/homebridge,f74ddbce7f8d520b9d37e023b2ba03712359bc3e,homebridge,1.2.0-beta.0,3.9.5,1596192066,19,0,0,0,0,0,0,0,0,0,0,0,0,0
homebridge/homebridge,92d057302861f9db1a06a1f5bba99c967889c961,homebridge,1.2.0-beta.0,3.9.5,1596713164,19,0,0,0,0,0,0,0,0,0,0,0,0,0
homebridge/homebridge,da6e7bfe874990308844b6485c62ba66991d8574,homebridge,1.1.1,3.9.5,1597236286,19,0,0,0,0,0,0,0,0,0,0,0,0,0
homebridge/homebridge,bc97c82c2a3ebd4a673f2db17f0a0e22df73d00d,homebridge,1.2.0-beta.0,3.9.5,1597236308,19,0,0,0,0,0,0,0,0,0,0,0,0,0
homebridge/homebridge,c6ce2454fbc2c6caa6f81c74ec1cd3f1d651004c,homebridge,1.1.2,3.9.5,1597238732,19,0,0,0,0,0,0,0,0,0,0,0,0,0
homebridge/homebridge,2f45f62a991ae2166718a59669083ed89afa877a,homebridge,1.1.2,4.0.2,1599084156,19,0,0,0,0,0,0,0,0,0,0,0,0,0
homebridge/homebridge,085f50c29f2489762ee5aabf1ce8737f137d60a9,homebridge,1.1.3,4.0.2,1599084173,19,0,0,0,0,0,0,0,0,0,0,0,0,0
homebridge/homebridge,cf19c62769f07156f6e89bc00e5dc3350669c74b,homebridge,1.2.0-beta.0,4.0.2,1599153383,19,0,0,0,0,0,0,0,0,0,0,0,0,0
homebridge/homebridge,8a488dfee6d54143fb1391a48fa065f02b62e9a8,homebridge,1.1.3,4.0.2,1599502975,19,0,0,0,0,0,0,0,0,0,0,0,0,0
homebridge/homebridge,64e1ebcc7390d40ef8a18ecd4084d384118667d8,homebridge,1.1.4,4.0.2,1599503036,19,0,0,0,0,0,0,0,0,0,0,0,0,0
homebridge/homebridge,f01bc8211c3b5a7a81f7d444610f28455683cbff,homebridge,1.1.4,4.0.2,1599504145,19,0,0,0,0,0,0,0,0,0,0,0,0,0
homebridge/homebridge,5e3683c1132fa011ff9473ea04f047b6967b0b69,homebridge,1.1.5,4.0.2,1599504156,19,0,0,0,0,0,0,0,0,0,0,0,0,0
homebridge/homebridge,33f0f5c94d2ad3f77ee2274b37e5d05643199a8e,homebridge,1.1.5,4.0.2,1599511297,19,0,0,0,0,0,0,0,0,0,0,0,0,0
homebridge/homebridge,117927f3cb2916c16c21735586a7ec62c1218d72,homebridge,1.1.6,4.0.2,1599511324,19,0,0,0,0,0,0,0,0,0,0,0,0,0
homebridge/homebridge,2f358504490ad2a7ae0f7609a27880f3466e6b98,homebridge,1.2.0-beta.0,4.0.2,1599511969,19,0,0,0,0,0,0,0,0,0,0,0,0,0
homebridge/homebridge,5ace8e39cccf6f194e80d233b16ff6a93b533bbe,homebridge,1.2.0-beta.0,4.0.2,1599843939,19,0,0,0,0,0,0,0,0,0,0,0,0,0
homebridge/homebridge,a42f9a89e11651d3e9445555487ff7763296d497,homebridge,1.2.0-beta.0,4.0.2,1599844116,19,0,0,0,0,0,0,0,0,0,0,0,0,0
homebridge/homebridge,37d1f24b8d3cf4aeab3d4a30b9e516d5ea583c7c,homebridge,1.2.0-beta.0,4.0.2,1600036964,19,0,0,0,0,0,0,0,0,0,0,0,0,0
homebridge/homebridge,58093cf1314356b6fbd05306841d8ff6dbb3f2ce,homebridge,1.2.0-beta.0,4.0.2,1600113442,19,0,0,0,0,0,0,0,0,0,0,0,0,0
homebridge/homebridge,ba60124e8939c919ff0f95033cfc557eeeaf9e40,homebridge,1.2.0,4.0.2,1600113501,19,0,0,0,0,0,0,0,0,0,0,0,0,0
homebridge/homebridge,6b26d5bdc883a26964e36bcc2db128236632c961,homebridge,1.2.0,4.0.2,1600114456,19,0,0,0,0,0,0,0,0,0,0,0,0,0
homebridge/homebridge,b81de8c3073559f4e4a4ef9f0b57a72e383474c5,homebridge,1.2.0,4.0.2,1600135003,19,0,0,0,0,0,0,0,0,0,0,0,0,0
homebridge/homebridge,52237c0ebc6f7aeb05ba8796aa1cf30f31487cc7,homebridge,1.2.1,4.0.2,1600135019,19,0,0,0,0,0,0,0,0,0,0,0,0,0
homebridge/homebridge,e31f752c7d966496bc46bd4878d9284120535fef,homebridge,1.2.1,4.0.2,1600217787,19,0,0,0,0,0,0,0,0,0,0,0,0,0
homebridge/homebridge,0a7d337ca5b9c0867dc9dcf8063e695615148ba4,homebridge,1.2.1,4.0.2,1600220226,19,0,0,0,0,0,0,0,0,0,0,0,0,0
homebridge/homebridge,b73f2c21f734b56076b78cbab6adc49627778c49,homebridge,1.2.1,4.0.2,1600220354,19,0,0,0,0,0,0,0,0,0,0,0,0,0
homebridge/homebridge,8180755c9490a23133edb8af66f48f240d2bfe2e,homebridge,1.2.2,4.0.2,1600220829,19,0,0,0,0,0,0,0,0,0,0,0,0,0
homebridge/homebridge,28867cfe31445cb2bf166cd54f2bc813b3ef23dd,homebridge,1.2.2,4.0.2,1600262958,19,0,0,0,0,0,0,0,0,0,0,0,0,0
homebridge/homebridge,22eff2048058582a03e216fb19f59da1798f3141,homebridge,1.2.2,4.0.2,1600263173,19,0,0,0,0,0,0,0,0,0,0,0,0,0
homebridge/homebridge,bec78d19f9c36d6ddf43400f0f4507fb3a13f651,homebridge,1.2.2,4.0.2,1600334346,19,0,0,0,0,0,0,0,0,0,0,0,0,0
homebridge/homebridge,7c5c31e9c4bec09371c1528fe8d7195b8150156a,homebridge,1.2.2,4.0.2,1600334433,19,0,0,0,0,0,0,0,0,0,0,0,0,0
homebridge/homebridge,df6dbb943069d5b609758642f62ca48c809b25b5,homebridge,1.2.2,4.0.2,1600644767,19,0,0,0,0,0,0,0,0,0,0,0,0,0
homebridge/homebridge,aac6ddc6716a80fd743172b0eb3cd61e404cc3c7,homebridge,1.2.2,4.0.2,1600645108,19,0,0,0,0,0,0,0,0,0,0,0,0,0
homebridge/homebridge,7a7e6a1bac0d27107e07b6025c4a448b86f459d6,homebridge,1.2.3,4.0.2,1600645174,19,0,0,0,0,0,0,0,0,0,0,0,0,0
homebridge/homebridge,549731318c176b15e88d3325a543348d08a7148b,homebridge,1.2.3,4.0.2,1601311829,19,0,0,0,0,0,0,0,0,0,0,0,0,0
homebridge/homebridge,9649a55853f786ac5dd86fdd5adec4477d83bd76,homebridge,1.2.3,4.0.2,1601311940,19,0,0,0,0,0,0,0,0,0,0,0,0,0
homebridge/homebridge,4fe3680f6ec799fa8f7e88a1cebbdb82bf82ae36,homebridge,1.2.3,4.0.2,1601312137,19,0,0,0,0,0,0,0,0,0,0,0,0,0
homebridge/homebridge,ebbbe6bd7622b40d1966aadbfec17ea4a7423d07,homebridge,1.2.3,4.0.2,1601424232,19,0,0,0,0,0,0,0,0,0,0,0,0,0
homebridge/homebridge,85dd69c36d0f27b1de9c6fb79983d294cb96df98,homebridge,1.2.3,4.0.2,1601855074,19,0,0,0,0,0,0,0,0,0,0,0,0,0
homebridge/homebridge,8552a2c1dbcfe3dca8bd215edccf85190dcd6e43,homebridge,1.3.0-beta.4,4.0.2,1601940927,19,0,0,0,0,0,0,0,0,0,0,0,0,0
homebridge/homebridge,a90936b45258f5af152a1ef874c9c7b2bbb7ce00,homebridge,1.3.0-beta.4,4.0.2,1601941156,19,0,0,0,0,0,0,0,0,0,0,0,0,0
homebridge/homebridge,460a155513e73f7b14b4242c1005aa3ca0650660,homebridge,1.3.0-beta.4,4.0.2,1601944296,19,0,0,0,0,0,0,0,0,0,0,0,0,0
homebridge/homebridge,cdf252a4229bb4a322f03bf5ae77072887b92b2c,homebridge,1.3.0-beta.4,4.0.2,1601985986,19,0,0,0,0,0,0,0,0,0,0,0,0,0
homebridge/homebridge,d69fcfd84a9635ad1d6a7acd4fb65e1c7f49a305,homebridge,1.3.0-beta.4,4.0.2,1601986217,19,0,0,0,0,0,0,0,0,0,0,0,0,0
homebridge/homebridge,5fa04a1db8ed3ed458763764fe4ce4e66d695a60,homebridge,1.3.0-beta.4,4.0.2,1602129542,19,0,0,0,0,0,0,0,0,0,0,0,0,0
homebridge/homebridge,e9ca2dd9650902d459678497fab7853c84cbc2bc,homebridge,1.3.0-beta.4,4.0.2,1602196457,19,0,0,0,0,0,0,0,0,0,0,0,0,0
homebridge/homebridge,6b5c765de121cb1b610d39028a881724f7d1c7c1,homebridge,1.3.0-beta.4,4.0.2,1602538255,19,0,0,0,0,0,0,0,0,0,0,0,0,0
homebridge/homebridge,aabe4b52a98f70d46b1138f9dee8840c2394860b,homebridge,1.3.0-beta.4,4.0.2,1603061529,19,0,0,0,0,0,0,0,0,0,0,0,0,0
homebridge/homebridge,d512bc0b3ebb8654a43aae8622046723b85c0624,homebridge,1.3.0-beta.4,4.0.2,1603183032,19,0,0,0,0,0,0,0,0,0,0,0,0,0
homebridge/homebridge,171a5921348f74babc4026a70cb3a36eb8b0f445,homebridge,1.3.0-beta.4,4.0.2,1604497661,19,0,0,0,0,0,0,0,0,0,0,0,0,0
homebridge/homebridge,12ff04eac1285b019ac32c39e8cefdcc8d9a4550,homebridge,1.3.0-beta.4,4.0.2,1604506651,19,0,0,0,0,0,0,0,0,0,0,0,0,0
homebridge/homebridge,86daf33bf9b43061b5c57d6b13e7c879e0e480ba,homebridge,1.3.0-beta.4,4.0.2,1604597763,19,0,0,0,0,0,0,0,0,0,0,0,0,0
homebridge/homebridge,8fae93a6b12b12004c59de2c16f34d7696aeae90,homebridge,1.3.0-beta.4,4.0.2,1604636735,19,0,0,0,0,0,0,0,0,0,0,0,0,0
homebridge/homebridge,957ba6d9c0f5a3e7c222ce7e00be661761b85cb5,homebridge,1.3.0-beta.4,4.0.2,1604701957,19,0,0,0,0,0,0,0,0,0,0,0,0,0
homebridge/homebridge,98a33579f4b090693af3189da01bee3432301fa4,homebridge,1.3.0-beta.4,4.0.2,1605047531,19,0,0,0,0,0,0,0,0,0,0,0,0,0
homebridge/homebridge,8068f45641c3f556d4f701e5fcfd74277abd5edc,homebridge,1.3.0-beta.4,4.0.2,1605052375,19,0,0,0,0,0,0,0,0,0,0,0,0,0
homebridge/homebridge,1f62a48092bb6319ed2245904e45c3b19f8b33bb,homebridge,1.3.0-beta.4,4.0.2,1605141175,19,0,0,0,0,0,0,0,0,0,0,0,0,0
homebridge/homebridge,116dd746df7f14c79601dd5590fc20339381980b,homebridge,1.3.0-beta.4,4.0.2,1605300940,19,0,0,0,0,0,0,0,0,0,0,0,0,0
homebridge/homebridge,d9c1d0296ccb01f01a07f2ab0bc9830a65021c32,homebridge,1.3.0-beta.4,4.0.2,1605301132,19,0,0,0,0,0,0,0,0,0,0,0,0,0
homebridge/homebridge,3aa79d0e888a38414c9d0ab42031d944dde17232,homebridge,1.3.0-beta.4,4.0.2,1605314084,19,0,0,0,0,0,0,0,0,0,0,0,0,0
homebridge/homebridge,3a64902ad9a3ab48d8442f75fe122ac475bbc7aa,homebridge,1.3.0-beta.4,4.0.2,1605725512,19,0,0,0,0,0,0,0,0,0,0,0,0,0
homebridge/homebridge,3c9fe900e7f538b68f2737a12ae5bb91146217c4,homebridge,1.2.3,4.0.2,1605874807,19,0,0,0,0,0,0,0,0,0,0,0,0,0
homebridge/homebridge,114e12b00fe39c3776c0f7b8440e96bd581f835c,homebridge,1.3.0-beta.4,4.0.2,1605874819,19,0,0,0,0,0,0,0,0,0,0,0,0,0
homebridge/homebridge,61363c962c81955871936d0dafb9aa6712ab730f,homebridge,1.3.0-beta.4,4.0.2,1605906010,19,0,0,0,0,0,0,0,0,0,0,0,0,0
homebridge/homebridge,4cfb22733cd20163f2b9342e8fe21d3a69d22c21,homebridge,1.3.0-beta.4,4.0.2,1606507040,19,0,0,0,0,0,0,0,0,0,0,0,0,0
homebridge/homebridge,4e0133e5124ec264a82eec6d3e2704e77a2ec14b,homebridge,1.3.0-beta.4,4.0.2,1606684293,19,0,0,0,0,0,0,0,0,0,0,0,0,0
homebridge/homebridge,3a22b27f5ea6de4b5653b02d60b97150e2bf9feb,homebridge,1.3.0-beta.4,4.1.2,1606747678,19,0,0,0,0,0,0,0,0,0,0,0,0,0
homebridge/homebridge,43521b7ef4737a2b1b771147339b62b48b8cd655,homebridge,1.3.0-beta.4,4.1.2,1606747701,19,0,0,0,0,0,0,0,0,0,0,0,0,0
homebridge/homebridge,73a1ccf99feec3ff32e7b2a85055d42710cd4639,homebridge,1.3.0-beta.4,4.1.2,1607183499,19,0,0,0,0,0,0,0,0,0,0,0,0,0
homebridge/homebridge,d2aa8a1353dcfadfde54d4650017f6c5ba502afa,homebridge,1.2.3,4.0.2,1607187246,19,0,0,0,0,0,0,0,0,0,0,0,0,0
homebridge/homebridge,caf9bbf54caf515bb179a2c00702633ef51dd66b,homebridge,1.2.3,4.0.2,1607187465,19,0,0,0,0,0,0,0,0,0,0,0,0,0
homebridge/homebridge,ba08d4085cebc0c5b0b69a71e034f0a950de523b,homebridge,1.2.4,4.0.2,1607187476,19,0,0,0,0,0,0,0,0,0,0,0,0,0
homebridge/homebridge,a5171d6d85aa503f9f54531d814170a8345aa949,homebridge,1.3.0-beta.4,4.1.2,1607471977,19,0,0,0,0,0,0,0,0,0,0,0,0,0
homebridge/homebridge,b9d81459fe02a8229424967c42cbcf1be7af31f5,homebridge,1.3.0-beta.4,4.1.2,1608157327,19,0,0,0,0,0,0,0,0,0,0,0,0,0
homebridge/homebridge,e17315d70c2d3cb3d2fd9269d04e0333512241d3,homebridge,1.1.6,4.0.2,1608158558,19,0,0,0,0,0,0,0,0,0,0,0,0,0
homebridge/homebridge,2c883fe16fd6618811a90bc4052682445d16aaa1,homebridge,1.1.7,4.0.2,1608158569,19,0,0,0,0,0,0,0,0,0,0,0,0,0
homebridge/homebridge,0ef224523e9ef08a968adf4245cf7f09d0169348,homebridge,1.3.0-beta.4,4.1.3,1609107060,19,0,0,0,0,0,0,0,0,0,0,0,0,0
homebridge/homebridge,4eff9c4e3f466e7ef13df26268e25b8fe1d2ba28,homebridge,1.2.4,4.0.2,1609116623,19,0,0,0,0,0,0,0,0,0,0,0,0,0
homebridge/homebridge,e92ef4e62506ac9bc924afb464b9b952aca68d81,homebridge,1.2.5,4.0.2,1609116627,19,0,0,0,0,0,0,0,0,0,0,0,0,0
homebridge/homebridge,7f412d3205ab30de2e7c18c6ed202e0b75909d73,homebridge,1.3.0-beta.4,4.1.3,1609437141,19,0,0,0,0,0,0,0,0,0,0,0,0,0
homebridge/homebridge,f0670450bd2bd6f9c79109af327908426ca87617,homebridge,1.3.0-beta.4,4.1.3,1609437350,19,0,0,0,0,0,0,0,0,0,0,0,0,0
homebridge/homebridge,765d202d7f1c55136fb5f2770fe8bfe58b69164c,homebridge,1.3.0-beta.4,4.1.3,1609437499,19,0,0,0,0,0,0,0,0,0,0,0,0,0
homebridge/homebridge,ce0fa1026550d7773538f7c6dea9ade154938daa,homebridge,1.3.0-beta.4,4.1.3,1609437950,19,0,0,0,0,0,0,0,0,0,0,0,0,0
homebridge/homebridge,1c64691f9c6871947261bfb8583fb25757937813,homebridge,1.3.0-beta.4,4.1.3,1609534121,19,0,0,0,0,0,0,0,0,0,0,0,0,0
homebridge/homebridge,82a5cf2c63fb3813e944f8dbaafa14d7c9191673,homebridge,1.3.0-beta.4,4.1.3,1609534497,19,0,0,0,0,0,0,0,0,0,0,0,0,0
homebridge/homebridge,388c8b840fdf42d2111fac0ab2758c3943aa0cab,homebridge,1.3.0-beta.4,4.1.3,1609752741,19,0,0,0,0,0,0,0,0,0,0,0,0,0
homebridge/homebridge,c648a64a7c5d7f96f951bf56effee165cd7e8134,homebridge,1.3.0-beta.4,4.1.3,1609762565,19,0,0,0,0,0,0,0,0,0,0,0,0,0
homebridge/homebridge,dc6763ab6c73b0ae254eac3b42f4c9951a79cda2,homebridge,1.3.0-beta.4,4.1.3,1609870555,19,0,0,0,0,0,0,0,0,0,0,0,0,0
homebridge/homebridge,3885370f9180594176afae7d90f0a8bf08324c62,homebridge,1.2.5,4.0.2,1610292812,19,0,0,0,0,0,0,0,0,0,0,0,0,0
homebridge/homebridge,486fd0742a31ec11d5bfb55d4fbb3ee00d0358b9,homebridge,1.3.0-beta.4,4.1.3,1610305003,19,0,0,0,0,0,0,0,0,0,0,0,0,0
homebridge/homebridge,18c96169cb207ab03d1112c532cba3f6ab404bff,homebridge,1.3.0-beta.4,4.1.3,1610374045,19,0,0,0,0,0,0,0,0,0,0,0,0,0
homebridge/homebridge,ded5833ba2c03f5d70a6df1bb2245e5f8c523a7a,homebridge,1.2.5,4.0.2,1610661784,19,0,0,0,0,0,0,0,0,0,0,0,0,0
homebridge/homebridge,9f2c3c524d15eb767132d95248f457bcffab4589,homebridge,1.3.0-beta.4,4.1.3,1610772794,19,0,0,0,0,0,0,0,0,0,0,0,0,0
homebridge/homebridge,2a6a1db3624f681e7f154a51bcd0c9e054a6108d,homebridge,1.3.0-beta.4,4.1.3,1610776203,19,0,0,0,0,0,0,0,0,0,0,0,0,0
homebridge/homebridge,950f09f32b31517a5f52af1d1e837118f28c885c,homebridge,1.3.0-beta.4,4.1.3,1610894723,19,0,0,0,0,0,0,0,0,0,0,0,0,0
homebridge/homebridge,c03f786ac9bb62dff312a7f97250bf313c5fc471,homebridge,1.3.0-beta.4,4.1.3,1610906710,19,0,0,0,0,0,0,0,0,0,0,0,0,0
homebridge/homebridge,0ceb9d03eca4467dab625627e4579707f5a73633,homebridge,1.3.0-beta.4,4.1.3,1610908183,19,0,0,0,0,0,0,0,0,0,0,0,0,0
homebridge/homebridge,e389160774ef173774d49397019ef5a69e519f8f,homebridge,1.3.0-beta.4,4.1.3,1610952063,19,0,0,0,0,0,0,0,0,0,0,0,0,0
homebridge/homebridge,0191029f775397aaa119adc3ee610068e174d468,homebridge,1.3.0-beta.4,4.1.3,1611044059,19,0,0,0,0,0,0,0,0,0,0,0,0,0
homebridge/homebridge,0a5bcab0df01417d9459bddf31c209469e36b52f,homebridge,1.3.0-beta.4,4.1.3,1611392558,22,0,0,0,0,0,0,0,0,0,0,0,0,0
homebridge/homebridge,3a07bb8df87bcae657e2ae14b680f9761dc5aac4,homebridge,1.3.0-beta.4,4.1.3,1611459281,22,0,0,0,0,0,0,0,0,0,0,0,0,0
homebridge/homebridge,ae974e65b8d34c26199b545220db59b7c389d452,homebridge,1.3.0-beta.4,4.1.3,1611469644,22,0,0,0,0,0,0,0,0,0,0,0,0,0
homebridge/homebridge,6d757edadc19c18890db20cf9552f7d97e406c7a,homebridge,1.3.0-experimental.7,4.1.3,1611555841,22,0,0,0,0,0,0,0,0,0,0,0,0,0
homebridge/homebridge,a9c4643a2ce013e83db57b7951420522310950f4,homebridge,1.3.0-experimental.8,4.1.3,1611558084,22,0,0,0,0,0,0,0,0,0,0,0,0,0
homebridge/homebridge,121e14a001b491e9f5d1fc56af278d32aa7d0961,homebridge,1.3.0-experimental.8,4.1.3,1611567105,22,0,0,0,0,0,0,0,0,0,0,0,0,0
homebridge/homebridge,60e11412a5a724bdfe17bfc771c9123ca46eeb4d,homebridge,1.3.0-experimental.8,4.1.3,1611567260,22,0,0,0,0,0,0,0,0,0,0,0,0,0
homebridge/homebridge,74f56fa84ceac439498f4127737c7ea89b841d02,homebridge,1.3.0-experimental.9,4.1.3,1611850107,22,0,0,0,0,0,0,0,0,0,0,0,0,0
homebridge/homebridge,d2a21ae0f5059826c218ecab79ac951f2cd23eda,homebridge,1.3.0-experimental.11,4.1.3,1611888667,22,0,0,0,0,0,0,0,0,0,0,0,0,0
homebridge/homebridge,ed947fa7da461927023aa8645f565a6796e563ef,homebridge,1.3.0-experimental.11,4.1.3,1611892529,22,0,0,0,0,0,0,0,0,0,0,0,0,0
homebridge/homebridge,c0e7e39c1c5ed3f56bfcf313d69e85bd6b0222f9,homebridge,1.3.0-experimental.11,4.1.3,1611892634,22,0,0,0,0,0,0,0,0,0,0,0,0,0
homebridge/homebridge,1bd909165b3b08dc7d60bac9a2ae8a6578e911db,homebridge,1.3.0-experimental.12,4.1.3,1611912909,23,0,0,0,0,0,0,0,0,0,0,0,0,0
homebridge/homebridge,c0dbbd11a2fb9b29adcc6beab03d717199db0b43,homebridge,1.3.0-experimental.14,4.1.3,1611918437,23,0,0,0,0,0,0,0,0,0,0,0,0,0
homebridge/homebridge,8742015146f677e09730cdbedc1931b0bf6fe504,homebridge,1.3.0-beta.4,4.1.3,1611978837,23,0,0,0,0,0,0,0,0,0,0,0,0,0
homebridge/homebridge,89e3b3752beed53aa4dbe135e6b05d396d3a46c7,homebridge,1.3.0-beta.4,4.1.3,1611997789,23,0,0,0,0,0,0,0,0,0,0,0,0,0
homebridge/homebridge,f1ca58d6d79769ba774ca53138819a6a46812a85,homebridge,1.3.0-beta.4,4.1.3,1612053512,23,0,0,0,0,0,0,0,0,0,0,0,0,0
homebridge/homebridge,be755847c67186800ff60101009ac3e049780024,homebridge,1.3.0-beta.4,4.1.3,1612069372,23,0,0,0,0,0,0,0,0,0,0,0,0,0
homebridge/homebridge,c074e73d34266e9b5a2b44487dea4226f44a71b1,homebridge,1.3.0-beta.4,4.1.3,1612161683,23,0,0,0,0,0,0,0,0,0,0,0,0,0
homebridge/homebridge,b8528dbb8ecd96b41b26e6ad384e138616f32b5b,homebridge,1.3.0-beta.4,4.1.3,1612217910,23,0,0,0,0,0,0,0,0,0,0,0,0,0
homebridge/homebridge,ed7f4afb44a9f4fa14545fa3ae92fe0055de1d64,homebridge,1.3.0-beta.48,4.1.3,1612266390,23,0,0,0,0,0,0,0,0,0,0,0,0,0
homebridge/homebridge,501ee1d4c3c85ba3787b89362132486c309c766e,homebridge,1.3.0-beta.48,4.1.3,1612267183,23,0,0,0,0,0,0,0,0,0,0,0,0,0
homebridge/homebridge,6276fe10fbb333e9b3aeffe91e622562bd3288da,homebridge,1.3.0-beta.48,4.1.3,1612335377,23,0,0,0,0,0,0,0,0,0,0,0,0,0
homebridge/homebridge,e51203796c56dc4849dd9599a3740ff163d63fe4,homebridge,1.3.0-beta.48,4.1.3,1612393058,23,0,0,0,0,0,0,0,0,0,0,0,0,0
homebridge/homebridge,382408ca5a42c82e8475710d3afdd5be31982842,homebridge,1.3.0-beta.48,4.1.3,1612424205,24,0,0,0,0,0,0,0,0,0,0,0,0,0
homebridge/homebridge,41ca73a857fe870f8b4d4a47e804f7047ba17723,homebridge,1.3.0-beta.48,4.1.3,1612483976,24,0,0,0,0,0,0,0,0,0,0,0,0,0
homebridge/homebridge,017088b5c777099c44ef5f5d48f5348db32996a8,homebridge,1.3.0-beta.48,4.1.3,1612488229,24,0,0,0,0,0,0,0,0,0,0,0,0,0
homebridge/homebridge,be43bfd306926baa6ba185330e3af81ffc851797,homebridge,1.3.0-beta.48,4.1.3,1612489377,24,0,0,0,0,0,0,0,0,0,0,0,0,0
homebridge/homebridge,7877a1ed60f8d058586cdc6e293f39e58824baef,homebridge,1.3.0-beta.48,4.1.3,1612507685,24,0,0,0,0,0,0,0,0,0,0,0,0,0
homebridge/homebridge,35363960d5a3a99610172ef34f383ba8b7a0255e,homebridge,1.3.0-beta.53,4.1.3,1612859215,24,0,0,0,0,0,0,0,0,0,0,0,0,0
homebridge/homebridge,784afd6b0ccf09e28581383ac23d20c7d33edf33,homebridge,1.3.0-beta.53,4.1.3,1613134404,24,0,0,0,0,0,0,0,0,0,0,0,0,0
homebridge/homebridge,205a34234d471f6b5e76d6b47cc6925bc453b822,homebridge,1.3.0-beta.53,4.1.3,1613135133,24,0,0,0,0,0,0,0,0,0,0,0,0,0
homebridge/homebridge,a23d30e6b41f6088626f342784c824d5b78a0333,homebridge,1.3.0-beta.53,4.1.3,1613190802,24,0,0,0,0,0,0,0,0,0,0,0,0,0
homebridge/homebridge,36f098d907c93a5c7052329aefe49e1f6f4e6115,homebridge,1.3.0-beta.56,4.1.3,1613264376,24,0,0,0,0,0,0,0,0,0,0,0,0,0
homebridge/homebridge,174ded1a8982b61a27ff7f302efc2473b2580670,homebridge,1.3.0-beta.56,4.1.3,1613264584,24,0,0,0,0,0,0,0,0,0,0,0,0,0
homebridge/homebridge,507a6a88cd1c469564c50fac5d8be45f4c44d2d2,homebridge,1.3.0-beta.56,4.1.3,1613427978,24,0,0,0,0,0,0,0,0,0,0,0,0,0
homebridge/homebridge,3b4238d819537c46a58f9aeb84bdeb6c810df34c,homebridge,1.3.0-beta.56,4.1.3,1613561436,24,0,0,0,0,0,0,0,0,0,0,0,0,0
homebridge/homebridge,bc8c8fcc019e57fa6cba0c68438cf862b7cae160,homebridge,1.3.0-beta.56,4.1.3,1613568381,24,0,0,0,0,0,0,0,0,0,0,0,0,0
homebridge/homebridge,2e4ce426d737695a506a1fded7766ade3823cbe7,homebridge,1.3.0-beta.56,4.1.3,1613574817,24,0,0,0,0,0,0,0,0,0,0,0,0,0
homebridge/homebridge,5040ebc0dd7b2f8587042c3111d5f7f38e136608,homebridge,1.3.0-beta.56,4.1.3,1613583912,24,0,0,0,0,0,0,0,0,0,0,0,0,0
homebridge/homebridge,929a368c5943b1273274c15903980c790b56d904,homebridge,1.3.0-beta.56,4.1.3,1613604038,24,0,0,0,0,0,0,0,0,0,0,0,0,0
homebridge/homebridge,9fae1312eebb6ebc509814a64d2e4878e0fd9144,homebridge,1.3.0-beta.56,4.1.3,1613620927,24,0,0,0,0,0,0,0,0,0,0,0,0,0
homebridge/homebridge,339f531f44d9641079432fd23f808d7bc3b8b0e5,homebridge,1.3.0-beta.56,4.1.3,1613631141,24,0,0,0,0,0,0,0,0,0,0,0,0,0
homebridge/homebridge,f72b4771b2c8e7f946955b843c293d404729e387,homebridge,1.3.0-beta.56,4.1.3,1613645316,24,0,0,0,0,0,0,0,0,0,0,0,0,0
homebridge/homebridge,e9e15f940ae15ac504addd1fb27dbb94956070d6,homebridge,1.3.0-beta.56,4.1.3,1613655507,24,0,0,0,0,0,0,0,0,0,0,0,0,0
homebridge/homebridge,4d124f40d83616fe5ee6edc5cf71e48f290ed6ef,homebridge,1.3.0-beta.56,4.1.3,1613657438,24,0,0,0,0,0,0,0,0,0,0,0,0,0
homebridge/homebridge,b9cc89f9535b49548d7d78ef8e92cb4daa0e6e1a,homebridge,1.3.0-beta.56,4.1.3,1613695855,24,0,0,0,0,0,0,0,0,0,0,0,0,0
homebridge/homebridge,d6fc0f60af64b6277e68312041b8cf1370dbc322,homebridge,1.3.0-beta.56,4.1.3,1613708714,24,0,0,0,0,0,0,0,0,0,0,0,0,0
homebridge/homebridge,5da9df36044c624e2fbe8c8375f70e5f939500d8,homebridge,1.3.0-beta.56,4.1.3,1613709153,24,0,0,0,0,0,0,0,0,0,0,0,0,0
homebridge/homebridge,9ceac500168e6963cfa85bf023e5f3c6e8484bae,homebridge,1.3.0-beta.56,4.1.3,1613778477,24,0,0,0,0,0,0,0,0,0,0,0,0,0
homebridge/homebridge,d4ae8996b4d6e9509f77ea60e937a8b60932ad5b,homebridge,1.3.0-beta.56,4.1.3,1613780764,24,0,0,0,0,0,0,0,0,0,0,0,0,0
homebridge/homebridge,fad87d957c45da6f2c4327594f29ffe9da478fb5,homebridge,1.3.0,4.1.3,1613781393,24,0,0,0,0,0,0,0,0,0,0,0,0,0
homebridge/homebridge,d638446e42c9ec5888686ff1b8231118b3cdc1de,homebridge,1.3.1-beta.1,4.1.3,1613888555,24,0,0,0,0,0,0,0,0,0,0,0,0,0
homebridge/homebridge,5a5f2fc1261b26f5217346a257ab31aa59bca967,homebridge,1.3.1-beta.1,4.1.3,1613895244,24,0,0,0,0,0,0,0,0,0,0,0,0,0
homebridge/homebridge,56c643a4e94273caa93064315f16c2bedd340546,homebridge,1.3.1-beta.1,4.1.3,1613916923,24,0,0,0,0,0,0,0,0,0,0,0,0,0
homebridge/homebridge,4d3a02edcfdc8db8eac2208720e26135eb825926,homebridge,1.3.1-beta.1,4.1.3,1613920880,24,0,0,0,0,0,0,0,0,0,0,0,0,0
homebridge/homebridge,baff9016fc852db5e3cbe38d1447efedf16155e3,homebridge,1.3.1-beta.1,4.1.3,1613948542,24,0,0,0,0,0,0,0,0,0,0,0,0,0
homebridge/homebridge,e4d0e814483d82d30ee4787d953a54c43a760454,homebridge,1.3.1-beta.1,4.1.3,1613978996,24,0,0,0,0,0,0,0,0,0,0,0,0,0
homebridge/homebridge,bd366a6b286fb076541ec3c516808b8c802b4cd4,homebridge,1.3.1-beta.1,4.1.3,1614063875,24,0,0,0,0,0,0,0,0,0,0,0,0,0
homebridge/homebridge,8d6e414e35b82f370fca049cbdd840c3a8a46bfc,homebridge,1.3.1-beta.1,4.1.3,1614064298,24,0,0,0,0,0,0,0,0,0,0,0,0,0
homebridge/homebridge,63d43df9edee38fea11567e82e2624b5b4147327,homebridge,1.3.1,4.1.3,1614069367,24,0,0,0,0,0,0,0,0,0,0,0,0,0
homebridge/homebridge,f720ab4df081bc48dc9740847f1ca3a0ae0597d4,homebridge,1.3.1,4.1.3,1614598972,24,0,0,0,0,0,0,0,0,0,0,0,0,0
homebridge/homebridge,e5b6cc6c4c52dc8ac3d1da4886fffb9fd9f4dead,homebridge,1.3.1,4.1.3,1614758829,24,0,0,0,0,0,0,0,0,0,0,0,0,0
homebridge/homebridge,3bdf43cb6a824da99351a0e070359a6759a75fd6,homebridge,1.3.1,4.1.3,1614849030,25,0,0,0,0,0,0,0,0,0,0,0,0,0
homebridge/homebridge,bd8d33a0b15e0629d226a1e02b19d5a830b5e35a,homebridge,1.3.1,4.1.3,1614849190,25,0,0,0,0,0,0,0,0,0,0,0,0,0
homebridge/homebridge,0ea9f646a2bde05aa0a9370b19f647e991574d63,homebridge,1.3.1,4.1.3,1614850763,25,0,0,0,0,0,0,0,0,0,0,0,0,0
homebridge/homebridge,fab24141164eb51f5270e627c6a1b186f5ecaa26,homebridge,1.3.1,4.1.3,1614850809,25,0,0,0,0,0,0,0,0,0,0,0,0,0
homebridge/homebridge,206a02dd15737c1df81149c697497f8161a07b37,homebridge,1.3.2,4.1.3,1614851452,25,0,0,0,0,0,0,0,0,0,0,0,0,0
homebridge/homebridge,ba388e8a25006c8ead3e92f4affdd5e8b91651e3,homebridge,1.3.2,4.1.3,1615357475,25,0,0,0,0,0,0,0,0,0,0,0,0,0
homebridge/homebridge,803afa15b7744e7436ea36ea15a4c2aeca01fc37,homebridge,1.3.2,4.1.3,1615357603,25,0,0,0,0,0,0,0,0,0,0,0,0,0
homebridge/homebridge,36c1bca07c2afbb57f1b5e601d0cc20251c64934,homebridge,1.3.3,4.1.3,1615357609,25,0,0,0,0,0,0,0,0,0,0,0,0,0
homebridge/homebridge,343c8bdf6a9b5b9cddf44d1ec9f8dd1b4a38e537,homebridge,1.3.3,4.1.3,1615844677,25,0,0,0,0,0,0,0,0,0,0,0,0,0
homebridge/homebridge,f269ab3725d2001d9652a0f46d1f29bd3de8da2b,homebridge,1.3.3,4.2.3,1615844838,25,0,0,0,0,0,0,0,0,0,0,0,0,0
homebridge/homebridge,dee3719541c130a9959161dbb642efd7a1b26dcc,homebridge,1.3.3,4.2.3,1615928752,25,0,0,0,0,0,0,0,0,0,0,0,0,0
homebridge/homebridge,1ed7537cb218ef62ac9357ce29bc6b55c7de8ee1,homebridge,1.3.3,4.2.3,1615928805,25,0,0,0,0,0,0,0,0,0,0,0,0,0
homebridge/homebridge,dc314195ada9ffe2bb29a130d7bbeda4d2ed8e1f,homebridge,1.3.4,4.2.3,1615928834,25,0,0,0,0,0,0,0,0,0,0,0,0,0
homebridge/homebridge,fe232f28d147aedf5114a2b3c224b42a1b0dd777,homebridge,1.3.4,4.4.3,1633649474,25,0,0,0,0,0,0,0,0,0,0,0,0,0
homebridge/homebridge,2a70f70c570026e728cad66f546c11420c396715,homebridge,1.3.4,4.4.3,1633649499,25,0,0,0,0,0,0,0,0,0,0,0,0,0
homebridge/homebridge,7cae6b120582898f6341d0ee7569ce97b7c55d3c,homebridge,1.3.4,4.4.3,1633649649,25,0,0,0,0,0,0,0,0,0,0,0,0,0
homebridge/homebridge,5ae3989e279ff61706e735409677692dd91b5f70,homebridge,1.3.5,4.4.3,1633649669,25,0,0,0,0,0,0,0,0,0,0,0,0,0
homebridge/homebridge,80c202750fa44450a05fd4888b3af039b01e86df,homebridge,1.3.5,4.4.3,1635158695,25,0,0,0,0,0,0,0,0,0,0,0,0,0
homebridge/homebridge,f26307a9ac52d26f1860e2fdcc448b6d0d6459ce,homebridge,1.3.5,4.4.3,1635158858,25,0,0,0,0,0,0,0,0,0,0,0,0,0
homebridge/homebridge,ac5dce078c76ad8c23e2315f585e38229fc47397,homebridge,1.3.5,4.4.3,1636547578,25,0,0,0,0,0,0,0,0,0,0,0,0,0
homebridge/homebridge,5317a062210eeb592fa09cdc2ef09c8adb058208,homebridge,1.3.6,4.4.3,1636547934,25,0,0,0,0,0,0,0,0,0,0,0,0,0
homebridge/homebridge,fdd93c0cea79152ec5cd4409adb8300f6fd7f09a,homebridge,1.3.6,4.4.3,1636547949,25,0,0,0,0,0,0,0,0,0,0,0,0,0
homebridge/homebridge,e25a453529375289f51a32717716078a35997a25,homebridge,1.3.6,4.4.3,1636548153,25,0,0,0,0,0,0,0,0,0,0,0,0,0
homebridge/homebridge,1ed09eeb9b1b26549f9cbbb1000e984c5017399f,homebridge,1.3.6,4.4.3,1637349683,25,0,0,0,0,0,0,0,0,0,0,0,0,0
homebridge/homebridge,b0f3125810cff3172c8614a9a9b8275cc96b9a10,homebridge,1.3.6,4.4.3,1637605815,25,0,0,0,0,0,0,0,0,0,0,0,0,0
homebridge/homebridge,c2a5f94b0dcaca501c80a15c49893be359e45d2e,homebridge,1.3.6,4.4.3,1637606221,25,0,0,0,0,0,0,0,0,0,0,0,0,0
homebridge/homebridge,74c8a6823eddc04e6005fc1cf944cd65f85a4bbe,homebridge,1.3.7,4.4.3,1637617653,25,0,0,0,0,0,0,0,0,0,0,0,0,0
homebridge/homebridge,551183c1e352b62a65bba8e29b3f708296706226,homebridge,1.3.7,4.4.3,1637618089,25,0,0,0,0,0,0,0,0,0,0,0,0,0
homebridge/homebridge,40beaab0dfe27296940510917a771c16624a08c6,homebridge,1.3.8,4.4.3,1637618155,25,0,0,0,0,0,0,0,0,0,0,0,0,0
homebridge/homebridge,a9388a5c503bc37cb6982546a0fc58a90cfce5cb,homebridge,1.3.8,4.4.3,1640738047,25,0,0,0,0,0,0,0,0,0,0,0,0,0
homebridge/homebridge,ef242e904940c674fd45e7627b2f9bd599134f8f,homebridge,1.3.9,4.4.3,1640738067,25,0,0,0,0,0,0,0,0,0,0,0,0,0
homebridge/homebridge,a48552679921e32063577ff5659a3a87b390eeeb,homebridge,1.3.9,4.4.3,1640915174,25,0,0,0,0,0,0,0,0,0,0,0,0,0
homebridge/homebridge,f757733ddda01ace2b783be0c260c52330d1d2b8,homebridge,1.3.9,4.4.3,1640915866,25,0,0,0,0,0,0,0,0,0,0,0,0,0
homebridge/homebridge,8e7b8a782d8f4d8cc881d2ec9df2878c00ff8dfe,homebridge,1.3.9,4.4.3,1641322180,25,0,0,0,0,0,0,0,0,0,0,0,0,0
homebridge/homebridge,b80cd81f9586e5fb2faf0de82c85104722b5d3be,homebridge,1.3.9,4.4.3,1641403961,25,0,0,0,0,0,0,0,0,0,0,0,0,0
homebridge/homebridge,df848738d839549b5c108f647c92a9a3ba329180,homebridge,1.3.9,4.4.3,1641498749,25,0,0,0,0,0,0,0,0,0,0,0,0,0
homebridge/homebridge,6f5ababed2e2f11ccc8762fa9771f68e9bb4d89e,homebridge,1.3.9,4.5.4,1642350252,25,0,0,0,0,0,0,0,0,0,0,0,0,0
homebridge/homebridge,d6fc52b0ddc830ca9daa67cec0b55614aa0d2674,homebridge,1.3.9,4.5.4,1642350630,25,0,0,0,0,0,0,0,0,0,0,0,0,0
homebridge/homebridge,c08d74569c35bdd55d638fa76c5953921ad43fed,homebridge,1.3.9,4.5.4,1642354877,25,0,0,0,0,0,0,0,0,0,0,0,0,0
homebridge/homebridge,e4b9d080e32a975e261c3570ab080a9d8982442b,homebridge,1.3.9,4.5.4,1642717219,25,0,0,0,0,0,0,0,0,0,0,0,0,0
homebridge/homebridge,1ecfd7e031a3350c504796cf67c701a885ded763,homebridge,1.3.9,4.5.4,1642777837,25,0,0,0,0,0,0,0,0,0,0,0,0,0
homebridge/homebridge,7716ee4efef7d832cc896f8b11b2214f8a34b3d5,homebridge,1.3.9,4.5.4,1642781254,25,0,0,0,0,0,0,0,0,0,0,0,0,0
homebridge/homebridge,f146a71dc1270c7c816ed95b35b6c0cd01685874,homebridge,1.4.0,4.5.4,1642781297,25,0,0,0,0,0,0,0,0,0,0,0,0,0
homebridge/homebridge,a48b24259dc2375e75f4673cb577179bc419d3fe,homebridge,1.4.0,4.5.4,1642781315,25,0,0,0,0,0,0,0,0,0,0,0,0,0
homebridge/homebridge,834981aee7deb5cdf4c86f94ab4b93df48120ffa,homebridge,1.4.0,4.5.4,1650623497,25,0,0,0,0,0,0,0,0,0,0,0,0,0
homebridge/homebridge,9c1ff5c903772fbfaff37675ad0fa35590d594b4,homebridge,1.4.0,4.6.3,1651020291,25,0,0,0,0,0,0,0,0,0,0,0,0,0
homebridge/homebridge,c6d0d016c56c8bdbb07e91d359435e3a185c67e3,homebridge,1.4.0,4.6.3,1651023197,25,0,0,0,0,0,0,0,0,0,0,0,0,0
homebridge/homebridge,0c5db4f322a77fcb30ae91a32f096c4f48a31e12,homebridge,1.4.0,4.6.3,1651040266,25,0,0,0,0,0,0,0,0,0,0,0,0,0
homebridge/homebridge,e93cd7a639eeb231f4ed4a34cac9c34b3fe0d2eb,homebridge,1.4.0,4.6.3,1651217925,25,0,0,0,0,0,0,0,0,0,0,0,0,0
homebridge/homebridge,749be2a5ec72fbae5f5387c89046d01b9cf62a4f,homebridge,1.4.1,4.6.3,1651218575,25,0,0,0,0,0,0,0,0,0,0,0,0,0
homebridge/homebridge,61f9bd671ad683b333f3382d9cc54b397d83db51,homebridge,1.4.1,4.6.3,1651218701,25,0,0,0,0,0,0,0,0,0,0,0,0,0
homebridge/homebridge,60ca93ccaaf69637271c10167000542459106f61,homebridge,1.4.1,4.6.3,1651302181,25,0,0,0,0,0,0,0,0,0,0,0,0,0
homebridge/homebridge,f4b5394a91bac642c3b881f3c7212233e4fe6d95,homebridge,1.4.1,4.6.3,1651835052,25,0,0,0,0,0,0,0,0,0,0,0,0,0
homebridge/homebridge,f0f102e386ac4edd52f810d9eadf29e0c79dfb8b,homebridge,1.5.0-beta.1,4.6.3,1652953978,25,0,0,0,0,0,0,0,0,0,0,0,0,0
homebridge/homebridge,79e60e6a4be25bbf6b2992c3b90378fd1a5650ef,homebridge,1.5.0-beta.1,4.6.3,1655850184,25,0,0,0,0,0,0,0,0,0,0,0,0,0
homebridge/homebridge,0f58a14aa63cf67069cb7cec9f64f563cca25f0e,homebridge,1.5.0-beta.1,4.6.3,1655870618,25,0,0,0,0,0,0,0,0,0,0,0,0,0
homebridge/homebridge,f83ca055d3bb4541466a55f90ded12f0a51870cc,homebridge,1.5.0-beta.1,4.6.3,1655871751,25,0,0,0,0,0,0,0,0,0,0,0,0,0
homebridge/homebridge,0bda19c353905fead29384cdadd3a345d4a1d85d,homebridge,1.5.0-beta.1,4.6.3,1655889326,25,0,0,0,0,0,0,0,0,0,0,0,0,0
homebridge/homebridge,32fdf6ce30b0dd5372902fc8f69b5c53dc9fdc72,homebridge,1.5.0,4.6.3,1655889871,25,0,0,0,0,0,0,0,0,0,0,0,0,0
homebridge/homebridge,2aa6fad3345f5bcfa2fc128f5d9ac110ec52ecfd,homebridge,1.5.0,4.6.3,1657458763,25,0,0,0,0,0,0,0,0,0,0,0,0,0
homebridge/homebridge,d730559b81abe80617b5b026fdbaf485f75d5d99,homebridge,1.5.0,4.6.3,1657894534,25,0,0,0,0,0,0,0,0,0,0,0,0,0
homebridge/homebridge,b1b93f00d0956267002f5314861a9d023797e366,homebridge,1.5.0,4.6.3,1657894683,25,0,0,0,0,0,0,0,0,0,0,0,0,0
homebridge/homebridge,761a52faf27a064e7ce8939d87caca918b9b196d,homebridge,1.5.0,4.6.3,1657956291,25,0,0,0,0,0,0,0,0,0,0,0,0,0
homebridge/homebridge,560958becf84a2fee48f8e98dd68aace7701c651,homebridge,1.5.0,4.6.3,1663733393,25,0,0,0,0,0,0,0,0,0,0,0,0,0
homebridge/homebridge,968ae0c501ed3fcafbaaef945b13e9d5dbef2c95,homebridge,1.5.0,4.6.3,1663733484,25,0,0,0,0,0,0,0,0,0,0,0,0,0
homebridge/homebridge,3caf77872b2fd204fd8dccbb1ae55474c0b6c175,homebridge,1.5.1,4.6.3,1666702568,25,0,0,0,0,0,0,0,0,0,0,0,0,0
homebridge/homebridge,6c2f927b20d0a0574de1cd1536095706198f4030,homebridge,1.5.1,4.6.3,1667966273,25,0,0,0,0,0,0,0,0,0,0,0,0,0
homebridge/homebridge,4bcf8829bd7e413f35a524766432c6032f9a44fd,homebridge,1.5.1,4.6.3,1668207381,25,0,0,0,0,0,0,0,0,0,0,0,0,0
homebridge/homebridge,7b764798e43a12e0befcf099034a9282084e8b83,homebridge,1.5.1,4.6.3,1668522162,25,0,0,0,0,0,0,0,0,0,0,0,0,0
homebridge/homebridge,3d281f4fd385a99b377dbe3f23379af1c097ca06,homebridge,1.5.1,4.6.3,1668522750,25,0,0,0,0,0,0,0,0,0,0,0,0,0
homebridge/homebridge,708c718d71178a45ab55b8a07bdb5e5b0fd992e9,homebridge,1.5.1,4.6.3,1668574211,25,0,0,0,0,0,0,0,0,0,0,0,0,0
homebridge/homebridge,87452ceb6fe0d687eba94260a60f4491e0b089c1,homebridge,1.5.1,4.6.3,1668735742,25,0,0,0,0,0,0,0,0,0,0,0,0,0
homebridge/homebridge,d98b430f69e70ae54119a602c12da289cb39d5d2,homebridge,1.6.0,4.6.3,1669456412,25,0,0,0,0,0,0,0,0,0,0,0,0,0
homebridge/homebridge,5b55a016572a754f419ee6fd6fe1b51381caff36,homebridge,1.6.0,4.6.3,1669732324,25,0,0,0,0,0,0,0,0,0,0,0,0,0
