immutable-js/immutable-js,91c7c1e82ec616804768f968cc585565e855c8fd,immutable,4.0.0-rc.12,3.0.3,1579222404,55,0,0,0,0,0,0,0,0,0,0,0,0,0
immutable-js/immutable-js,ae0a6d082a18789c84a5084fa72ff363da98cdde,immutable,4.0.0-rc.12,3.0.3,1588509662,55,0,0,0,0,0,0,0,0,0,0,0,0,0
immutable-js/immutable-js,9cf4641401c8c72500c2ec9e26d2078a33efc0c5,immutable,4.0.0-rc.12,3.0.3,1588509710,55,0,0,0,0,0,0,0,0,0,0,0,0,0
immutable-js/immutable-js,f31d0fc964239d8275bc71b8112d9f5f675813d3,immutable,4.0.0-rc.12,3.0.3,1597509985,55,0,0,0,0,0,0,0,0,0,0,0,0,0
immutable-js/immutable-js,71905e11cd7ebdd067073bd25281b57e683b2ec8,immutable,4.0.0-rc.12,3.0.3,1597516949,55,0,0,0,0,0,0,0,0,0,0,0,0,0
immutable-js/immutable-js,f172650ade3c5d63ce96a45fefa9751b9ae6ff78,immutable,4.0.0-rc.12,3.0.3,1597721317,55,0,0,0,0,0,0,0,0,0,0,0,0,0
immutable-js/immutable-js,bff3a9445cfaef7f2b1c30eb371aed5e00f82ebf,immutable,4.0.0-rc.12,3.0.3,1597952034,55,0,0,0,0,0,0,0,0,0,0,0,0,0
immutable-js/immutable-js,0596731bdbae95cdb06cd9d7be55c87dc46e60d3,immutable,4.0.0-rc.12,3.0.3,1597964552,55,0,0,0,0,0,0,0,0,0,0,0,0,0
immutable-js/immutable-js,5c4fb84146a48af900c62df5fb34103ff32da96f,immutable,4.0.0-rc.12,3.0.3,1597964561,55,0,0,0,0,0,0,0,0,0,0,0,0,0
immutable-js/immutable-js,182ffbf5230c05eafd8befcbc67f5eda36613c68,immutable,4.0.0-rc.12,3.0.3,1597964647,55,0,0,0,0,0,0,0,0,0,0,0,0,0
immutable-js/immutable-js,04b61af5dbf9e97187299976019c58bbaff565ae,immutable-oss,4.0.0-rc.12,3.0.3,1597964732,55,0,0,0,0,0,0,0,0,0,0,0,0,0
immutable-js/immutable-js,5d88d29305d27c5e128dd6b3a85d4b840c496709,immutable-oss,4.0.0-rc.12,3.0.3,1597964807,55,0,0,0,0,0,0,0,0,0,0,0,0,0
immutable-js/immutable-js,f7d70565e57ce4f317f489c26b6c1d22296f4031,immutable-oss,4.0.0-rc.12,3.0.3,1598132060,55,0,0,0,0,0,0,0,0,0,0,0,0,0
immutable-js/immutable-js,d2575be8eb81813117321f8c780c9de2285b0ab7,immutable-oss,4.0.0-rc.12,3.0.3,1598132100,55,0,0,0,0,0,0,0,0,0,0,0,0,0
immutable-js/immutable-js,45196e3c7c793e64daa134b72bb89b529f6d8318,immutable-oss,4.0.0-rc.12,3.0.3,1598490095,55,0,0,0,0,0,0,0,0,0,0,0,0,0
immutable-js/immutable-js,b67b2e2b7461c39ae9920912323bb7f740ea632d,immutable-oss,4.0.0-rc.12,3.0.3,1599186271,55,0,0,0,0,0,0,0,0,0,0,0,0,0
immutable-js/immutable-js,7b093316da7aa25fd7f90d59d778bcb9dfa1c0a9,immutable-oss,4.0.0-rc.12,3.0.3,1599236164,55,0,0,0,0,0,0,0,0,0,0,0,0,0
immutable-js/immutable-js,5af68f5f43bb905b29d0798e552b4c70be8beb92,immutable-oss,4.0.0-rc.12,3.0.3,1599257274,54,0,0,0,0,0,0,0,0,0,0,0,0,0
immutable-js/immutable-js,a470e484be9a51b7f1bc6f1c6f16a1b47b696726,immutable-oss,4.0.0-rc.12,3.0.3,1599257569,54,0,0,0,0,0,0,0,0,0,0,0,0,0
immutable-js/immutable-js,b86aebd8f9756f31cff3e2d8c92759f633b5a7f0,immutable-oss,4.0.0-rc.12,3.0.3,1599257684,54,0,0,0,0,0,0,0,0,0,0,0,0,0
immutable-js/immutable-js,f6b62aa92751779eefd37085c8946f31e813a67a,immutable-oss,4.0.0-rc.12,3.0.3,1601162944,54,0,0,0,0,0,0,0,0,0,0,0,0,0
immutable-js/immutable-js,64fe9a0bba7b7e4668a00d782a3f6e693422ad14,immutable-oss,4.0.0-rc.12,3.0.3,1604170015,54,0,0,0,0,0,0,0,0,0,0,0,0,0
immutable-js/immutable-js,9484d583313c9075eaf358dcdc802ca2b3ecf1a4,immutable-oss,4.0.0-rc.12,3.0.3,1604607815,54,0,0,0,0,0,0,0,0,0,0,0,0,0
immutable-js/immutable-js,4bdf944747b80eb0510b46f99078161d203d3e48,immutable-oss,4.0.0-rc.12,3.0.3,1604611321,54,0,0,0,0,0,0,0,0,0,0,0,0,0
immutable-js/immutable-js,ab75fae33e3909d9665662c455169f8834cc066e,immutable-oss,4.0.0-rc.12,3.0.3,1604611948,54,0,0,0,0,0,0,0,0,0,0,0,0,0
immutable-js/immutable-js,8e35097d6db35c287ae51abf4945dedd9f9180c7,immutable-oss,4.0.0-rc.12,3.0.3,1604672071,54,0,0,0,0,0,0,0,0,0,0,0,0,0
immutable-js/immutable-js,d05b46804780a3d6cde817dbbcc8324675d0eb42,immutable-oss,4.0.0-rc.12,3.0.3,1604673706,54,0,0,0,0,0,0,0,0,0,0,0,0,0
immutable-js/immutable-js,fd6e96aa589355628c2e312fe781d21559141d5e,immutable-oss,4.0.0-rc.12,3.0.3,1605712831,54,0,0,0,0,0,0,0,0,0,0,0,0,0
immutable-js/immutable-js,c0a8b0152731f129fb4819e5557bd5b16474b843,immutable-oss,4.0.0-rc.12,3.0.3,1605887789,54,0,0,0,0,0,0,0,0,0,0,0,0,0
immutable-js/immutable-js,f3a6d5ce75bb9d60b87074240838f5429e896b60,immutable-oss,4.0.0-rc.12,3.0.3,1605913210,54,0,0,0,0,0,0,0,0,0,0,0,0,0
immutable-js/immutable-js,7a79603dbdfad44bdf41b4fd73334dce90f9ce64,immutable-oss,4.0.0-rc.12,3.0.3,1605920041,54,0,0,0,0,0,0,0,0,0,0,0,0,0
immutable-js/immutable-js,6cb40e4ee224ae523d0d92078f64c85109ac368e,immutable-oss,4.0.0-rc.12,3.0.3,1606758037,54,0,0,0,0,0,0,0,0,0,0,0,0,0
immutable-js/immutable-js,fad903a6b04feeeac91a6f1b8acf486140eff7f2,immutable-oss,4.0.0-rc.12,3.0.3,1606830778,54,0,0,0,0,0,0,0,0,0,0,0,0,0
immutable-js/immutable-js,a39136abb65165cd9160f10bbabcd8052f3f9ce5,immutable-oss,4.0.0-rc.12,3.0.3,1606832003,54,0,0,0,0,0,0,0,0,0,0,0,0,0
immutable-js/immutable-js,a9a1612897627a6ad1217bfa0a76203c95e710b1,immutable-oss,4.0.0-rc.12,3.0.3,1606833633,54,0,0,0,0,0,0,0,0,0,0,0,0,0
immutable-js/immutable-js,9c7e5cbf569ae9d987dd99f1b3362aa5184e4ccb,immutable-oss,4.0.0-rc.12,3.0.3,1607007274,54,0,0,0,0,0,0,0,0,0,0,0,0,0
immutable-js/immutable-js,55011d0314a578392584a7de3717c431ea337ea9,immutable-oss,4.0.0-rc.12,3.0.3,1607007844,54,0,0,0,0,0,0,0,0,0,0,0,0,0
immutable-js/immutable-js,37c34ecdc7098e70614e420f5f5f945beff46052,immutable-oss,4.0.0-rc.12,3.0.3,1607435630,54,0,0,0,0,0,0,0,0,0,0,0,0,0
immutable-js/immutable-js,954d75b02c6a86c6694a1409594c42f406640100,immutable-oss,4.0.0-rc.12,3.0.3,1607443076,55,0,0,0,0,0,0,0,0,0,0,0,0,0
immutable-js/immutable-js,a9063d2c26d98d62364120a3cfff1877bf0d992a,immutable-oss,4.0.0-rc.12,3.0.3,1607632290,55,0,0,0,0,0,0,0,0,0,0,0,0,0
immutable-js/immutable-js,3be18ecccdccb4d316aa7b28b1997a8e3b88222c,immutable-oss,4.0.0-rc.12,3.0.3,1610825554,55,0,0,0,0,0,0,0,0,0,0,0,0,0
immutable-js/immutable-js,1b062c6c944948bfc6c1c5cff5f5db604eb72df5,immutable-oss,4.0.0-rc.12,3.0.3,1611338444,55,0,0,0,0,0,0,0,0,0,0,0,0,0
immutable-js/immutable-js,3bb15f12b90b3c3feb473ac95562f49363fccb57,immutable-oss,4.0.0-rc.12,3.0.3,1611478885,55,0,0,0,0,0,0,0,0,0,0,0,0,0
immutable-js/immutable-js,26dcca96d52a1851936bd29ea25db770c07a62e8,immutable-oss,4.0.0-rc.12,3.0.3,1611934716,55,0,0,0,0,0,0,0,0,0,0,0,0,0
immutable-js/immutable-js,a71399101fdcc87240cc329fc1a9bbbde7a87731,immutable-oss,4.0.0-rc.12,3.0.3,1614357096,55,0,0,0,0,0,0,0,0,0,0,0,0,0
immutable-js/immutable-js,5155a7f7ec9ae23123059eec7ba376e68492e007,immutable,4.0.0-rc.12,3.0.3,1623970391,55,0,0,0,0,0,0,0,0,0,0,0,0,0
immutable-js/immutable-js,d560ed378c7be1758ba9137326444d223f7ec027,immutable,4.0.0-rc.12,4.0.3,1623970680,55,0,0,0,0,0,0,0,0,0,0,0,0,0
immutable-js/immutable-js,962ec1c8ab616fd8280dab9fa9de3d6871ddf269,immutable,4.0.0-rc.12,4.0.3,1623971419,55,0,0,0,0,0,0,0,0,0,0,0,0,0
immutable-js/immutable-js,29cea7cd47dff341331f6b05ec48c8f98b7a8d78,immutable,4.0.0-rc.12,4.0.3,1623972158,55,0,0,0,0,0,0,0,0,0,0,0,0,0
immutable-js/immutable-js,c02d7694f8c72a5589bbad509ffd7fb404486ed2,immutable,4.0.0-rc.12,4.0.3,1623972656,55,0,0,0,0,0,0,0,0,0,0,0,0,0
immutable-js/immutable-js,b18e68415859c353c2fd085337caabded11ef324,immutable,4.0.0-rc.12,3.0.3,1623975472,55,0,0,0,0,0,0,0,0,0,0,0,0,0
immutable-js/immutable-js,a7e174d36b32235c7c375f06898c9a4e9d5454d7,immutable,4.0.0-rc.12,3.0.3,1623995857,55,0,0,0,0,0,0,0,0,0,0,0,0,0
immutable-js/immutable-js,d37532ef3efbbe61c2a531b2d141dddf76e8a4e5,immutable,4.0.0-rc.12,3.0.3,1623997310,55,0,0,0,0,0,0,0,0,0,0,0,0,0
immutable-js/immutable-js,655b3d0b6b91ebf9173105fe0f5251620cd4de51,immutable,4.0.0-rc.12,3.0.3,1623998180,55,0,0,0,0,0,0,0,0,0,0,0,0,0
immutable-js/immutable-js,983cd42ecfeb303ba70e089f098fbfc08dc0d7c5,immutable,4.0.0-rc.12,3.0.3,1623999547,55,0,0,0,0,0,0,0,0,0,0,0,0,0
immutable-js/immutable-js,d3505bb6d161d5230022729c746158a9046ce2cf,immutable,4.0.0-rc.12,3.0.3,1624000587,55,0,0,0,0,0,0,0,0,0,0,0,0,0
immutable-js/immutable-js,cb67d8aa6f77b790ba0c1975a7b161cba797cfea,immutable,4.0.0-rc.12,3.0.3,1624001307,55,0,0,0,0,0,0,0,0,0,0,0,0,0
immutable-js/immutable-js,b9fac9968754446bad6a5e74d28c01667ea97e1d,immutable,4.0.0-rc.12,3.0.3,1624002790,55,0,0,0,0,0,0,0,0,0,0,0,0,0
immutable-js/immutable-js,9aae1de774ff93bd13a60c155851adef87bee44d,immutable,4.0.0-rc.12,,1624002826,3,0,0,0,0,0,0,0,0,0,0,0,0,0
immutable-js/immutable-js,e51a6d017eed5bdd8503cd06ad421596089a4dd2,immutable,4.0.0-rc.12,3.0.3,1624003053,55,0,0,0,0,0,0,0,0,0,0,0,0,0
immutable-js/immutable-js,3e3edfa0b2d0a3f836e5f4a57ce29b1a5efbf96b,immutable,4.0.0-rc.12,,1624003096,3,0,0,0,0,0,0,0,0,0,0,0,0,0
immutable-js/immutable-js,21a6628d3e5309cffa0823002c38b0a786454854,immutable,4.0.0-rc.12,3.0.3,1624003263,55,0,0,0,0,0,0,0,0,0,0,0,0,0
immutable-js/immutable-js,2d5eee532d65bd4c7ef4ee74b5ef10009f14685f,immutable,4.0.0-rc.12,3.0.3,1624035777,55,0,0,0,0,0,0,0,0,0,0,0,0,0
immutable-js/immutable-js,a6e7895e43e05305322124efedcafec02e5a884b,immutable,4.0.0-rc.12,,1624035832,3,0,0,0,0,0,0,0,0,0,0,0,0,0
immutable-js/immutable-js,7bfd3ee70fe3d8dd1e12d0361dd7f8e5883f9be0,immutable,4.0.0-rc.12,4.3.4,1624040161,55,0,0,0,0,0,0,0,0,0,0,0,0,0
immutable-js/immutable-js,fd51664dc775142cfaebf288a6f70e65e3012f89,immutable,4.0.0-rc.12,,1624040207,3,0,0,0,0,0,0,0,0,0,0,0,0,0
immutable-js/immutable-js,8e50a997f55df8c5c609634e014bd6e9f879c5da,immutable,4.0.0-rc.12,4.3.4,1624040712,55,0,0,0,0,0,0,0,0,0,0,0,0,0
immutable-js/immutable-js,5d6d1fd2e0a2c4c035715ec74c0ec079ef9ead73,immutable,4.0.0-rc.12,4.3.4,1624049636,55,0,0,0,0,0,0,0,0,0,0,0,0,0
immutable-js/immutable-js,caeae1279a841f4723173e87c30ebc44be4fa815,immutable,4.0.0-rc.12,4.3.4,1624580211,64,0,0,0,0,0,0,0,0,0,0,0,1,0
immutable-js/immutable-js,777412f8f453b756b5b5a868628d84de3f73256f,immutable,4.0.0-rc.12,4.3.4,1624583719,64,0,0,0,0,0,0,0,0,0,0,0,1,0
immutable-js/immutable-js,bb28fa60718cb6d28cb573d1d60c9baf4b960187,immutable,4.0.0-rc.12,4.3.4,1624884252,64,0,0,0,0,0,0,0,0,0,0,0,1,0
immutable-js/immutable-js,d28c992fa50b0a15823ffccd6745685126e5d3e0,immutable,4.0.0-rc.12,4.3.4,1624885249,64,0,0,0,0,0,0,0,0,0,0,0,1,0
immutable-js/immutable-js,4bea8f1bb527123e7597c84ee7d56f4b3e055e5c,immutable,4.0.0-rc.12,4.3.4,1624886824,64,0,0,0,0,0,0,0,0,0,0,0,1,0
immutable-js/immutable-js,16d6490bec45807d292122c65c20699923e4c53d,immutable,4.0.0-rc.12,4.3.4,1624953150,64,0,0,0,0,0,0,0,0,0,0,0,1,0
immutable-js/immutable-js,4971edd053b17a6fe09fb07c02d930d0b77fecbd,immutable,4.0.0-rc.12,4.3.4,1624960573,64,0,0,0,0,0,0,0,0,0,0,0,1,0
immutable-js/immutable-js,d23c84db8ec4d2dcd4ec4685cc3dde5d23a1dda1,immutable,4.0.0-rc.12,4.3.4,1624960855,64,0,0,0,0,0,0,0,0,0,0,0,1,0
immutable-js/immutable-js,1356f565348dca1adbc3f55c1866da3cca29e379,immutable,4.0.0-rc.12,4.3.4,1624961737,64,0,0,0,0,0,0,0,0,0,0,0,1,0
immutable-js/immutable-js,39a274494a401d6c18d93670b50fcdaa80680d0e,immutable,4.0.0-rc.12,4.3.4,1624961862,64,0,0,0,0,0,0,0,0,0,0,0,1,0
immutable-js/immutable-js,84806cddf799288afa7f7932c5f9c7b06d25a889,immutable,4.0.0-rc.12,4.3.4,1624962035,64,0,0,0,0,0,0,0,0,0,0,0,1,0
immutable-js/immutable-js,d36f774370fd057467631ff116f240e563c85574,immutable,4.0.0-rc.12,4.3.4,1624970420,64,0,0,0,0,0,0,0,0,0,0,0,1,0
immutable-js/immutable-js,2b461954d546ecf01ff2d4ce094a38f77a37a89a,immutable,4.0.0-rc.12,4.3.4,1625038679,64,0,0,0,0,0,0,0,0,0,0,0,1,0
immutable-js/immutable-js,cb534f07b4187c1c32cd1a166dec257f55f28c51,immutable,4.0.0-rc.12,4.3.4,1625467783,64,0,0,0,0,0,0,0,0,0,0,0,1,0
immutable-js/immutable-js,b45b2f7c0ddca40e95d382b5e36171aa2322290b,immutable,4.0.0-rc.12,,1625467840,2,0,0,0,0,0,0,0,0,0,0,0,0,0
immutable-js/immutable-js,0e7d75024820e8da8d47a7ac061345b88bb7e1f6,immutable,4.0.0-rc.13,4.3.4,1625467878,64,0,0,0,0,0,0,0,0,0,0,0,1,0
immutable-js/immutable-js,35b42dc10e18caa882c88769113efb1f0b2847c9,immutable,4.0.0-rc.13,,1625467934,2,0,0,0,0,0,0,0,0,0,0,0,0,0
immutable-js/immutable-js,ffb5aa80872ba416f190b31813c7fc709a21d238,immutable,4.0.0-rc.13,4.3.4,1625575361,64,0,0,0,0,0,0,0,0,0,0,0,1,0
immutable-js/immutable-js,5d9ec7b5c9bf49c69e9d5012f1dc56394f272a8a,immutable,4.0.0-rc.13,,1625575415,2,0,0,0,0,0,0,0,0,0,0,0,0,0
immutable-js/immutable-js,03ca1edc7ea4cbb167160cb58d73468b607c545d,immutable,4.0.0-rc.13,4.3.4,1625581240,64,0,0,0,0,0,0,0,0,0,0,0,1,0
immutable-js/immutable-js,79f90971a8879788a676e3f3665c4fd63966bb61,immutable,4.0.0-rc.13,4.3.4,1625641070,64,0,0,0,0,0,0,0,0,0,0,0,1,0
immutable-js/immutable-js,20d1308eff93cd3ac1e67d8e0df4fc0e48a7170a,immutable,4.0.0-rc.13,,1625641118,2,0,0,0,0,0,0,0,0,0,0,0,0,0
immutable-js/immutable-js,dd1f515f5a77187e2c62aec45cf417c9ce8ab001,immutable,4.0.0-rc.13,4.3.4,1625649787,64,0,0,0,0,0,0,0,0,0,0,0,1,0
immutable-js/immutable-js,6a79c785d9e716de782882a23d25128465ff9920,immutable,4.0.0-rc.13,,1625649843,2,0,0,0,0,0,0,0,0,0,0,0,0,0
immutable-js/immutable-js,07f414a8201f49c10888b3823caab03ba04aad4d,immutable,4.0.0-rc.13,4.3.4,1625651013,64,0,0,0,0,0,0,0,0,0,0,0,1,0
immutable-js/immutable-js,e52b40491ff9ec548a5165c6d0e07678f6ed84e8,immutable,4.0.0-rc.13,4.3.4,1625691011,64,0,0,0,0,0,0,0,0,0,0,0,1,0
immutable-js/immutable-js,2bd254f8a09d080e8ba43ec9ac354f5c82775878,immutable,4.0.0-rc.13,4.3.4,1625697901,64,0,0,0,0,0,0,0,0,0,0,0,1,0
immutable-js/immutable-js,c02df927d19998003c60611d50a8044fe416901b,immutable,4.0.0-rc.13,4.3.4,1625698963,64,0,0,0,0,0,0,0,0,0,0,0,1,0
immutable-js/immutable-js,b31a0d58afd39bd02e7c7679855443b7207582c4,immutable,4.0.0-rc.13,,1625699036,2,0,0,0,0,0,0,0,0,0,0,0,0,0
immutable-js/immutable-js,88af849336061b73e4c3e87a030ff4fa90cc5e66,immutable,4.0.0-rc.13,4.3.4,1625699078,64,0,0,0,0,0,0,0,0,0,0,0,1,0
immutable-js/immutable-js,eb38f876c5e43dc1938dce64a0a6475ed65be28d,immutable,4.0.0-rc.13,,1625699130,2,0,0,0,0,0,0,0,0,0,0,0,0,0
immutable-js/immutable-js,08593e167ff9e1d786fd3da607b26298c9eb005f,immutable,4.0.0-rc.13,4.3.4,1625699498,64,0,0,0,0,0,0,0,0,0,0,0,1,0
immutable-js/immutable-js,d6e8204d627c2c7593a275d4ca679ccb2256d430,immutable,4.0.0-rc.13,4.3.4,1625700250,64,0,0,0,0,0,0,0,0,0,0,0,1,0
immutable-js/immutable-js,5c39949d080190aff9b1eb220428e60dacb842fc,immutable,4.0.0-rc.13,4.3.4,1625701557,64,0,0,0,0,0,0,0,0,0,0,0,1,0
immutable-js/immutable-js,027f4d0d35ecd3515d32af5fc0462c778c045264,immutable,4.0.0-rc.13,4.3.4,1625701745,64,0,0,0,0,0,0,0,0,0,0,0,1,0
immutable-js/immutable-js,9dc1a45e57bea626c7557bc7998d9cf60cbaab45,immutable,4.0.0-rc.13,,1625701793,2,0,0,0,0,0,0,0,0,0,0,0,0,0
immutable-js/immutable-js,8afe18652ffb88dd20a5fa6c9c2fff932ff21a44,immutable,4.0.0-rc.14,4.3.4,1625701836,64,0,0,0,0,0,0,0,0,0,0,0,1,0
immutable-js/immutable-js,5dbfc47d932d1b3f2a3ef2a0148b6a3be878e3cc,immutable,4.0.0-rc.14,,1625701891,2,0,0,0,0,0,0,0,0,0,0,0,0,0
immutable-js/immutable-js,700912bc28e4ce6dc745f3671b8bf2572241818e,immutable,4.0.0-rc.14,4.3.4,1625767939,64,0,0,0,0,0,0,0,0,0,0,0,1,0
immutable-js/immutable-js,e310574da45bcac240c021a4bd7f2e31fec075e2,immutable,4.0.0-rc.14,4.3.4,1625769337,64,0,0,0,0,0,0,0,0,0,0,0,1,0
immutable-js/immutable-js,858f4fde482259185a92c74a5aec106c6ef59103,immutable,4.0.0-rc.14,4.3.4,1625787683,64,0,0,0,0,0,0,0,0,0,0,0,1,0
immutable-js/immutable-js,f70ffd9336bab9ceefa042cee97846cff8ca745d,immutable,4.0.0-rc.14,,1625787724,2,0,0,0,0,0,0,0,0,0,0,0,0,0
immutable-js/immutable-js,972153841c50ab067697773f0e0d8f86ce615fb0,immutable,4.0.0-rc.14,4.3.4,1625789472,64,0,0,0,0,0,0,0,0,0,0,0,1,0
immutable-js/immutable-js,c73895356abecb3e0de8491ec038e439538eb0c5,immutable,4.0.0-rc.14,4.3.4,1626175722,64,0,0,0,0,0,0,0,0,0,0,0,1,0
immutable-js/immutable-js,b6b7e0c7e6a4e557e1698b6ac8481a06a6efa498,immutable,4.0.0-rc.14,4.3.4,1626185544,64,0,0,0,0,0,0,0,0,0,0,0,1,0
immutable-js/immutable-js,19fdae7ec0d3ce10d6f4c28f44008c75fabe0637,immutable,4.0.0-rc.14,4.3.4,1626341080,64,0,0,0,0,0,0,0,0,0,0,0,1,0
immutable-js/immutable-js,cc52cd75921ef06fc8585d9fc215a1f7eaf22d61,immutable,4.0.0-rc.14,4.3.4,1626341113,64,0,0,0,0,0,0,0,0,0,0,0,1,0
immutable-js/immutable-js,493e5f446e5ff39af4fab49caacb88bae77f9495,immutable,4.0.0-rc.14,,1626341277,2,0,0,0,0,0,0,0,0,0,0,0,0,0
immutable-js/immutable-js,5088816cdabe93c141622232dd3cc06d114bcfe4,immutable,4.0.0-rc.14,4.3.4,1626412015,64,0,0,0,0,0,0,0,0,0,0,0,1,0
immutable-js/immutable-js,d2f9729b9e6e61eaf53eebb4b1db393c65bfe2e4,immutable,4.0.0-rc.14,4.3.4,1626412344,64,0,0,0,0,0,0,0,0,0,0,0,1,0
immutable-js/immutable-js,28dde51fcba3fc1f108546544deaaa7456173da2,immutable,4.0.0-rc.14,,1626412521,2,0,0,0,0,0,0,0,0,0,0,0,0,0
immutable-js/immutable-js,a7b75bc60dbca88c9dc8d8957629cc6f04822f87,immutable,4.0.0-rc.14,4.3.4,1626413795,64,0,0,0,0,0,0,0,0,0,0,0,1,0
immutable-js/immutable-js,e80d8fae2b6a14079aaec05ed9a28b4efa862583,immutable,4.0.0-rc.14,4.3.4,1626419003,64,0,0,0,0,0,0,0,0,0,0,0,1,0
immutable-js/immutable-js,317c460b9b5fd84288852b3336c376660e315508,immutable,4.0.0-rc.14,,1626419179,2,0,0,0,0,0,0,0,0,0,0,0,0,0
immutable-js/immutable-js,0e8272e756f80957f2a1f00c64ab7db8e5190ae4,immutable,4.0.0-rc.14,4.3.4,1626728768,64,0,0,0,0,0,0,0,0,0,0,0,1,0
immutable-js/immutable-js,351f9e65de1c5241562fd6e5f1a24f30af37d896,immutable,4.0.0-rc.14,4.3.4,1626805179,64,0,0,0,0,0,0,0,0,0,0,0,1,0
immutable-js/immutable-js,c773d432e89f5b07b9cb07722580dccef5daa8ba,immutable,4.0.0-rc.14,,1626805335,1,0,0,0,0,0,0,0,0,0,0,0,0,0
immutable-js/immutable-js,0101c06f13d8351bb8ca8735facba101dd30c59a,immutable,4.0.0-rc.14,4.3.4,1626810823,64,0,0,0,0,0,0,0,0,0,0,0,1,0
immutable-js/immutable-js,526621c852e787580a1358f246c69df7c6bf525a,immutable,4.0.0-rc.14,4.3.4,1626811229,64,0,0,0,0,0,0,0,0,0,0,0,1,0
immutable-js/immutable-js,80aa4c6c6ee03dce1dd2b7b686491e33994d463a,immutable,4.0.0-rc.14,4.3.4,1626813982,64,0,0,0,0,0,0,0,0,0,0,0,1,0
immutable-js/immutable-js,7f647fc85ff2ac7988dbe21b51e2558c3029758f,immutable,4.0.0-rc.14,,1626814136,1,0,0,0,0,0,0,0,0,0,0,0,0,0
immutable-js/immutable-js,2a642f7cec7f7c23821657ef072b6dea893c21dc,immutable,4.0.0-rc.14,4.3.4,1626823575,64,0,0,0,0,0,0,0,0,0,0,0,1,0
immutable-js/immutable-js,6b03706807d59c576c34da8f729993debcc4658f,immutable,4.0.0-rc.14,4.3.4,1626993878,64,0,0,0,0,0,0,0,0,0,0,0,1,0
immutable-js/immutable-js,e5b998400549b6cd0ee033627ef20c4c1fc24e83,immutable,4.0.0-rc.14,,1626994079,1,0,0,0,0,0,0,0,0,0,0,0,0,0
immutable-js/immutable-js,4d50e12cba9a9fd18ae5dcaf21038cb210ff542d,immutable,4.0.0-rc.14,4.3.4,1627017230,64,0,0,0,0,0,0,0,0,0,0,0,1,0
immutable-js/immutable-js,f3eff2592e10249d7423845e06cc0c07b6aba3fd,immutable,4.0.0-rc.14,4.3.4,1627020047,64,0,0,0,0,0,0,0,0,0,0,0,1,0
immutable-js/immutable-js,0209e5c4fb600ccfde516c2f996918d988d3976d,immutable,4.0.0-rc.14,,1627020199,1,0,0,0,0,0,0,0,0,0,0,0,0,0
immutable-js/immutable-js,203090950d27d66e6132dd53713c9e446b5a9e1c,immutable,4.0.0-rc.14,4.3.4,1627024867,64,0,0,0,0,0,0,0,0,0,0,0,1,0
immutable-js/immutable-js,7c64271fd3571b99de6067719beac2d503f56966,immutable,4.0.0-rc.14,4.3.4,1627058945,64,0,0,0,0,0,0,0,0,0,0,0,1,0
immutable-js/immutable-js,91d6108ffe65862b1b2df85ce7b56f62a110f49e,immutable,4.0.0-rc.14,,1627059119,1,0,0,0,0,0,0,0,0,0,0,0,0,0
immutable-js/immutable-js,678b8026a586d1e81a0b58c97b61ffb9eed680a9,immutable,4.0.0-rc.14,4.3.4,1630912527,64,0,0,0,0,0,0,0,0,0,0,0,1,0
immutable-js/immutable-js,03abe8793ae12c723725397deb412930e8e2ee2e,immutable,4.0.0-rc.14,,1630912731,1,0,0,0,0,0,0,0,0,0,0,0,0,0
immutable-js/immutable-js,70412930476ff71c8c11bd88f6defd273bd9ccba,immutable,4.0.0-rc.14,4.3.4,1631078611,64,0,0,0,0,0,0,0,0,0,0,0,1,0
immutable-js/immutable-js,ad90f2e3957c802350ca8127913375978859688f,immutable,4.0.0-rc.14,4.3.4,1631565432,64,0,0,0,0,0,0,0,0,0,0,0,1,0
immutable-js/immutable-js,26ce703c67707249a79814d50aabf1a3883eb6ac,immutable,4.0.0-rc.14,,1631565608,1,0,0,0,0,0,0,0,0,0,0,0,0,0
immutable-js/immutable-js,d8cc0a28e25f77f7cac4c028d4c6b520ed495d0d,immutable,4.0.0-rc.14,4.3.4,1631813804,64,0,0,0,0,0,0,0,0,0,0,0,1,0
immutable-js/immutable-js,c515a9fa42c09715f4a23df8f418c3568724f01f,immutable,4.0.0-rc.14,4.3.4,1631817040,64,0,0,0,0,0,0,0,0,0,0,0,1,0
immutable-js/immutable-js,ec328d6b7b130ee884cad7c218e26c47becfe073,immutable,4.0.0-rc.15,4.3.4,1631832830,64,0,0,0,0,0,0,0,0,0,0,0,1,0
immutable-js/immutable-js,7b10a43e0c6932e27f891b82bd2f981cd95b7f8b,immutable,4.0.0-rc.15,,1631833055,1,0,0,0,0,0,0,0,0,0,0,0,0,0
immutable-js/immutable-js,611c559ab4e3c3a1cd2ffca396a3660504519fe5,immutable,4.0.0-rc.15,4.3.4,1632437144,64,0,0,0,0,0,0,0,0,0,0,0,1,0
immutable-js/immutable-js,d2522bdc7464cb036981aca09f21c4f4db3ee79c,immutable,4.0.0-rc.15,4.3.4,1632441233,65,0,0,0,0,0,0,0,0,0,0,0,1,0
immutable-js/immutable-js,9e3686b608ce737836bd5d09b45d7b3c2ecb4c6a,immutable,4.0.0-rc.15,,1632441394,1,0,0,0,0,0,0,0,0,0,0,0,0,0
immutable-js/immutable-js,089dca7452e43f6d6a4d2e5bfd8b5b013c9764d3,immutable,4.0.0-rc.15,4.3.4,1632727063,65,0,0,0,0,0,0,0,0,0,0,0,1,0
immutable-js/immutable-js,ef8175085fab322790af55a0835cba45bc811ef8,immutable,4.0.0-rc.15,4.3.4,1633648176,65,0,0,0,0,0,0,0,0,0,0,0,1,0
immutable-js/immutable-js,2ddb5c235f543464010569f9fb8249974fd56314,immutable,4.0.0,4.3.4,1633650360,65,0,0,0,0,0,0,0,0,0,0,0,1,0
immutable-js/immutable-js,3a0fc8a12a4d60096f25495871bc0926fd34e652,immutable,4.0.0,,1633650549,1,0,0,0,0,0,0,0,0,0,0,0,0,0
immutable-js/immutable-js,a5e5af491312d05672384a6a93b0146dd12a96af,immutable,4.0.0,4.3.4,1634992410,65,0,0,0,0,0,0,0,0,0,0,0,1,0
immutable-js/immutable-js,803e8a94f86a13eee33a1ca876f8d5bc81d3196a,immutable,4.0.0,4.3.4,1635413665,65,0,0,0,0,0,0,0,0,0,0,0,1,0
immutable-js/immutable-js,bdb02c2b73e134bd7809bbe47cbc0e6693ec1dc1,immutable,4.0.0,4.3.4,1635413776,65,0,0,0,0,0,0,0,0,0,0,0,1,0
immutable-js/immutable-js,69673d84901b40c82e787c5b4aee5f5f9be53293,immutable,4.0.0,,1635413850,1,0,0,0,0,0,0,0,0,0,0,0,0,0
immutable-js/immutable-js,622f038f0b7a4aa5197d148240701fc897c76551,immutable,4.0.0,4.3.4,1635688139,65,0,0,0,0,0,0,0,0,0,0,0,1,0
immutable-js/immutable-js,4d0e9819e509861d0f16a64a4fc0bfdc892563f9,immutable,4.0.0,4.3.4,1636715368,65,0,0,0,0,0,0,0,0,0,0,0,1,0
immutable-js/immutable-js,718355fff82b05c65bdd61590746cc63ca8f70ca,immutable,4.0.0,,1636715562,1,0,0,0,0,0,0,0,0,0,0,0,0,0
immutable-js/immutable-js,4407ad3261502efa48f58c2ae884c8f9c1ef280a,immutable,4.0.0,4.3.4,1637256100,65,0,0,0,0,0,0,0,0,0,0,0,1,0
immutable-js/immutable-js,de19537d166aaf9366feee6b2afbe7f672d4ecfb,immutable,4.0.0,4.3.4,1637548041,65,0,0,0,0,0,0,0,0,0,0,0,1,0
immutable-js/immutable-js,15dbc60fde69e4a97f1d6f1efa08295738103ba9,immutable,4.0.0,4.3.4,1639386306,65,0,0,0,0,0,0,0,0,0,0,0,1,0
immutable-js/immutable-js,10085fb2c9adda34d1d655dbddf55349e69c505a,immutable,4.0.0,4.3.4,1639405258,65,0,0,0,0,0,0,0,0,0,0,0,1,0
immutable-js/immutable-js,72f94a1d697ea85de8925d00a93650f232071cdb,immutable,4.0.0,4.3.4,1646076802,65,0,0,0,0,0,0,0,0,0,0,0,1,0
immutable-js/immutable-js,9fc075f03f0eb839e394d4d779009113040a8ed3,immutable,4.0.0,4.3.4,1646122468,65,0,0,0,0,0,0,0,0,0,0,0,1,0
immutable-js/immutable-js,f2dec5aa72c8ce0d893fa1b0eebe67f254ee2034,immutable,4.0.0,4.3.4,1647769909,65,0,0,0,0,0,0,0,0,0,0,0,1,0
immutable-js/immutable-js,13b9e4db84c549ac7ecb2f58000808c90317c81f,immutable,4.0.0,4.3.4,1651237511,65,0,0,0,0,0,0,0,0,0,0,0,1,0
immutable-js/immutable-js,2507f3322c5e880924a4deb8ba1a53ac4f1b6f42,immutable,4.0.0,,1651237710,1,0,0,0,0,0,0,0,0,0,0,0,0,0
immutable-js/immutable-js,800364678ff9052ce1bb8daeefa15dd515dda602,immutable,4.0.0,4.3.4,1652069458,65,0,0,0,0,0,0,0,0,0,0,0,1,0
immutable-js/immutable-js,43f13d986a03254fa1896ccd794cac26ee98ec15,immutable,4.0.0,,1652069629,1,0,0,0,0,0,0,0,0,0,0,0,0,0
immutable-js/immutable-js,f83e384fbc7647b3e8b4b73a47088b3bf5af835b,immutable,4.0.0,4.3.4,1653331755,65,0,0,0,0,0,0,0,0,0,0,0,1,0
immutable-js/immutable-js,f3cb38e545326125b9b1c225ece8b113d3c057d9,immutable,4.1.0,4.3.4,1653332171,65,0,0,0,0,0,0,0,0,0,0,0,1,0
immutable-js/immutable-js,fb4701a71ca3b138cb31b6697f047e637780867e,immutable,4.1.0,4.3.4,1653332463,65,0,0,0,0,0,0,0,0,0,0,0,1,0
immutable-js/immutable-js,ee2898b1b529eb0bde09e566fff4252d9214e403,immutable,4.1.0,,1653332616,1,0,0,0,0,0,0,0,0,0,0,0,0,0
immutable-js/immutable-js,7cf6f8eb2513432edfa0ae7d19ad73d3e2de0dc4,immutable,4.1.0,4.3.4,1656071690,65,0,0,0,0,0,0,0,0,0,0,0,1,0
immutable-js/immutable-js,80a3e664e66c6bb11f93ea90b9c48b1429d76444,immutable,4.0.0,4.3.4,1656697198,65,0,0,0,0,0,0,0,0,0,0,0,1,0
immutable-js/immutable-js,908f205b09e494cb8a1c1309170498cb1254f48c,immutable,4.1.0,4.3.4,1668698986,65,0,0,0,0,0,0,0,0,0,0,0,1,0
immutable-js/immutable-js,b24ea2845344541a995291379b69575d125ab20a,immutable,4.1.0,,1668699171,1,0,0,0,0,0,0,0,0,0,0,0,0,0
immutable-js/immutable-js,9ff46127eb326d19b3814c2e65d05b9d365a8ca6,immutable,4.1.0,4.3.4,1670881053,67,0,0,0,0,0,0,0,0,0,0,0,1,0
immutable-js/immutable-js,57a0227c735e951d884b85befa095262b6eb5ee4,immutable,4.1.0,,1670881216,1,0,0,0,0,0,0,0,0,0,0,0,0,0
immutable-js/immutable-js,cfd795736b7ccfe8a92a2202862b7d066e7075c4,immutable,4.1.0,4.3.4,1670881222,67,0,0,0,0,0,0,0,0,0,0,0,1,0
immutable-js/immutable-js,ffb3ee8322ec70cbca822617593e58a3ab9fff54,immutable,4.1.0,4.3.4,1671722742,68,0,0,0,0,0,0,0,0,0,0,0,1,0
immutable-js/immutable-js,d581f57965c56cf7510de56aab6fef45f1213295,immutable,4.1.0,,1671722895,1,0,0,0,0,0,0,0,0,0,0,0,0,0
immutable-js/immutable-js,3f2ec9fba98a976c6958741c12ecfe5b2c5b93f5,immutable,4.1.0,4.3.4,1671723018,68,0,0,0,0,0,0,0,0,0,0,0,1,0
immutable-js/immutable-js,d88f7221f1d3b960aeaf7aedd72e306d2b8b4cf5,immutable,4.2.0,4.3.4,1671723321,68,0,0,0,0,0,0,0,0,0,0,0,1,0
immutable-js/immutable-js,68b1b883e2890f585ef5ff6a895c49bf9a6187bf,immutable,4.2.0,,1671723470,1,0,0,0,0,0,0,0,0,0,0,0,0,0
immutable-js/immutable-js,26c3095c30189c981b5a58a7ab90ad15b38cc87a,immutable,4.2.0,4.9,1671794245,68,0,0,0,0,0,0,0,0,0,0,0,1,0
immutable-js/immutable-js,ac3a055c84131545602aec7afc556232323b6bab,immutable,4.2.0,4.3.4,1671802243,68,0,0,0,0,0,0,0,0,0,0,0,1,0
immutable-js/immutable-js,df4c4b7733a29b5179fd70f23fe439cf2149ff25,immutable,4.2.0,,1671802381,1,0,0,0,0,0,0,0,0,0,0,0,0,0
immutable-js/immutable-js,7e33ca96d861c0a67cd7c60c814389aee2cba1dd,immutable,4.2.1,4.3.4,1671802508,68,0,0,0,0,0,0,0,0,0,0,0,1,0
immutable-js/immutable-js,e173fde574957609c4aecf29ada44542b410b0ef,immutable,4.2.1,,1671802670,1,0,0,0,0,0,0,0,0,0,0,0,0,0
