kaorun343/vue-property-decorator,4d648352535e416d12011ea462b0636d0a3c4ed5,vue-property-decorator,8.3.0,3.5.2,1580480447,11,0,0,0,0,0,0,0,0,0,0,0,0,0
kaorun343/vue-property-decorator,83f02972883c86d385012c544f36aaee4cf5516a,vue-property-decorator,8.4.0,3.5.2,1580863696,11,0,0,0,0,0,0,0,0,0,0,0,0,0
kaorun343/vue-property-decorator,8d5c9356644e9b09e2282f63b7b17e011a1d07be,vue-property-decorator,8.4.0,3.5.2,1580882116,11,0,0,0,0,0,0,0,0,0,0,0,0,0
kaorun343/vue-property-decorator,14b5116c464c0a917004bec83a6957c40c2dbdb3,vue-property-decorator,8.4.0,3.5.2,1580882212,11,0,0,0,0,0,0,0,0,0,0,0,0,0
kaorun343/vue-property-decorator,827c601a75a3ab17a217759a56b7cfbf70db06fd,vue-property-decorator,8.4.0,3.5.2,1580882223,11,0,0,0,0,0,0,0,0,0,0,0,0,0
kaorun343/vue-property-decorator,30f76ae49495713d9d0746babeacbc178d92e0dc,vue-property-decorator,8.4.0,3.5.2,1581038982,11,0,0,0,0,0,0,0,0,0,0,0,0,0
kaorun343/vue-property-decorator,d4c5eb5a8e455b950bcad31a0d8d062cc5482d9b,vue-property-decorator,8.4.0,3.5.2,1583156198,11,0,0,0,0,0,0,0,0,0,0,0,0,0
kaorun343/vue-property-decorator,b1c4719a5f130a042d4b2e9d86d4e9da7eb24876,vue-property-decorator,8.4.0,3.5.2,1584155153,11,0,0,0,0,0,0,0,0,0,0,0,0,0
kaorun343/vue-property-decorator,fb9e5fdda9339614eda455d1da77105ea99e118b,vue-property-decorator,8.4.0,3.5.2,1584433805,11,0,0,0,0,0,0,0,0,0,0,0,0,0
kaorun343/vue-property-decorator,38268827b6000170783f9c5a15ebdce3e1edd906,vue-property-decorator,8.4.0,3.5.2,1584433868,11,0,0,0,0,0,0,0,0,0,0,0,0,0
kaorun343/vue-property-decorator,62433c19ec62481714d877287410bb4cb2534214,vue-property-decorator,8.4.0,3.5.2,1584433911,11,0,0,0,0,0,0,0,0,0,0,0,0,0
kaorun343/vue-property-decorator,a5fd1aa904fd9ce2d18ef9fb2f8481d85fb367c4,vue-property-decorator,8.4.1,3.5.2,1584434014,11,0,0,0,0,0,0,0,0,0,0,0,0,0
kaorun343/vue-property-decorator,a4e0e4e4e38d9f993f434c66cddd0b99131892b7,vue-property-decorator,8.4.1,3.5.2,1585611961,11,0,0,0,0,0,0,0,0,0,0,0,0,0
kaorun343/vue-property-decorator,37033b782ed5789cb37f7eb8733517c43aa850d7,vue-property-decorator,8.4.1,3.5.2,1585615873,11,0,0,0,0,0,0,0,0,0,0,0,0,0
kaorun343/vue-property-decorator,29250da726635d881d10a063c4aec14c98343716,vue-property-decorator,8.4.1,3.5.2,1586578778,11,0,0,0,0,0,0,0,0,0,0,0,0,0
kaorun343/vue-property-decorator,2c5ed6297de9d9840e8d7e61d63fa38492290a6f,vue-property-decorator,8.4.1,3.5.2,1586868331,11,0,0,0,0,0,0,0,0,0,0,0,0,0
kaorun343/vue-property-decorator,0babfc305086303483dac8969b638c79c92f3118,vue-property-decorator,8.4.1,3.5.2,1587762249,11,0,0,0,0,0,0,0,0,0,0,0,0,0
kaorun343/vue-property-decorator,f70446ce8ed768f6680608ac6d17f49920840784,vue-property-decorator,8.4.2,3.5.2,1587762542,11,0,0,0,0,0,0,0,0,0,0,0,0,0
kaorun343/vue-property-decorator,365cf55e33a6b49d9c2881f36c4b9a7eec29477b,vue-property-decorator,8.4.1,3.5.2,1591028515,11,0,0,0,0,0,0,0,0,0,0,0,0,0
kaorun343/vue-property-decorator,15be7ae5de69b74bcb14e76c4488391cc078ec0f,vue-property-decorator,8.4.2,3.5.2,1591990922,11,0,0,0,0,0,0,0,0,0,0,0,0,0
kaorun343/vue-property-decorator,20582d175a0523707f76624b500be27df062af51,vue-property-decorator,8.4.2,3.5.2,1591991549,11,0,0,0,0,0,0,0,0,0,0,0,0,0
kaorun343/vue-property-decorator,ce36340388407756dc0f4097e5d915bec61c2bcd,vue-property-decorator,8.4.2,3.5.2,1591991856,11,0,0,0,0,0,0,0,0,0,0,0,0,0
kaorun343/vue-property-decorator,cb94f3a9328a8836ab58264e2b4587d060dc2f88,vue-property-decorator,8.4.2,3.5.2,1591991968,11,0,0,0,0,0,0,0,0,0,0,0,0,0
kaorun343/vue-property-decorator,dc7458fe46740141fc8d90cf4c3272fb00147057,vue-property-decorator,8.4.2,3.5.2,1591992083,11,0,0,0,0,0,0,0,0,0,0,0,0,0
kaorun343/vue-property-decorator,1cb1f001ee3084b55769434726b7f0c24ab2cb41,vue-property-decorator,8.4.2,3.5.2,1591992223,11,0,0,0,0,0,0,0,0,0,0,0,0,0
kaorun343/vue-property-decorator,3730103cd024d0f2560b01ee23b5c3aba8fac394,vue-property-decorator,8.5.0,3.5.2,1591992701,11,0,0,0,0,0,0,0,0,0,0,0,0,0
kaorun343/vue-property-decorator,8c77f01d321c14bcd6ccd37de7e917d418ac78c5,vue-property-decorator,8.5.0,3.5.2,1592325363,11,0,0,0,0,0,0,0,0,0,0,0,0,0
kaorun343/vue-property-decorator,2920b2f4dceaf182ce40b912c9fb5a6a3715fc2f,vue-property-decorator,8.5.0,3.5.2,1592327580,11,0,0,0,0,0,0,0,0,0,0,0,0,0
kaorun343/vue-property-decorator,7894cae9656ef6665cc506c0ff9c33f9c7c0d9e4,vue-property-decorator,8.5.0,3.5.2,1592512546,11,0,0,0,0,0,0,0,0,0,0,0,0,0
kaorun343/vue-property-decorator,7beed446cc027ec78063bb4a8e5b5cd2aa5c4781,vue-property-decorator,8.5.1,3.5.2,1592512671,11,0,0,0,0,0,0,0,0,0,0,0,0,0
kaorun343/vue-property-decorator,c21a779e4bbeddf9b085ce635ba718bb2625936c,vue-property-decorator,8.5.1,3.5.2,1592512721,11,0,0,0,0,0,0,0,0,0,0,0,0,0
kaorun343/vue-property-decorator,61632e96472fe8319cf91a71622796fd67b8b3d7,vue-property-decorator,9.0.0,3.5.2,1592512789,11,0,0,0,0,0,0,0,0,0,0,0,0,0
kaorun343/vue-property-decorator,c509dea5501493a5cab83810123b4d30fd2cc603,vue-property-decorator,9.0.0,3.5.2,1593350416,11,0,0,0,0,0,0,0,0,0,0,0,0,0
kaorun343/vue-property-decorator,3dea10985e94aee36f17d2a33b9a654f77acf7fd,vue-property-decorator,9.0.0,3.5.2,1593351847,11,0,0,0,0,0,0,0,0,0,0,0,0,0
kaorun343/vue-property-decorator,d9adb2c789852f0e9bcd7b25202553ddaf979baa,vue-property-decorator,9.0.0,3.5.2,1593351960,11,0,0,0,0,0,0,0,0,0,0,0,0,0
kaorun343/vue-property-decorator,c7c2c099198d34edde8bb588a9704db9b08c5f90,vue-property-decorator,9.0.0,3.5.2,1593517570,11,0,0,0,0,0,0,0,0,0,0,0,0,0
kaorun343/vue-property-decorator,2e95fceefe217a069274bf768a2bf7526b2c28bd,vue-property-decorator,9.0.1,3.5.2,1601816529,11,0,0,0,0,0,0,0,0,0,0,0,0,0
kaorun343/vue-property-decorator,be270f1ea9596a4742af6639e6debef67d0b2555,vue-property-decorator,9.0.2,3.5.2,1601816736,11,0,0,0,0,0,0,0,0,0,0,0,0,0
kaorun343/vue-property-decorator,52f99f2cf3f50d24112abc7a355256a0593477eb,vue-property-decorator,9.0.2,3.5.2,1605245051,11,0,0,0,0,0,0,0,0,0,0,0,0,0
kaorun343/vue-property-decorator,549bec2d1cac4a9d0f629e4c0db0ec8d36d4ae0d,vue-property-decorator,9.0.2,3.5.2,1605245341,11,0,0,0,0,0,0,0,0,0,0,0,0,0
kaorun343/vue-property-decorator,cde8597c5da2b77da80c37c89854fdcd966704ab,vue-property-decorator,9.0.2,4.1.2,1605866901,11,0,0,0,0,0,0,0,0,0,0,0,0,0
kaorun343/vue-property-decorator,636301aa28d0c5bb6f5f8e075f80a304be807d8b,vue-property-decorator,9.0.2,4.1.2,1605866935,11,0,0,0,0,0,0,0,0,0,0,0,0,0
kaorun343/vue-property-decorator,c8c88642f589c8cb1a2f3a09034a01b17152bae7,vue-property-decorator,9.0.2,4.1.2,1605869884,11,0,0,0,0,0,0,0,0,0,0,0,0,0
kaorun343/vue-property-decorator,d7954f8ca1a729a53da207317139fc76cefe98b2,vue-property-decorator,9.0.2,4.1.2,1605870106,23,0,0,0,0,0,0,0,0,0,0,0,0,0
kaorun343/vue-property-decorator,a5aacab1c7858678e188858bbf322ec91dec9136,vue-property-decorator,9.0.2,4.1.2,1605870280,23,0,0,0,0,0,0,0,0,0,0,0,0,0
kaorun343/vue-property-decorator,c7f816f56873e84c61ec2929ee5c829ceaf0b769,vue-property-decorator,9.0.2,4.1.2,1605871909,25,0,0,0,0,0,0,0,0,0,0,0,0,0
kaorun343/vue-property-decorator,da11469544ecc5829b73b9c56d4d547ced1e3d72,vue-property-decorator,9.0.2,4.1.2,1605871909,25,0,0,0,0,0,0,0,0,0,0,0,0,0
kaorun343/vue-property-decorator,969c5ad32233af82d810172d207f1d4711364872,vue-property-decorator,9.0.2,4.1.2,1605872240,25,0,0,0,0,0,0,0,0,0,0,0,0,0
kaorun343/vue-property-decorator,f92e30c79c6c1e0a593f3d2045405ba177b78194,vue-property-decorator,9.0.2,4.1.2,1605874202,25,0,0,0,0,0,0,0,0,0,0,0,0,0
kaorun343/vue-property-decorator,08ac2092bcb94e8b8a81b2192bc9c45691f0d494,vue-property-decorator,9.0.2,4.1.2,1605881123,25,0,0,0,0,0,0,0,0,0,0,0,0,0
kaorun343/vue-property-decorator,afc9da74736db0f3fd576a1f53ef9d4ce801f82d,vue-property-decorator,8.3.0,3.5.2,1605884543,12,0,0,0,0,0,0,0,0,0,0,0,0,0
kaorun343/vue-property-decorator,ba79b73814936dc9c07648ed6e2d6ad208d32a1b,vue-property-decorator,9.0.2,4.1.2,1605884697,27,0,0,0,0,0,0,0,0,0,0,0,0,0
kaorun343/vue-property-decorator,a0173fb4f6182b28aedf58f0c68cc8b1fc19aa59,vue-property-decorator,9.0.2,4.1.2,1605884948,27,0,0,0,0,0,0,0,0,0,0,0,0,0
kaorun343/vue-property-decorator,09ed303e17cdd73608ef199c5841ab277cb2bc50,vue-property-decorator,9.1.0,4.1.2,1605885649,27,0,0,0,0,0,0,0,0,0,0,0,0,0
kaorun343/vue-property-decorator,45e71bccf72729d290dfc0565ddaeb4e6504f87a,vue-property-decorator,9.1.0,4.1.2,1605885786,27,0,0,0,0,0,0,0,0,0,0,0,0,0
kaorun343/vue-property-decorator,e541f1c3d3fec5c2322e2579f1bab43c7b3a3bd6,vue-property-decorator,9.1.0,4.1.2,1605885828,27,0,0,0,0,0,0,0,0,0,0,0,0,0
kaorun343/vue-property-decorator,cb9bdca467adebf284f05c57a14827cd1ee39a11,vue-property-decorator,9.1.0,4.1.2,1605887000,27,0,0,0,0,0,0,0,0,0,0,0,0,0
kaorun343/vue-property-decorator,028d9f4ca60b06fd6d1d2d7809a1044b87b76e99,vue-property-decorator,9.1.1,4.1.2,1605887081,27,0,0,0,0,0,0,0,0,0,0,0,0,0
kaorun343/vue-property-decorator,d11b067386bd9dbdf6cc9d3a8741e5a2e30dcba1,vue-property-decorator,9.1.1,4.1.2,1605892485,27,0,0,0,0,0,0,0,0,0,0,0,0,0
kaorun343/vue-property-decorator,1303910986e92e622e1dcce200b3e7fbaa3a66dd,vue-property-decorator,9.1.1,4.1.2,1605908960,27,0,0,0,0,0,0,0,0,0,0,0,0,0
kaorun343/vue-property-decorator,e0bf1d4a3d575de3ce36a3efde4649127e4211be,vue-property-decorator,9.1.2,4.1.2,1605909064,27,0,0,0,0,0,0,0,0,0,0,0,0,0
kaorun343/vue-property-decorator,74134629fd7f08e1e400e41025f0eac1cc30632b,vue-property-decorator,9.1.2,4.1.2,1614248686,27,0,0,0,0,0,0,0,0,0,0,0,0,0
kaorun343/vue-property-decorator,ccc0780bc7c3f81ca9b6a659917a008b5e73e8f7,vue-property-decorator,9.1.2,4.1.2,1614251856,27,0,0,0,0,0,0,0,0,0,0,0,0,0
kaorun343/vue-property-decorator,a92bc5758e45507c3cc02532ee1d6ff03d12dbb9,vue-property-decorator,9.1.2,4.1.2,1614253145,27,0,0,0,0,0,0,0,0,0,0,0,0,0
kaorun343/vue-property-decorator,77625dad84b2a7f2bb8b73bf288270fdb57b7b72,vue-property-decorator,9.1.2,4.1.2,1614253188,27,0,0,0,0,0,0,0,0,0,0,0,0,0
kaorun343/vue-property-decorator,a7e7eef937ecdc89675dc0bd84e43b6140aa7d7f,vue-property-decorator,9.1.2,4.1.2,1614256418,27,0,0,0,0,0,0,0,0,0,0,0,0,0
kaorun343/vue-property-decorator,437a3154fed322219e3534f0a56705c8cd4e3af5,vue-property-decorator,9.1.2,4.1.2,1614257533,27,0,0,0,0,0,0,0,0,0,0,0,0,0
kaorun343/vue-property-decorator,f1667a89b0d80b0108a7f07937363778c39cde0d,vue-property-decorator,9.1.2,4.1.2,1614263577,27,0,0,0,0,0,0,0,0,0,0,0,0,0
kaorun343/vue-property-decorator,377c069a88b1a37054329a5edfe198815486a2cb,vue-property-decorator,9.1.2,4.1.2,1615019743,27,0,0,0,0,0,0,0,0,0,0,0,0,0
kaorun343/vue-property-decorator,7256320acab5f5f1e8b7bc8259bdaa3c18a74c32,vue-property-decorator,9.1.2,4.1.2,1615019770,27,0,0,0,0,0,0,0,0,0,0,0,0,1
kaorun343/vue-property-decorator,2e0e0ba305597d6fe06d4ceeca912f5ba57433ee,vue-property-decorator,9.1.2,4.1.2,1615026754,27,0,0,0,0,0,0,0,0,0,0,0,0,1
kaorun343/vue-property-decorator,54f61a05d768e796336735a0d346a5cd4968572c,vue-property-decorator,9.1.2,4.1.2,1615026924,27,0,0,0,0,0,0,0,0,0,0,0,0,1
kaorun343/vue-property-decorator,f047afa2f8ab739c31cdafa65e45523272646de4,vue-property-decorator,9.1.2,4.1.2,1615027241,22,0,0,0,0,0,0,0,0,0,0,0,0,1
kaorun343/vue-property-decorator,6256f459a9971405babeebde355e3eeb84e73460,vue-property-decorator,9.1.2,4.1.2,1615027288,21,0,0,0,0,0,0,0,0,0,0,0,0,1
kaorun343/vue-property-decorator,44bc11339d6ffc72472ada6f26d257335af3f918,vue-property-decorator,9.1.2,4.1.2,1615029521,21,0,0,0,0,0,0,0,0,0,0,0,0,1
kaorun343/vue-property-decorator,03aea34071b5af7e1cc7c0853a129e73181dc180,vue-property-decorator,9.1.2,4.1.2,1615034085,21,0,0,0,0,0,0,0,0,0,0,0,0,1
kaorun343/vue-property-decorator,26aa4aa2734732ceae2dee39d2691f0f7ec7c388,vue-property-decorator,9.1.2,4.1.2,1615034228,15,0,0,0,0,0,0,0,0,0,0,0,0,1
kaorun343/vue-property-decorator,3d4056e9c1ce7025e37910cb2a91f90377e03468,vue-property-decorator,9.1.2,4.1.2,1615034258,15,0,0,0,0,0,0,0,0,0,0,0,0,1
kaorun343/vue-property-decorator,7b2bab0cac809aab7daa9d8219b5975f1513d6a6,vue-property-decorator,9.1.2,4.1.2,1615035846,15,0,0,0,0,0,0,0,0,0,0,0,0,1
kaorun343/vue-property-decorator,cdce757767cc4137a89db2574f39ef3d1fc5c14f,vue-property-decorator,9.1.2,4.1.2,1615035878,15,0,0,0,0,0,0,0,0,0,0,0,0,1
kaorun343/vue-property-decorator,9e7627b7370cfc4ed68dd7fb69b856f64786c22b,vue-property-decorator,9.1.2,4.1.2,1615037736,15,0,0,0,0,0,0,0,0,0,0,0,0,1
kaorun343/vue-property-decorator,7a9070bd4c3e1e3a9fbb494f984768cb4acf22fa,vue-property-decorator,10.0.0-rc.0,4.1.2,1615037909,15,0,0,0,0,0,0,0,0,0,0,0,0,1
kaorun343/vue-property-decorator,d7ca2d81033e048f480482ef2d9f3c1b2dd5b2db,vue-property-decorator,10.0.0-rc.0,4.1.2,1615038366,15,0,0,0,0,0,0,0,0,0,0,0,0,1
kaorun343/vue-property-decorator,fb2d384c273cbf68213c3d5147ba167aeba42794,vue-property-decorator,10.0.0-rc.1,4.1.2,1615038469,15,0,0,0,0,0,0,0,0,0,0,0,0,1
kaorun343/vue-property-decorator,dcdb9c8a511a0e9a2f6c0210c4839a36a554549f,vue-property-decorator,10.0.0-rc.1,4.1.2,1615039120,15,0,0,0,0,0,0,0,0,0,0,0,0,1
kaorun343/vue-property-decorator,320b0c16e8509a94b5e9936298f802c9a6abd26c,vue-property-decorator,10.0.0-rc.1,4.1.2,1615039173,15,0,0,0,0,0,0,0,0,0,0,0,0,1
kaorun343/vue-property-decorator,64a1e738b7aee05af3dcfe4935842682963f0e78,vue-property-decorator,10.0.0-rc.2,4.1.2,1615039182,15,0,0,0,0,0,0,0,0,0,0,0,0,1
kaorun343/vue-property-decorator,70c474e776fd57b09cfb3895833a2ef9cb6c4934,vue-property-decorator,10.0.0-rc.2,4.1.2,1615325128,15,0,0,0,0,0,0,0,0,0,0,0,0,1
kaorun343/vue-property-decorator,b3a312d82c18cecefb22b2d3880de03be399ebe7,vue-property-decorator,10.0.0-rc.2,4.1.2,1615325442,15,0,0,0,0,0,0,0,0,0,0,0,0,1
kaorun343/vue-property-decorator,152aa9819899d09ad38ce8610b75704e1c44cb13,vue-property-decorator,10.0.0-rc.2,4.1.2,1615325914,15,0,0,0,0,0,0,0,0,0,0,0,0,1
kaorun343/vue-property-decorator,f92b6a0220f403ac524a3bb49d156e10a1cd4057,vue-property-decorator,10.0.0-rc.2,4.1.2,1615326098,15,0,0,0,0,0,0,0,0,0,0,0,0,1
kaorun343/vue-property-decorator,2268e895facd3d5e4f912be83a00857fe07a8b64,vue-property-decorator,10.0.0-rc.3,4.1.2,1615326146,15,0,0,0,0,0,0,0,0,0,0,0,0,1
kaorun343/vue-property-decorator,a976ab73da3a57ef07aa1816a3510bd443eca634,vue-property-decorator,10.0.0-rc.3,4.1.2,1615326286,15,0,0,0,0,0,0,0,0,0,0,0,0,1
kaorun343/vue-property-decorator,57b91622712d0016bc7b6026eec95fe8272480c9,vue-property-decorator,10.0.0-rc.3,4.1.2,1615326359,15,0,0,0,0,0,0,0,0,0,0,0,0,1
kaorun343/vue-property-decorator,36d32ae6972de271910ba7da49abc4fc8e58300d,vue-property-decorator,9.1.2,4.1.2,1615329415,27,0,0,0,0,0,0,0,0,0,0,0,0,0
kaorun343/vue-property-decorator,8b13fbe631da2f91c97796bbe27cfe1f57e2fd73,vue-property-decorator,9.1.2,4.1.2,1615329726,27,0,0,0,0,0,0,0,0,0,0,0,0,0
kaorun343/vue-property-decorator,194e8a73f01246d0e826668edcf2375888d2daa6,vue-property-decorator,9.1.2,4.1.2,1615330661,27,0,0,0,0,0,0,0,0,0,0,0,0,0
kaorun343/vue-property-decorator,55250f3d56aa8d4fe7411caae972f801882ab14b,vue-property-decorator,9.1.2,4.1.2,1615333202,27,0,0,0,0,0,0,0,0,0,0,0,0,0
kaorun343/vue-property-decorator,1a9d0f13fdab3a416311d48d1fe4275ae54b21cf,vue-property-decorator,9.1.2,4.1.2,1615333208,27,0,0,0,0,0,0,0,0,0,0,0,0,1
kaorun343/vue-property-decorator,ed64a4ba0c97a0df16c8325cb753be1519e1bfe5,vue-property-decorator,9.1.2,4.1.2,1615333303,27,0,0,0,0,0,0,0,0,0,0,0,0,1
kaorun343/vue-property-decorator,17387eb8bb9c6568dcbd85cbc5dafc687b093d22,vue-property-decorator,10.0.0-rc.3,4.1.2,1615333660,15,0,0,0,0,0,0,0,0,0,0,0,0,1
kaorun343/vue-property-decorator,36fad3c41e7868c68940c77ff971fb76c1dc39f2,vue-property-decorator,9.1.2,4.1.2,1615334312,27,0,0,0,0,0,0,0,0,0,0,0,0,1
kaorun343/vue-property-decorator,59b955ddb665a52d34eeeecd4d292547ae469251,vue-property-decorator,9.1.2,4.1.2,1615334740,27,0,0,0,0,0,0,0,0,0,0,0,0,1
kaorun343/vue-property-decorator,870a56c37de38e626dbbf2d7783e374069ce00e1,vue-property-decorator,10.0.0-rc.3,4.1.2,1615566658,15,0,0,0,0,0,0,0,0,0,0,0,0,1
kaorun343/vue-property-decorator,603a300fe5e63f64b6560eef45d4d031632ef398,vue-property-decorator,9.1.2,4.1.2,1617114287,27,0,0,0,0,0,0,0,0,0,0,0,0,1
kaorun343/vue-property-decorator,0436ecdfb99aafb2c096918da3f58bd466f90088,vue-property-decorator,9.1.2,4.1.2,1620212232,27,0,0,0,0,0,0,0,0,0,0,0,0,1
kaorun343/vue-property-decorator,3cebfd80959a288e48be99cab35b7bc0ea31a54d,vue-property-decorator,9.1.2,4.1.2,1620455226,27,0,0,0,0,0,0,0,0,0,0,0,0,1
kaorun343/vue-property-decorator,7d883672beb5577f84910dacac9681615db5625a,vue-property-decorator,9.1.2,4.1.2,1620607720,27,0,0,0,0,0,0,0,0,0,0,0,0,1
kaorun343/vue-property-decorator,2da22ebd8351f2a26e5b20d9785cf8f7381bbbd9,vue-property-decorator,9.1.2,4.1.2,1628634036,27,0,0,0,0,0,0,0,0,0,0,0,0,1
kaorun343/vue-property-decorator,3242bb1c84003b515196a08d056d2179b1897a5a,vue-property-decorator,9.1.2,4.1.2,1632221204,27,0,0,0,0,0,0,0,0,0,0,0,0,1
kaorun343/vue-property-decorator,d095777ff04b6b97ab10998af8922ad79e7be07e,vue-property-decorator,9.1.2,4.1.2,1635319094,27,0,0,0,0,0,0,0,0,0,0,0,0,1
kaorun343/vue-property-decorator,e7cdd95de900fe0709fc06afcf821e1e9fedb42c,vue-property-decorator,9.1.2,4.1.2,1635319129,27,0,0,0,0,0,0,0,0,0,0,0,0,1
kaorun343/vue-property-decorator,5e4c0046bbdfd757da9f17e52c4e4f70a3628ba4,vue-property-decorator,9.1.2,4.1.2,1635319142,27,0,0,0,0,0,0,0,0,0,0,0,0,1
kaorun343/vue-property-decorator,a6d11cab425fc30e26e77d05106f4d1fa6384b13,vue-property-decorator,9.1.2,4.1.2,1635319152,27,0,0,0,0,0,0,0,0,0,0,0,0,1
kaorun343/vue-property-decorator,ffc4caa707a3204b0036faf3abd1595353cd6d61,vue-property-decorator,9.1.2,4.1.2,1635319187,27,0,0,0,0,0,0,0,0,0,0,0,0,1
kaorun343/vue-property-decorator,28fd7b10147b3e161d0775c8e2b6e8f6e7b323e0,vue-property-decorator,10.0.0-rc.3,4.1.2,1644222568,15,0,0,0,0,0,0,0,0,0,0,0,0,1
kaorun343/vue-property-decorator,238779943878d2445d1d24874d79d63465064eaf,vue-property-decorator,10.0.0-rc.3,4.1.2,1644270511,15,0,0,0,0,0,0,0,0,0,0,0,0,1
kaorun343/vue-property-decorator,b9b749074e6f4cce3dd72176b8622ba9e8c4667a,vue-property-decorator,9.1.2,4.1.2,1649562134,27,0,0,0,0,0,0,0,0,0,0,0,0,1
kaorun343/vue-property-decorator,791be14f45306c04f5bb6fc5a34a33c36f612ec6,vue-property-decorator,9.1.2,4.1.2,1655974756,27,0,0,0,0,0,0,0,0,0,0,0,0,1
kaorun343/vue-property-decorator,f0940c12f9b87e9f61a59461f14a8136dc01962f,vue-property-decorator,9.1.2,4.1.2,1658209366,27,0,0,0,0,0,0,0,0,0,0,0,0,1
kaorun343/vue-property-decorator,d857726a1fbd5041a8e3490b438bd39b6d01230c,vue-property-decorator,9.1.2,4.1.2,1670028930,27,0,0,0,0,0,0,0,0,0,0,0,0,1
kaorun343/vue-property-decorator,f36fb9ecb6b34fff19ec37e7662175603084dd6e,vue-property-decorator,9.1.2,4.1.2,1670610048,27,0,0,0,0,0,0,0,0,0,0,0,0,1
