material-theme/vsc-material-theme,14f27aead104463f16aad6c459781c4d09b9e3a6,vsc-material-theme,30.0.0,3.7.4,1578311585,30,0,0,0,0,0,0,0,0,0,0,0,0,0
material-theme/vsc-material-theme,f00f3909029260eb5b7b329dc9103b2f4a038f5f,vsc-material-theme,30.0.0,3.7.4,1578326330,30,0,0,0,0,0,0,0,0,0,0,0,0,0
material-theme/vsc-material-theme,6c31bfd4dd320d1cd3810054a60556a109483ba1,vsc-material-theme,30.0.0,3.7.4,1578327078,30,0,0,0,0,0,0,0,0,0,0,0,0,0
material-theme/vsc-material-theme,a2b212768459edda7c7c5d9b43539bbf322132a3,vsc-material-theme,30.0.0,3.7.4,1578328028,30,0,0,0,0,0,0,0,0,0,0,0,0,0
material-theme/vsc-material-theme,e1121178663f5b89495c9330a92f90d0b26aeb05,vsc-material-theme,30.0.0,3.7.4,1578329144,30,0,0,0,0,0,0,0,0,0,0,0,0,0
material-theme/vsc-material-theme,7e707fedea6d92ab3ffe025b5784428fefe67c21,vsc-material-theme,30.0.0,3.7.4,1578333304,30,0,0,0,0,0,0,0,0,0,0,0,0,0
material-theme/vsc-material-theme,8309199940e2036cc29efd9f4366655348449ea6,vsc-material-theme,31.0.0,3.7.4,1578333342,30,0,0,0,0,0,0,0,0,0,0,0,0,0
material-theme/vsc-material-theme,8090e74a6a0f24d1555ef5a2e40b1cd1235a34d5,vsc-material-theme,31.1.0,3.7.4,1578333578,30,0,0,0,0,0,0,0,0,0,0,0,0,0
material-theme/vsc-material-theme,1a400362b885b5cb8a0a31f34c867fbeb0265e65,vsc-material-theme,31.1.0,3.7.4,1578333712,30,0,0,0,0,0,0,0,0,0,0,0,0,0
material-theme/vsc-material-theme,e241a62161a905d385d697c2fae1e28d667747ca,vsc-material-theme,31.1.0,3.7.4,1578387479,30,0,0,0,0,0,0,0,0,0,0,0,0,0
material-theme/vsc-material-theme,43663e2a497e8f4546d5bbc9205fd0bb20d92321,vsc-material-theme,31.1.0,3.7.4,1578387521,30,0,0,0,0,0,0,0,0,0,0,0,0,0
material-theme/vsc-material-theme,671b5d9ab0c0b67a1d235c162afa3c7c59f9b546,vsc-material-theme,31.2.0,3.7.4,1578387551,30,0,0,0,0,0,0,0,0,0,0,0,0,0
material-theme/vsc-material-theme,fa5322f319ddec67ae18faeaac57f37b7393f4ca,vsc-material-theme,31.1.0,3.7.4,1578388155,30,0,0,0,0,0,0,0,0,0,0,0,0,0
material-theme/vsc-material-theme,1c45722680b6bad2803acdc1384acb8503f300d3,vsc-material-theme,31.1.0,3.7.4,1578404285,30,0,0,0,0,0,0,0,0,0,0,0,0,0
material-theme/vsc-material-theme,164802e95a923b52faad1ad50f2e6d0911f29979,vsc-material-theme,31.1.0,3.7.4,1578407788,30,0,0,0,0,0,0,0,0,0,0,0,0,0
material-theme/vsc-material-theme,b36ef8faa493f1a404e8392a7e1e1b9231aa5325,vsc-material-theme,31.2.0,3.7.4,1578407820,30,0,0,0,0,0,0,0,0,0,0,0,0,0
material-theme/vsc-material-theme,89796efc16f19b9c1c72b75c4aab0a11f78a909d,vsc-material-theme,31.3.0,3.7.4,1578407862,30,0,0,0,0,0,0,0,0,0,0,0,0,0
material-theme/vsc-material-theme,65ed16f7596c4c730e856c30ca14e0949a0eb5e7,vsc-material-theme,31.3.0,3.7.4,1578407897,30,0,0,0,0,0,0,0,0,0,0,0,0,0
material-theme/vsc-material-theme,4b1db4e3fe8c205c31753844efaa66d922155da8,vsc-material-theme,31.3.0,3.7.4,1578414916,30,0,0,0,0,0,0,0,0,0,0,0,0,0
material-theme/vsc-material-theme,a9690f58614dd9ca04ad9bd1f737edf8940fb1fa,vsc-material-theme,31.3.0,3.7.4,1578415104,30,0,0,0,0,0,0,0,0,0,0,0,0,0
material-theme/vsc-material-theme,d4452f197aa4aa23c0ef92599284bffa99089345,vsc-material-theme,31.4.0,3.7.4,1578415146,30,0,0,0,0,0,0,0,0,0,0,0,0,0
material-theme/vsc-material-theme,40a3cfc9a24d109b4508bd3ed3254324640d792f,vsc-material-theme,31.4.0,3.7.4,1578415367,30,0,0,0,0,0,0,0,0,0,0,0,0,0
material-theme/vsc-material-theme,8961e4308b226b64dc7ebedbb683a5f2852bcdbb,vsc-material-theme,31.4.0,3.7.4,1578415976,30,0,0,0,0,0,0,0,0,0,0,0,0,0
material-theme/vsc-material-theme,eca2cb268b5f906c596e051b1ebfdf41c548a5c4,vsc-material-theme,31.5.0,3.7.4,1578416936,30,0,0,0,0,0,0,0,0,0,0,0,0,0
material-theme/vsc-material-theme,1549a6938414d3dcbeab389715f53c07ac2f345b,vsc-material-theme,31.5.0,3.7.4,1578420318,30,0,0,0,0,0,0,0,0,0,0,0,0,0
material-theme/vsc-material-theme,02487893ac2d8c3967cf18886a7e7127a44e747a,vsc-material-theme,31.5.0,3.7.4,1578420333,30,0,0,0,0,0,0,0,0,0,0,0,0,0
material-theme/vsc-material-theme,dd415c7e8b68d17d24214282d8d810dcf3e418bd,vsc-material-theme,31.6.0,3.7.4,1578420412,30,0,0,0,0,0,0,0,0,0,0,0,0,0
material-theme/vsc-material-theme,ea56f34e9ec1114cdf7eeeda303ac27ed643c344,vsc-material-theme,31.6.0,3.7.4,1578471644,30,0,0,0,0,0,0,0,0,0,0,0,0,0
material-theme/vsc-material-theme,1efecfe36b9e3063f4545c8706f4cb37ce797322,vsc-material-theme,31.6.0,3.7.4,1578474850,30,0,0,0,0,0,0,0,0,0,0,0,0,0
material-theme/vsc-material-theme,ed3eff7f4d3e057ec711e82288ca0ce90e26d3f5,vsc-material-theme,31.6.0,3.7.4,1578474864,30,0,0,0,0,0,0,0,0,0,0,0,0,0
material-theme/vsc-material-theme,c9deda82eb0d68bf326323ad295ecea71de7490f,vsc-material-theme,31.7.0,3.7.4,1578474951,30,0,0,0,0,0,0,0,0,0,0,0,0,0
material-theme/vsc-material-theme,7850c56ad75ab690524b7ecbe4f853c8b68e42e9,vsc-material-theme,31.6.0,3.7.4,1578495789,30,0,0,0,0,0,0,0,0,0,0,0,0,0
material-theme/vsc-material-theme,db92935bcac99aac6c21c2f478041d8a2d81583f,vsc-material-theme,31.7.0,3.7.4,1578495804,30,0,0,0,0,0,0,0,0,0,0,0,0,0
material-theme/vsc-material-theme,34400f6d68270cf107a596577a8ec2dda2c5b211,vsc-material-theme,31.9.0,3.7.4,1578495880,30,0,0,0,0,0,0,0,0,0,0,0,0,0
material-theme/vsc-material-theme,a05340a4afd750c9aa68b3d62bd96c86147485bd,vsc-material-theme,31.9.0,3.7.4,1578505675,30,0,0,0,0,0,0,0,0,0,0,0,0,0
material-theme/vsc-material-theme,ae7cfd273516b0c91eae7700b32462346d3d36ec,vsc-material-theme,31.10.0,3.7.4,1578516566,30,0,0,0,0,0,0,0,0,0,0,0,0,0
material-theme/vsc-material-theme,1a7e2703b9eb7e856c23ddcb89ad3cb5e5882c1b,vsc-material-theme,31.11.0,3.7.4,1578516638,30,0,0,0,0,0,0,0,0,0,0,0,0,0
material-theme/vsc-material-theme,3ed3b3eeedbbff5eecc61419fd293c6af85e8a05,vsc-material-theme,31.11.0,3.7.4,1578517508,30,0,0,0,0,0,0,0,0,0,0,0,0,0
material-theme/vsc-material-theme,3f9c09f0ba034898a4f49982dc3cb8ad877d58af,vsc-material-theme,31.12.0,3.7.4,1578517682,30,0,0,0,0,0,0,0,0,0,0,0,0,0
material-theme/vsc-material-theme,3a22f8d428f8828afc543af27f27246a13a4b0fc,vsc-material-theme,31.12.0,3.7.4,1578606835,30,0,0,0,0,0,0,0,0,0,0,0,0,0
material-theme/vsc-material-theme,59928a888ef2cfecb8c73efba2e9e6b085213769,vsc-material-theme,31.12.0,3.7.4,1578650245,30,0,0,0,0,0,0,0,0,0,0,0,0,0
material-theme/vsc-material-theme,eb568d790aba041489521cc91227d367bb35f2ea,vsc-material-theme,31.12.0,3.7.4,1578650256,30,0,0,0,0,0,0,0,0,0,0,0,0,0
material-theme/vsc-material-theme,5b330611cd0e96e8a903da729bff5ab77746d62f,vsc-material-theme,31.13.0,3.7.4,1578650453,30,0,0,0,0,0,0,0,0,0,0,0,0,0
material-theme/vsc-material-theme,7c057e59fc695147f6becbb25b2a22f91f5ac1cc,vsc-material-theme,31.13.0,3.7.4,1578664025,30,0,0,0,0,0,0,0,0,0,0,0,0,0
material-theme/vsc-material-theme,397fd8255a4a016c0c4f0f2708981e1f8f590d9b,vsc-material-theme,31.13.0,3.7.4,1578665303,30,0,0,0,0,0,0,0,0,0,0,0,0,0
material-theme/vsc-material-theme,935569bd357050fd50053aa102c0e7d880bcdee3,vsc-material-theme,31.14.0,3.7.4,1578665457,30,0,0,0,0,0,0,0,0,0,0,0,0,0
material-theme/vsc-material-theme,00e0155b30fc5925729e372178a48ec13a8c19de,vsc-material-theme,31.14.0,3.7.4,1578677157,30,0,0,0,0,0,0,0,0,0,0,0,0,0
material-theme/vsc-material-theme,100d460a9e4e4e6573028bc130a3fc03cae89116,vsc-material-theme,31.15.0,3.7.4,1578677189,30,0,0,0,0,0,0,0,0,0,0,0,0,0
material-theme/vsc-material-theme,874ddcf2a1030d20e4451f86a70e9e8d4b0f8020,vsc-material-theme,31.15.0,3.7.4,1578696448,30,0,0,0,0,0,0,0,0,0,0,0,0,0
material-theme/vsc-material-theme,cb2f0b25762b3af43021965b7fdb902b4fd78c04,vsc-material-theme,31.15.0,3.7.4,1578696469,30,0,0,0,0,0,0,0,0,0,0,0,0,0
material-theme/vsc-material-theme,f840abba8ccdbff905da3c772acfd80e5a52cc86,vsc-material-theme,31.16.0,3.7.4,1578697801,30,0,0,0,0,0,0,0,0,0,0,0,0,0
material-theme/vsc-material-theme,e8b01ade926ba5ce0d9cda6ddea6cd7df4a8727c,vsc-material-theme,31.17.0,3.7.4,1578698279,30,0,0,0,0,0,0,0,0,0,0,0,0,0
material-theme/vsc-material-theme,8ea50edd07c38cd8f914eec8d70267c431d29758,vsc-material-theme,31.2.0,3.7.4,1578698328,30,0,0,0,0,0,0,0,0,0,0,0,0,0
material-theme/vsc-material-theme,90d5073ca29ef73c77ebee56a8e1a2ad1b67f85c,vsc-material-theme,31.2.0,3.7.4,1578698393,30,0,0,0,0,0,0,0,0,0,0,0,0,0
material-theme/vsc-material-theme,e8d159373a94a200a12a16de1dcdbc25e27cd487,vsc-material-theme,31.3.0,3.7.4,1578698464,30,0,0,0,0,0,0,0,0,0,0,0,0,0
material-theme/vsc-material-theme,37f735171718e5cab28ddbf2b27127804adc9330,vsc-material-theme,32.0.0,3.7.4,1578698511,30,0,0,0,0,0,0,0,0,0,0,0,0,0
material-theme/vsc-material-theme,68b1afe566068ea149af79b99001f13c52f4627e,vsc-material-theme,32.0.0,3.7.4,1578735957,30,0,0,0,0,0,0,0,0,0,0,0,0,0
material-theme/vsc-material-theme,ebbec3250c8de84d3bbaf0a4739cea2c710696ee,vsc-material-theme,32.0.0,3.7.4,1578913288,30,0,0,0,0,0,0,0,0,0,0,0,0,0
material-theme/vsc-material-theme,0f461804d490b2057a0132e5fbc7e01736e22b1a,vsc-material-theme,32.1.0,3.7.4,1579035148,30,0,0,0,0,0,0,0,0,0,0,0,0,0
material-theme/vsc-material-theme,ece6694bde29c9812f3dc7038a1b8434c89b68a9,vsc-material-theme,32.1.0,3.7.4,1579037096,30,0,0,0,0,0,0,0,0,0,0,0,0,0
material-theme/vsc-material-theme,df892e4ae4319fca39e5e14b76953657ba8ecbc2,vsc-material-theme,32.1.0,3.7.4,1579116322,30,0,0,0,0,0,0,0,0,0,0,0,0,0
material-theme/vsc-material-theme,50f401af4847146d9883fdcb84aa7d1e32dc2556,vsc-material-theme,32.1.0,3.7.4,1579116342,30,0,0,0,0,0,0,0,0,0,0,0,0,0
material-theme/vsc-material-theme,7276847668c72e4bf9c19d4703dbbc39ddc049ea,vsc-material-theme,32.2.0,3.7.4,1579116390,30,0,0,0,0,0,0,0,0,0,0,0,0,0
material-theme/vsc-material-theme,02b0ba509dd34148b8b72b31a763474d2dcadfba,vsc-material-theme,32.2.0,3.7.4,1579203594,30,0,0,0,0,0,0,0,0,0,0,0,0,0
material-theme/vsc-material-theme,2d2c7fb489f036f8bfa6af5d76ce99818c5f9e27,vsc-material-theme,32.2.0,3.7.4,1579203610,30,0,0,0,0,0,0,0,0,0,0,0,0,0
material-theme/vsc-material-theme,5e74b45cc9296544fc4171192474a3fc8f99f373,vsc-material-theme,32.3.0,3.7.4,1579203666,30,0,0,0,0,0,0,0,0,0,0,0,0,0
material-theme/vsc-material-theme,68258433cd912fbc8cc089659466ad4db90f97d1,vsc-material-theme,32.3.0,3.7.4,1579206255,30,0,0,0,0,0,0,0,0,0,0,0,0,0
material-theme/vsc-material-theme,88c079e7c2137a09fde677aab54823f72bd767ea,vsc-material-theme,32.4.0,3.7.4,1579206474,30,0,0,0,0,0,0,0,0,0,0,0,0,0
material-theme/vsc-material-theme,99b67605eee36834eb1bd1606433a2f7b3647760,vsc-material-theme,32.4.0,3.7.4,1581767938,30,0,0,0,0,0,0,0,0,0,0,0,0,0
material-theme/vsc-material-theme,20b2a0aac070b7625c96a1ce922093dcb198c84f,vsc-material-theme,32.5.0,3.7.4,1581769665,30,0,0,0,0,0,0,0,0,0,0,0,0,0
material-theme/vsc-material-theme,732cfa9290c62644081ffa76b360de0c21632e33,vsc-material-theme,32.5.0,3.7.4,1581769738,30,0,0,0,0,0,0,0,0,0,0,0,0,0
material-theme/vsc-material-theme,8e1f940b5be078a76ab1974f9c983fa904b4429c,vsc-material-theme,32.5.0,3.7.4,1582325765,30,0,0,0,0,0,0,0,0,0,0,0,0,0
material-theme/vsc-material-theme,710f09ebe0a2b2f36a43799628a318258fcbadbe,vsc-material-theme,32.5.0,3.7.4,1584470580,30,0,0,0,0,0,0,0,0,0,0,0,0,0
material-theme/vsc-material-theme,05386aa3be324014c84bcd71d12699b3d02929dd,vsc-material-theme,32.5.0,3.7.4,1584470655,30,0,0,0,0,0,0,0,0,0,0,0,0,0
material-theme/vsc-material-theme,251f601cfd610cbcde71634332d9d04c4b410617,vsc-material-theme,32.5.0,3.7.4,1587669715,30,0,0,0,0,0,0,0,0,0,0,0,0,0
material-theme/vsc-material-theme,f20cb7674184bfff9ba259b30547d0b27edd9052,vsc-material-theme,32.5.0,3.7.4,1587671802,30,0,0,0,0,0,0,0,0,0,0,0,0,0
material-theme/vsc-material-theme,8144dad2c5250739032e9993306e1dd2c659068e,vsc-material-theme,32.6.0,3.7.4,1587671838,30,0,0,0,0,0,0,0,0,0,0,0,0,0
material-theme/vsc-material-theme,565d3dfc22efad444f7b4d0607b776513fd85c63,vsc-material-theme,32.6.0,3.7.4,1587671923,30,0,0,0,0,0,0,0,0,0,0,0,0,0
material-theme/vsc-material-theme,7b5165d167c8a74d9d8bbc5f9fc8d83c619e66ed,vsc-material-theme,32.6.0,3.7.4,1587743352,30,0,0,0,0,0,0,0,0,0,0,0,0,0
material-theme/vsc-material-theme,d8a99e504c1fa635852cff71f108e6f945eb0021,vsc-material-theme,32.6.0,3.7.4,1588798807,30,0,0,0,0,0,0,0,0,0,0,0,0,0
material-theme/vsc-material-theme,f071ccff6b2640e51474c246a741fc77906b7e87,vsc-material-theme,32.6.0,3.7.4,1589550276,30,0,0,0,0,0,0,0,0,0,0,0,0,0
material-theme/vsc-material-theme,8d87d6ecead323f606ad6aad8bf612d6bddc65fb,vsc-material-theme,32.6.0,3.7.4,1589560550,30,0,0,0,0,0,0,0,0,0,0,0,0,0
material-theme/vsc-material-theme,42a86d3b9f978c1ef69293988261bc572a65bc03,vsc-material-theme,32.6.0,3.7.4,1589560624,30,0,0,0,0,0,0,0,0,0,0,0,0,0
material-theme/vsc-material-theme,3c09e09b2571c368263dbb88c085828124ccc092,vsc-material-theme,32.6.0,3.7.4,1589560721,30,0,0,0,0,0,0,0,0,0,0,0,0,0
material-theme/vsc-material-theme,04d220eda7540cc7e872bcd9a0cd5416cb0aadeb,vsc-material-theme,32.6.0,3.9.5,1593074059,30,0,0,0,0,0,0,0,0,0,0,0,0,0
material-theme/vsc-material-theme,81549bdb4a6cfb811ebeba6b510a63a2bf7a9dc6,vsc-material-theme,32.6.0,3.9.5,1593191573,30,0,0,0,0,0,0,0,0,0,0,0,0,0
material-theme/vsc-material-theme,bfefcf46a918063a431d07ebb702e36ce6af5131,vsc-material-theme,32.6.0,3.9.5,1593191589,30,0,0,0,0,0,0,0,0,0,0,0,0,0
material-theme/vsc-material-theme,e6d8c3f27344f56269d89612d4c2cbf4b5b01e4f,vsc-material-theme,32.6.0,3.9.5,1593193208,30,0,0,0,0,0,0,0,0,0,0,0,0,0
material-theme/vsc-material-theme,7385d8c0e4d98c779ce8e078237170bfa51bb342,vsc-material-theme,32.6.0,3.9.5,1593193389,30,0,0,0,0,0,0,0,0,0,0,0,0,0
material-theme/vsc-material-theme,61f159ce2ef4a59ded2b3e162907d4e633fcbbd9,vsc-material-theme,32.7.0,3.9.5,1593193825,30,0,0,0,0,0,0,0,0,0,0,0,0,0
material-theme/vsc-material-theme,b43d90ee7e396860fb4619d1aabb9ff4640c7377,vsc-material-theme,32.8.0,3.9.5,1593196004,30,0,0,0,0,0,0,0,0,0,0,0,0,0
material-theme/vsc-material-theme,86fc9b0a4db064a14032421cc4063ecb3c0f00cc,vsc-material-theme,32.8.0,3.9.5,1594983970,30,0,0,0,0,0,0,0,0,0,0,0,0,0
material-theme/vsc-material-theme,a2e6ecb1fec591b4ddb9162dec914d08e6c9e494,vsc-material-theme,32.8.0,3.9.5,1596191131,30,0,0,0,0,0,0,0,0,0,0,0,0,0
material-theme/vsc-material-theme,d8d66479304d0936f2824584b097ad1f9ca31e71,vsc-material-theme,32.8.0,3.9.5,1596440172,30,0,0,0,0,0,0,0,0,0,0,0,0,0
material-theme/vsc-material-theme,bbb44778a21ab661a921f2dc5072f9f6b91de76f,vsc-material-theme,32.8.0,3.9.5,1596440176,30,0,0,0,0,0,0,0,0,0,0,0,0,0
material-theme/vsc-material-theme,3c202e3b6f6052156af42c594c85bdf77181ae44,vsc-material-theme,32.8.0,3.9.5,1596440219,30,0,0,0,0,0,0,0,0,0,0,0,0,0
material-theme/vsc-material-theme,783119e249d74ab110296087f3d357899324faa5,vsc-material-theme,32.8.0,3.9.5,1598784192,30,0,0,0,0,0,0,0,0,0,0,0,0,0
material-theme/vsc-material-theme,5f6ef854a3e2cd95d4aacbe46029950811b3c6fd,vsc-material-theme,32.8.0,3.9.5,1599288590,30,0,0,0,0,0,0,0,0,0,0,0,0,0
material-theme/vsc-material-theme,d8c63c907177bdc3521e456d8655820107ac2898,vsc-material-theme,32.8.0,3.9.5,1599289037,30,0,0,0,0,0,0,0,0,0,0,0,0,0
material-theme/vsc-material-theme,05ab772c49a3b6ad63aea4c0db63720236c4394b,vsc-material-theme,32.8.0,3.9.5,1599289124,30,0,0,0,0,0,0,0,0,0,0,0,0,0
material-theme/vsc-material-theme,8db22e5d2c6c09e0040d07b94f507136f9395967,vsc-material-theme,32.8.0,3.9.5,1599289509,30,0,0,0,0,0,0,0,0,0,0,0,0,0
material-theme/vsc-material-theme,edd51afb5dfdd2ef2b5329ca59453b1106f63465,vsc-material-theme,32.7.0,3.9.5,1599289638,30,0,0,0,0,0,0,0,0,0,0,0,0,0
material-theme/vsc-material-theme,e2977fbd9b1daf0650cc915d0a2ce4bea15196db,vsc-material-theme,32.7.0,3.9.5,1599290325,30,0,0,0,0,0,0,0,0,0,0,0,0,0
material-theme/vsc-material-theme,edc0dad593ed780b5be57ec06669891661bbaedb,vsc-material-theme,32.7.0,3.9.5,1599291152,30,0,0,0,0,0,0,0,0,0,0,0,0,0
material-theme/vsc-material-theme,8009e092cb299e9d69b0642932929bcc7f367b97,vsc-material-theme,32.7.0,3.9.5,1599291315,30,0,0,0,0,0,0,0,0,0,0,0,0,0
material-theme/vsc-material-theme,bb9a172cad7e9b3a55d5b76f8816ed2c498dc517,vsc-material-theme,32.7.0,3.9.5,1599291835,30,0,0,0,0,0,0,0,0,0,0,0,0,0
material-theme/vsc-material-theme,13554ca10a5015cf48634b7d8dc038b29d604232,vsc-material-theme,32.8.0,3.9.5,1599291851,30,0,0,0,0,0,0,0,0,0,0,0,0,0
material-theme/vsc-material-theme,de4ee1eceb337ee086eccccb7a7a591d9612193b,vsc-material-theme,32.8.0,3.9.5,1599291947,30,0,0,0,0,0,0,0,0,0,0,0,0,0
material-theme/vsc-material-theme,125edd9de5747cb0946010d58854364bcf6c061f,vsc-material-theme,32.9.0,3.9.5,1599291958,30,0,0,0,0,0,0,0,0,0,0,0,0,0
material-theme/vsc-material-theme,aa08af5d6a2a2b0161a28cf4047af50d686e1e9e,vsc-material-theme,32.9.0,3.9.5,1599292147,30,0,0,0,0,0,0,0,0,0,0,0,0,0
material-theme/vsc-material-theme,d6662f5d5484ebea52a4b1f3a8eba9da6e2540f8,vsc-material-theme,33.0.0,3.9.5,1599292252,30,0,0,0,0,0,0,0,0,0,0,0,0,0
material-theme/vsc-material-theme,25f2a2fef3b8230b719676fbfb89367b5211533e,vsc-material-theme,33.0.0,3.9.5,1599295020,30,0,0,0,0,0,0,0,0,0,0,0,0,0
material-theme/vsc-material-theme,07de076610d564b341bb2a07e00391bfc0b42431,vsc-material-theme,33.0.0,3.9.5,1599295029,30,0,0,0,0,0,0,0,0,0,0,0,0,0
material-theme/vsc-material-theme,58d80a8df65a20852f8bfe62b6f077a26cfd907b,vsc-material-theme,33.0.0,3.9.5,1599299317,30,0,0,0,0,0,0,0,0,0,0,0,0,0
material-theme/vsc-material-theme,596b6e68a95b13c1809e16db7f89b0491f48f804,vsc-material-theme,33.0.0,3.9.5,1599766724,30,0,0,0,0,0,0,0,0,0,0,0,0,0
material-theme/vsc-material-theme,4c57913f4187391fa59c54ca4c1a00ead4bfd3cd,vsc-material-theme,33.0.0,3.9.5,1600335623,30,0,0,0,0,0,0,0,0,0,0,0,0,0
material-theme/vsc-material-theme,cc94605a9ae4dfd7e389f0dce75f14d402c6a3c8,vsc-material-theme,33.0.0,3.9.5,1600335639,30,0,0,0,0,0,0,0,0,0,0,0,0,0
material-theme/vsc-material-theme,4273eb3849ca745760e7447a01ddc388bca674d2,vsc-material-theme,33.0.0,3.9.5,1600335753,30,0,0,0,0,0,0,0,0,0,0,0,0,0
material-theme/vsc-material-theme,1bc0c9e4253e3b0b3f9498a107faff972e65d8d2,vsc-material-theme,33.0.0,3.9.5,1601493069,30,0,0,0,0,0,0,0,0,0,0,0,0,0
material-theme/vsc-material-theme,c8ee19d1aa4e87acd674df06a43cf1272c3151ba,vsc-material-theme,33.0.0,3.9.5,1606494364,30,0,0,0,0,0,0,0,0,0,0,0,0,0
material-theme/vsc-material-theme,667985a0b18020063c26ec5517be428c7265e0f1,vsc-material-theme,33.0.0,3.9.5,1607936488,30,0,0,0,0,0,0,0,0,0,0,0,0,0
material-theme/vsc-material-theme,f09de7a2970defaed43d8e293b4d3ac4e350e71b,vsc-material-theme,33.0.0,4.1.3,1607962278,30,0,0,0,0,0,0,0,0,0,0,0,0,0
material-theme/vsc-material-theme,66d822099b5402e54313c328b4367eee8f97d682,vsc-material-theme,33.1.0,4.1.3,1607962688,30,0,0,0,0,0,0,0,0,0,0,0,0,0
material-theme/vsc-material-theme,1f2b8b97df779bf07b76e96f9692c0c3bdcde7ad,vsc-material-theme,33.1.0,4.1.3,1607963658,30,0,0,0,0,0,0,0,0,0,0,0,0,0
material-theme/vsc-material-theme,4faf80eaaa56bdfb84db491861f74b600b3e7adf,vsc-material-theme,33.1.1,4.1.3,1607963772,30,0,0,0,0,0,0,0,0,0,0,0,0,0
material-theme/vsc-material-theme,c0b096c5f07e2a313722af1fa73ead1a7e33912b,vsc-material-theme,33.1.1,4.1.3,1607966456,30,0,0,0,0,0,0,0,0,0,0,0,0,0
material-theme/vsc-material-theme,28b3a61ce3a154cad1aca2449571b3ced3b00cd6,vsc-material-theme,33.1.1,4.1.3,1607966547,30,0,0,0,0,0,0,0,0,0,0,0,0,0
material-theme/vsc-material-theme,45a2a38cf3f25eeef26417b87a4f49e0c96d87ca,vsc-material-theme,33.1.2,4.1.3,1607966560,30,0,0,0,0,0,0,0,0,0,0,0,0,0
material-theme/vsc-material-theme,8aa80aa5c4ca5d61ce954019f60d658db604a201,vsc-material-theme,33.1.2,4.1.3,1613239435,30,0,0,0,0,0,0,0,0,0,0,0,0,0
material-theme/vsc-material-theme,4445f3db12fb77060bdbeeb4ffca0e59f849200e,vsc-material-theme,33.1.2,4.1.3,1613751585,30,0,0,0,0,0,0,0,0,0,0,0,0,0
material-theme/vsc-material-theme,c45f147ce2e7cc3e9592a6520170c5a657d92e38,vsc-material-theme,33.1.2,4.1.3,1615384567,30,0,0,0,0,0,0,0,0,0,0,0,0,0
material-theme/vsc-material-theme,94a98fec8263cb47bd9df79344b4b6c3e86d3903,vsc-material-theme,33.1.2,4.1.3,1615384579,30,0,0,0,0,0,0,0,0,0,0,0,0,0
material-theme/vsc-material-theme,420341c3837f830a1be1acfcd17a0fc28c13f06d,vsc-material-theme,33.1.2,4.1.3,1615406807,30,0,0,0,0,0,0,0,0,0,0,0,0,0
material-theme/vsc-material-theme,bd2b23af8ff0163cd49d2c9c2771142c2493e18d,vsc-material-theme,33.2.0,4.1.3,1615407083,30,0,0,0,0,0,0,0,0,0,0,0,0,0
material-theme/vsc-material-theme,7241a14f02e54b4d69ee8f0b7a5bf827f43fdf96,vsc-material-theme,33.2.1,4.1.3,1615796009,30,0,0,0,0,0,0,0,0,0,0,0,0,0
material-theme/vsc-material-theme,a1f39ec04669458aa8669dce5ad8af15bb177c30,vsc-material-theme,33.2.1,4.1.3,1615830637,30,0,0,0,0,0,0,0,0,0,0,0,0,0
material-theme/vsc-material-theme,497cb3a3b106e4b732d2ee027deda6ef444bf284,vsc-material-theme,33.2.2,4.1.3,1615830651,30,0,0,0,0,0,0,0,0,0,0,0,0,0
material-theme/vsc-material-theme,f64088c183b04b19b8260e4a2cb18b3a6a7235be,vsc-material-theme,33.2.2,4.1.3,1618409814,30,0,0,0,0,0,0,0,0,0,0,0,0,0
material-theme/vsc-material-theme,d8e1accd08a55948174410a470e1f1fc9889d6f6,vsc-material-theme,33.2.2,4.1.3,1618836524,30,0,0,0,0,0,0,0,0,0,0,0,0,0
material-theme/vsc-material-theme,f3cd5004e46ab274161fdf1b15a9b30431ef5ab8,vsc-material-theme,33.2.2,4.1.3,1620375375,30,0,0,0,0,0,0,0,0,0,0,0,0,0
material-theme/vsc-material-theme,1463653c8158354ef953dc8fb6280ddb0ad73d35,vsc-material-theme,33.2.2,4.1.3,1620375469,30,0,0,0,0,0,0,0,0,0,0,0,0,0
material-theme/vsc-material-theme,1000304751916647bd459f6f544145a551ed6c09,vsc-material-theme,33.2.2,4.1.3,1620378534,30,0,0,0,0,0,0,0,0,0,0,0,0,0
material-theme/vsc-material-theme,9ab07f1c4ab80963f015e35ab4eb805ad05c401c,vsc-material-theme,33.2.2,4.1.3,1620378545,30,0,0,0,0,0,0,0,0,0,0,0,0,0
material-theme/vsc-material-theme,7d954f5b496f8710ed45d4b09829b7f00ce3b1e7,vsc-material-theme,33.2.2,4.1.3,1620417535,30,0,0,0,0,0,0,0,0,0,0,0,0,0
material-theme/vsc-material-theme,a1b2331583d3485cb82c4e9d6c55726a965aa770,vsc-material-theme,33.2.2,4.1.3,1623265618,30,0,0,0,0,0,0,0,0,0,0,0,0,0
material-theme/vsc-material-theme,d251d5200fab401f499b4e9072abfc8094f27767,vsc-material-theme,33.2.2,4.1.3,1629098082,30,0,0,0,0,0,0,0,0,0,0,0,0,0
material-theme/vsc-material-theme,760ade289a31070dc812a5309f98119a910fc358,vsc-material-theme,33.2.2,4.1.3,1631529876,30,0,0,0,0,0,0,0,0,0,0,0,0,0
material-theme/vsc-material-theme,5d22b51ecd892a0196abcdc58b775f804a193ab2,vsc-material-theme,33.2.2,4.1.3,1631531243,30,0,0,0,0,0,0,0,0,0,0,0,0,0
material-theme/vsc-material-theme,790fc5d2872f10d5a903f449c90c1fa1502d7e53,vsc-material-theme,33.2.2,4.1.3,1633020756,30,0,0,0,0,0,0,0,0,0,0,0,0,0
material-theme/vsc-material-theme,028d0b084a86d7735fbc45166fbf9cedcb4f45d2,vsc-material-theme,33.2.2,4.1.3,1642094731,30,0,0,0,0,0,0,0,0,0,0,0,0,0
material-theme/vsc-material-theme,68e8e7cfa81f746ddf28cb44568df121da05876c,vsc-material-theme,33.2.2,4.1.3,1646211682,30,0,0,0,0,0,0,0,0,0,0,0,0,0
material-theme/vsc-material-theme,e439088839b1503ae4faf85a68ddf1612d4c2f26,vsc-material-theme,33.3.0,4.1.3,1646211822,30,0,0,0,0,0,0,0,0,0,0,0,0,0
material-theme/vsc-material-theme,c40e49047d63eabe40c55c8cee45966f633cac14,vsc-material-theme,33.3.0,4.1.3,1646296687,30,0,0,0,0,0,0,0,0,0,0,0,0,0
material-theme/vsc-material-theme,5162e9c84235104a72c807a90ad65a225236323c,vsc-material-theme,33.4.0,4.1.3,1646296697,30,0,0,0,0,0,0,0,0,0,0,0,0,0
material-theme/vsc-material-theme,2221604533468fb1f11c8249d02fceffe80aabee,vsc-material-theme,33.4.0,4.1.3,1650470093,30,0,0,0,0,0,0,0,0,0,0,0,0,0
material-theme/vsc-material-theme,58123b4ce813c409b06972d7550ccbb4df3d8589,vsc-material-theme,33.4.0,4.1.3,1654967534,30,0,0,0,0,0,0,0,0,0,0,0,0,0
material-theme/vsc-material-theme,91fb303c2a4c5c7042d7311e4e18f5877ceef73c,vsc-material-theme,33.5.0,4.1.3,1654967560,30,0,0,0,0,0,0,0,0,0,0,0,0,0
material-theme/vsc-material-theme,631bf742bd37e8112876a5083d47c9638ccb9a53,vsc-material-theme,33.5.0,4.1.3,1654967991,30,0,0,0,0,0,0,0,0,0,0,0,0,0
material-theme/vsc-material-theme,6a6ca572e1742bb556f73d07d0eb629a698bc30a,vsc-material-theme,33.5.0,4.1.3,1659339489,30,0,0,0,0,0,0,0,0,0,0,0,0,0
material-theme/vsc-material-theme,a0079e8d0cc8711cd81d410827fcc16bcb1f9e6b,vsc-material-theme,33.5.0,4.1.3,1659339706,30,0,0,0,0,0,0,0,0,0,0,0,0,0
material-theme/vsc-material-theme,0f07c77b82610a163dbb3266af967d2c28af4d58,vsc-material-theme,33.5.0,4.1.3,1669882260,30,0,0,0,0,0,0,0,0,0,0,0,0,0
material-theme/vsc-material-theme,f348987eec593ae3206122e1983210bda944c861,vsc-material-theme,33.5.0,4.1.3,1669910699,30,0,0,0,0,0,0,0,0,0,0,0,0,0
material-theme/vsc-material-theme,32c99a959c0ca54d942d6a3b5b74f3c5e5c9644b,vsc-material-theme,33.5.0,4.1.3,1669910903,30,0,0,0,0,0,0,0,0,0,0,0,0,0
material-theme/vsc-material-theme,8d3afcc104976d74631a29f11b404b19c02ffd64,vsc-material-theme,33.5.0,4.1.3,1669911546,30,0,0,0,0,0,0,0,0,0,0,0,0,0
material-theme/vsc-material-theme,6c148424e7c179a903034af2fba6d574abfbbb87,vsc-material-theme,33.5.0,4.1.3,1669911902,30,0,0,0,0,0,0,0,0,0,0,0,0,0
material-theme/vsc-material-theme,77ef274a9840c29846dfac4181b380fbf77ffa18,vsc-material-theme,33.5.0,4.1.3,1669912850,30,0,0,0,0,0,0,0,0,0,0,0,0,0
material-theme/vsc-material-theme,e461570d0969bd856aa691aa180cbc1922ecc16e,vsc-material-theme,33.5.0,4.1.3,1669913438,30,0,0,0,0,0,0,0,0,0,0,0,0,0
material-theme/vsc-material-theme,a679160e88ef97ec92a1ea4cb0977e013c4ffa87,vsc-material-theme,33.5.0,4.1.3,1669913463,30,0,0,0,0,0,0,0,0,0,0,0,0,0
material-theme/vsc-material-theme,f07bc1568283956074c82fb85d8dc1701b4da2fb,vsc-material-theme,33.6.0,4.1.3,1669913832,30,0,0,0,0,0,0,0,0,0,0,0,0,0
material-theme/vsc-material-theme,5f82d79866730ea8ab2b326e55250c8bfb14f0b1,vsc-material-theme,33.6.0,4.1.3,1669915224,30,0,0,0,0,0,0,0,0,0,0,0,0,0
material-theme/vsc-material-theme,5ad51973708e9efe4cf0750921b10debedaa84da,vsc-material-theme,33.6.0,4.1.3,1669918004,30,0,0,0,0,0,0,0,0,0,0,0,0,0
material-theme/vsc-material-theme,071535d877221135607d5d8491383555f4c79ecc,vsc-material-theme,33.7.0,4.1.3,1669918541,30,0,0,0,0,0,0,0,0,0,0,0,0,0
material-theme/vsc-material-theme,3340083288ebf5c6e3e1e1a26a1db1e561edacad,vsc-material-theme,33.6.0,4.1.3,1669918590,30,0,0,0,0,0,0,0,0,0,0,0,0,0
material-theme/vsc-material-theme,c263e1b9f9f11e2647dbf0b73af322d1f1366a9b,vsc-material-theme,33.6.0,4.1.3,1669918745,30,0,0,0,0,0,0,0,0,0,0,0,0,0
