millsp/ts-toolbelt,f9dbb4618dbe79fbcd1ad0363d6c77bd3cc63530,ts-toolbelt,6.1.4,next,1577872538,256,0,0,0,0,0,0,0,0,0,0,0,0,0
millsp/ts-toolbelt,9b2dfe8d777dde87550da690aa147f0f9090a582,ts-toolbelt,6.1.4,next,1577876081,255,0,0,0,0,0,0,0,0,0,0,0,0,0
millsp/ts-toolbelt,adff960e74d39f91c671648144116df4ceeafcd2,ts-toolbelt,6.1.4,next,1577877574,255,0,0,0,0,0,0,0,0,0,0,0,0,0
millsp/ts-toolbelt,954f240373299cc0d02ab47cebc2360e7674e6df,ts-toolbelt,6.1.4,next,1577877691,255,0,0,0,0,0,0,0,0,0,0,0,0,0
millsp/ts-toolbelt,08738eb385730f3b47fa78110136f1addf2f3487,ts-toolbelt,6.1.4,next,1577878047,255,0,0,0,0,0,0,0,0,0,0,0,0,0
millsp/ts-toolbelt,cfaaac787d3d897f5ae7f3e09a492098dffa3e8b,ts-toolbelt,6.1.4,next,1577879968,255,0,0,0,0,0,0,0,0,0,0,0,0,0
millsp/ts-toolbelt,a19b22093c0505b2df1c255d8cde63071ed41b65,ts-toolbelt,6.1.5,next,1577879989,255,0,0,0,0,0,0,0,0,0,0,0,0,0
millsp/ts-toolbelt,811892a29ed1c182975224242409889db39b9794,ts-toolbelt,6.1.5,next,1578572399,255,0,0,0,0,0,0,0,0,0,0,0,0,0
millsp/ts-toolbelt,e73dda838569e3c07c8b14658e30b2a4936c4111,ts-toolbelt,6.1.5,next,1578573531,255,0,0,0,0,0,0,0,0,0,0,0,0,0
millsp/ts-toolbelt,9a906d2286ce586219a6150edb20915b469bb4c2,ts-toolbelt,6.1.6,next,1578573561,255,0,0,0,0,0,0,0,0,0,0,0,0,0
millsp/ts-toolbelt,e64e7ada991736b16bad09ae411549bce506d876,ts-toolbelt,6.1.6,next,1579816136,255,0,0,0,0,0,0,0,0,0,0,0,0,0
millsp/ts-toolbelt,f4429062670549cff57a5fdb7db73ad2246c3c4a,ts-toolbelt,6.1.7,next,1579816846,255,0,0,0,0,0,0,0,0,0,0,0,0,0
millsp/ts-toolbelt,76ad1e70f4bf7923e6ce19a0332b37d39cf516ad,ts-toolbelt,6.1.7,next,1580388040,255,0,0,0,0,0,0,0,0,0,0,0,0,0
millsp/ts-toolbelt,e453271e19dd604a2480318d504df990cc0f8e91,ts-toolbelt,6.1.8,next,1580388063,255,0,0,0,0,0,0,0,0,0,0,0,0,0
millsp/ts-toolbelt,55364f47b66a54faa724d7b8dcbe728ee2fe40cf,ts-toolbelt,6.1.9,next,1580388550,255,0,0,0,0,0,0,0,0,0,0,0,0,0
millsp/ts-toolbelt,98122dcb7e254b13c2922538132061a8bb8e1f73,ts-toolbelt,6.1.10,next,1580388568,255,0,0,0,0,0,0,0,0,0,0,0,0,0
millsp/ts-toolbelt,2a60c37fe88cd4c909cb2fc5317992ed466b067b,ts-toolbelt,6.1.10,next,1580388743,255,0,0,0,0,0,0,0,0,0,0,0,0,0
millsp/ts-toolbelt,b0e2fd7025287d9a76093fee85e16482c4b3220a,ts-toolbelt,6.1.11,next,1580388766,255,0,0,0,0,0,0,0,0,0,0,0,0,0
millsp/ts-toolbelt,77ad5f6b02c3f6bc51c05524984a0e5dc3df0c37,ts-toolbelt,6.1.11,next,1580495849,255,0,0,0,0,0,0,0,0,0,0,0,0,0
millsp/ts-toolbelt,f4eb8d31e928f3aedc4914d966d84bd7aa70ad90,ts-toolbelt,6.1.11,next,1580497187,255,0,0,0,0,0,0,0,0,0,0,0,0,0
millsp/ts-toolbelt,10c2f09f6d91e40687196c2c2b10026b495c74c7,ts-toolbelt,6.1.12,next,1580497205,255,0,0,0,0,0,0,0,0,0,0,0,0,0
millsp/ts-toolbelt,f88c2563e8a4cdf80cba440c53bd5af78cf22a26,ts-toolbelt,6.1.12,next,1580497842,255,0,0,0,0,0,0,0,0,0,0,0,0,0
millsp/ts-toolbelt,7dd198c4fa44af8fcfa21f5bb8362f7fc0742e3d,ts-toolbelt,6.1.12,next,1580506917,255,0,0,0,0,0,0,0,0,0,0,0,0,0
millsp/ts-toolbelt,41e4a04b31154a4c9c0cf4cd24e199e4c1930f17,ts-toolbelt,6.1.13,next,1580506941,255,0,0,0,0,0,0,0,0,0,0,0,0,0
millsp/ts-toolbelt,f19fed09570b38734ab6e4c6c8a364a1f259a7a3,ts-toolbelt,6.1.13,next,1581605307,255,0,0,0,0,0,0,0,0,0,0,0,0,0
millsp/ts-toolbelt,7c684b4734dc7ee04a2e33ea3e02b1c6046c41f0,ts-toolbelt,6.2.0,next,1581605380,255,0,0,0,0,0,0,0,0,0,0,0,0,0
millsp/ts-toolbelt,460d9eaca50187f194a8174d91044da3357c9ba5,ts-toolbelt,6.2.0,next,1581860686,259,0,0,0,0,0,0,0,0,0,0,0,0,0
millsp/ts-toolbelt,cd257b43c729a2f3e7489fc9cf1eacd5dc105ad3,ts-toolbelt,6.3.0,next,1581860706,259,0,0,0,0,0,0,0,0,0,0,0,0,0
millsp/ts-toolbelt,a5dfe122803ddf2460cc1d04d19c43415c8c5175,ts-toolbelt,6.3.0,next,1581945822,259,0,0,0,0,0,0,0,0,0,0,0,0,0
millsp/ts-toolbelt,cdf8069a1958461bec4dc684b68f789826eb4c37,ts-toolbelt,6.3.0,next,1582196440,259,0,0,0,0,0,0,0,0,0,0,0,0,0
millsp/ts-toolbelt,aeacb896e4a7396bfde06e8be7db9534c091ed5f,ts-toolbelt,6.3.1,next,1582196471,259,0,0,0,0,0,0,0,0,0,0,0,0,0
millsp/ts-toolbelt,c1ccf3d4c465e6315e4b536e8c51b46cba7e3d2b,ts-toolbelt,6.3.1,next,1582475104,259,0,0,0,0,0,0,0,0,0,0,0,0,0
millsp/ts-toolbelt,30fd1f440bda0bac108bc8ee282d217007612328,ts-toolbelt,6.3.2,next,1582475123,259,0,0,0,0,0,0,0,0,0,0,0,0,0
millsp/ts-toolbelt,336cb06a816529c3777d2d61056bf94fed7547f7,ts-toolbelt,6.3.2,next,1582723887,259,0,0,0,0,0,0,0,0,0,0,0,0,0
millsp/ts-toolbelt,aff74d83310ef01e74045a9fbd575c35366a287a,ts-toolbelt,6.3.2,next,1582723964,259,0,0,0,0,0,0,0,0,0,0,0,0,0
millsp/ts-toolbelt,bdc9dd92d91d82ef6eb7a19c0efbeb906a36f3f3,ts-toolbelt,6.3.3,next,1582723987,259,0,0,0,0,0,0,0,0,0,0,0,0,0
millsp/ts-toolbelt,8d729190d8bd7065c0bc9d113350b7522d3bf1bf,ts-toolbelt,6.3.3,next,1582724592,259,0,0,0,0,0,0,0,0,0,0,0,0,0
millsp/ts-toolbelt,b9ad3fbb4ab0ee2716cf9a2f9eb381ea9605a657,ts-toolbelt,6.3.4,next,1582724620,259,0,0,0,0,0,0,0,0,0,0,0,0,0
millsp/ts-toolbelt,336f0266d2983ab45d2c802fc850065c84fdfa0d,ts-toolbelt,6.3.4,next,1582749019,259,0,0,0,0,0,0,0,0,0,0,0,0,0
millsp/ts-toolbelt,9dc6f62a450967cec990d1a56d4d3549353545b3,ts-toolbelt,6.3.5,next,1582749039,259,0,0,0,0,0,0,0,0,0,0,0,0,0
millsp/ts-toolbelt,91aef20a67da686fda397051f467b00a43db6591,ts-toolbelt,6.3.5,next,1583839453,259,0,0,0,0,0,0,0,0,0,0,0,0,0
millsp/ts-toolbelt,4f2f2d61b9181bcf10c46dc06ae5184050127427,ts-toolbelt,6.3.6,next,1583839473,259,0,0,0,0,0,0,0,0,0,0,0,0,0
millsp/ts-toolbelt,45b7b819c731d7f836ba00cf527b062b7bd3b054,ts-toolbelt,6.3.6,next,1585736935,259,0,0,0,0,0,0,0,0,0,0,0,0,0
millsp/ts-toolbelt,9881b4a7ccf850d3ee19f70c3eefbe8dbb0b058a,ts-toolbelt,6.3.6,next,1585737316,259,0,0,0,0,0,0,0,0,0,0,0,0,0
millsp/ts-toolbelt,95fcb498fbb714690eee0eb999915ade40d2527f,ts-toolbelt,6.3.7,next,1585737339,259,0,0,0,0,0,0,0,0,0,0,0,0,0
millsp/ts-toolbelt,f853aef6315f5e48397b5b895013ec383251847c,ts-toolbelt,6.3.7,next,1585742093,259,0,0,0,0,0,0,0,0,0,0,0,0,0
millsp/ts-toolbelt,51cf4d63b59aeaeb619cc8eead27be4d3b0fa396,ts-toolbelt,6.3.8,next,1585742178,259,0,0,0,0,0,0,0,0,0,0,0,0,0
millsp/ts-toolbelt,70773915f7f7446595487695cdcaa11010b6afdc,ts-toolbelt,6.3.8,next,1585766603,259,0,0,0,0,0,0,0,0,0,0,0,0,0
millsp/ts-toolbelt,b6ed7c0d7f49fd6714a6788161e1890e4864f98a,ts-toolbelt,6.3.8,next,1585766684,259,0,0,0,0,0,0,0,0,0,0,0,0,0
millsp/ts-toolbelt,f08b76e2f9a193d36532ea7a6da894988ac9420d,ts-toolbelt,6.3.9,next,1585766721,259,0,0,0,0,0,0,0,0,0,0,0,0,0
millsp/ts-toolbelt,f46e100444ed4e4948c4bd41858a799fced9d713,ts-toolbelt,6.3.9,next,1585822049,259,0,0,0,0,0,0,0,0,0,0,0,0,0
millsp/ts-toolbelt,8527025782b6206482f17f94a341e050be430b1c,ts-toolbelt,6.3.9,next,1585823876,262,0,0,0,0,0,0,0,0,0,0,0,0,0
millsp/ts-toolbelt,0a4e966f6f36dbcec4998cfd792545e7c974fd4e,ts-toolbelt,6.3.10,next,1585823984,262,0,0,0,0,0,0,0,0,0,0,0,0,0
millsp/ts-toolbelt,256adef135bee64b78c42b900840865b35606eaf,ts-toolbelt,6.3.10,next,1585824561,262,0,0,0,0,0,0,0,0,0,0,0,0,0
millsp/ts-toolbelt,bd357392e4064377473ed6437a8c39e32a4b629a,ts-toolbelt,6.3.10,next,1585824770,262,0,0,0,0,0,0,0,0,0,0,0,0,0
millsp/ts-toolbelt,b26c9e56909aae04f64c0e2b4636f7adab52c24d,ts-toolbelt,6.3.11,next,1585824811,262,0,0,0,0,0,0,0,0,0,0,0,0,0
millsp/ts-toolbelt,3b37596648086de4b43823b38caddee22769fa71,ts-toolbelt,6.3.11,next,1586032904,262,0,0,0,0,0,0,0,0,0,0,0,0,0
millsp/ts-toolbelt,57090285b72b43eb61a5925b4a4a69617b3f3de2,ts-toolbelt,6.3.12,next,1586032961,262,0,0,0,0,0,0,0,0,0,0,0,0,0
millsp/ts-toolbelt,41b2a89b6d06983d0169b6a6f0d6eb310c7707e5,ts-toolbelt,6.3.12,next,1586511342,262,0,0,0,0,0,0,0,0,0,0,0,0,0
millsp/ts-toolbelt,1b05e95163a41db3ed74a4fa8597e567cf8b7f2e,ts-toolbelt,6.3.13,next,1586511374,262,0,0,0,0,0,0,0,0,0,0,0,0,0
millsp/ts-toolbelt,c68c6d805c692de124d921df9d3e7f3045edd6cd,ts-toolbelt,6.3.13,next,1586518982,265,0,0,0,0,0,0,0,0,0,0,0,0,0
millsp/ts-toolbelt,5297410af7f52084f56f0da2a1f60d9487c579e5,ts-toolbelt,6.3.13,next,1586530439,266,0,0,0,0,0,0,0,0,0,0,0,0,0
millsp/ts-toolbelt,8ba16fdd6abf0fcdb07a5e4a2ff5a5d021a7da32,ts-toolbelt,6.4.0,next,1586530472,266,0,0,0,0,0,0,0,0,0,0,0,0,0
millsp/ts-toolbelt,0dd5671170a4c31d13b8d0606ca2b4fdbea39b1e,ts-toolbelt,6.4.0,next,1586531814,266,0,0,0,0,0,0,0,0,0,0,0,0,0
millsp/ts-toolbelt,42f605181272a6f3c3289b5f4d9aa8e19de9ec3c,ts-toolbelt,6.4.0,next,1586531958,266,0,0,0,0,0,0,0,0,0,0,0,0,0
millsp/ts-toolbelt,5122dcf1421edc55beecc9544553261cf02ab7e5,ts-toolbelt,6.4.1,next,1586531992,266,0,0,0,0,0,0,0,0,0,0,0,0,0
millsp/ts-toolbelt,6ec2bdc062507c2d257d38e1f0826731e6418bf3,ts-toolbelt,6.4.1,next,1586553026,266,0,0,0,0,0,0,0,0,0,0,0,0,0
millsp/ts-toolbelt,92f02a6ef7a010298313969fb9ce52fa9c2afe63,ts-toolbelt,6.4.2,next,1586553057,266,0,0,0,0,0,0,0,0,0,0,0,0,0
millsp/ts-toolbelt,33f2adf717d045d1cf1c457b5f57f9c1adcb7685,ts-toolbelt,6.4.2,next,1587132031,268,0,0,0,0,0,0,0,0,0,0,0,0,0
millsp/ts-toolbelt,33242762febf8f7f7b3e2695d82ec9cdf8649c5b,ts-toolbelt,6.4.2,next,1587132064,268,0,0,0,0,0,0,0,0,0,0,0,0,0
millsp/ts-toolbelt,2ac92f06079ce3ae2742af79e6b81091a28a154b,ts-toolbelt,6.4.2,next,1587133010,268,0,0,0,0,0,0,0,0,0,0,0,0,0
millsp/ts-toolbelt,654cecb88e981bf63c6669052d8d819dd9458387,ts-toolbelt,6.4.2,next,1587133121,268,0,0,0,0,0,0,0,0,0,0,0,0,0
millsp/ts-toolbelt,b7c80dc764e7b92d2db9c66a325b3a5746218b0e,ts-toolbelt,6.5.0,next,1587133155,268,0,0,0,0,0,0,0,0,0,0,0,0,0
millsp/ts-toolbelt,ae9286971a8cfe32813d2ba37181c3f10f6e756e,ts-toolbelt,6.5.0,next,1587231782,268,0,0,0,0,0,0,0,0,0,0,0,0,0
millsp/ts-toolbelt,0d32a909bbb8c86077c78bb50ac21a227a62b463,ts-toolbelt,6.5.1,next,1587231838,268,0,0,0,0,0,0,0,0,0,0,0,0,0
millsp/ts-toolbelt,bf1b02181030aa1ab1f3a692605bc046a0b46c83,ts-toolbelt,6.5.1,next,1588424256,268,0,0,0,0,0,0,0,0,0,0,0,0,0
millsp/ts-toolbelt,c0bf58920168976f4b8c98659cac0babbb191914,ts-toolbelt,6.6.0,next,1588424294,268,0,0,0,0,0,0,0,0,0,0,0,0,0
millsp/ts-toolbelt,cfd4f22a417c92b59ac0a1412db01431f587041e,ts-toolbelt,6.6.0,next,1588424905,268,0,0,0,0,0,0,0,0,0,0,0,0,0
millsp/ts-toolbelt,8119dd9eef461fa20e3c97236d4d802dc83d613b,ts-toolbelt,6.6.1,next,1588424937,268,0,0,0,0,0,0,0,0,0,0,0,0,0
millsp/ts-toolbelt,cda05548fb74e481135ee47dc198121ad09d2d68,ts-toolbelt,6.6.1,next,1588430428,268,0,0,0,0,0,0,0,0,0,0,0,0,0
millsp/ts-toolbelt,666a508733516e6328bdb3675daa62231e6285d7,ts-toolbelt,6.6.1,next,1588430958,268,0,0,0,0,0,0,0,0,0,0,0,0,0
millsp/ts-toolbelt,bbc62f3ee34b72ec7c6229f8fba07a7d420c6e1c,ts-toolbelt,6.6.1,next,1588431401,268,0,0,0,0,0,0,0,0,0,0,0,0,0
millsp/ts-toolbelt,7a9929d1a29c29053d3b430332232a7c26f3a881,ts-toolbelt,6.6.2,next,1588431425,268,0,0,0,0,0,0,0,0,0,0,0,0,0
millsp/ts-toolbelt,937c2690c562df83a469d25241a0185db73d2d43,ts-toolbelt,6.6.2,next,1588432680,266,0,0,0,0,0,0,0,0,0,0,0,0,0
millsp/ts-toolbelt,fc6762cf47997eb968f49d75d77723d2c6bcdc35,ts-toolbelt,6.6.2,next,1588968134,267,0,0,0,0,0,0,0,0,0,0,0,0,0
millsp/ts-toolbelt,9deb23bc2bf8594e006846b4e7bc8947361a8277,ts-toolbelt,6.6.2,next,1588968285,267,0,0,0,0,0,0,0,0,0,0,0,0,0
millsp/ts-toolbelt,a9ab734f9c21c6ca146ed458cf4f6e14c270a1b2,ts-toolbelt,6.7.0,next,1588968311,267,0,0,0,0,0,0,0,0,0,0,0,0,0
millsp/ts-toolbelt,5797d7018857f88a12cd90cea490389fd7c806f2,ts-toolbelt,6.7.0,next,1588969126,267,0,0,0,0,0,0,0,0,0,0,0,0,0
millsp/ts-toolbelt,d8f0fa09a4e3110c9ef0086747dd39cda6fb6e2c,ts-toolbelt,6.7.1,next,1588969148,267,0,0,0,0,0,0,0,0,0,0,0,0,0
millsp/ts-toolbelt,1aa3e32513dea134234de562445f8394b8f9a028,ts-toolbelt,6.7.1,next,1588969662,267,0,0,0,0,0,0,0,0,0,0,0,0,0
millsp/ts-toolbelt,aa2ec3e4c0a3cdcd3cee4336f89c3fa9d24037de,ts-toolbelt,6.7.2,next,1588969685,267,0,0,0,0,0,0,0,0,0,0,0,0,0
millsp/ts-toolbelt,cb9b585156fe13796fcb1adb5ead7075103d41c8,ts-toolbelt,6.7.2,next,1589192909,267,0,0,0,0,0,0,0,0,0,0,0,0,0
millsp/ts-toolbelt,32642cc1d08a41325e0726f93022d97c975e03f5,ts-toolbelt,6.7.2,next,1589194108,267,0,0,0,0,0,0,0,0,0,0,0,0,0
millsp/ts-toolbelt,a9843b79e6542282737f4e233a1e9c0534e1f4ab,ts-toolbelt,6.7.3,next,1589194134,267,0,0,0,0,0,0,0,0,0,0,0,0,0
millsp/ts-toolbelt,95a66b147c75c7691f55458c6b3980c38832c973,ts-toolbelt,6.7.3,next,1589216815,267,0,0,0,0,0,0,0,0,0,0,0,0,0
millsp/ts-toolbelt,827c9cc6090a832371f33a6920412fdbf718de4d,ts-toolbelt,6.7.4,next,1589216971,267,0,0,0,0,0,0,0,0,0,0,0,0,0
millsp/ts-toolbelt,10550a902281ade3026bd4eb0ea7837fa8202095,ts-toolbelt,6.7.4,next,1589451550,267,0,0,0,0,0,0,0,0,0,0,0,0,0
millsp/ts-toolbelt,e8f06e54a152268899bbc68d08ec405810f93ed3,ts-toolbelt,6.7.5,next,1589451611,267,0,0,0,0,0,0,0,0,0,0,0,0,0
millsp/ts-toolbelt,64800df2bc572eaf84982bf2c27f808826be8e55,ts-toolbelt,6.7.5,next,1589486562,267,0,0,0,0,0,0,0,0,0,0,0,0,0
millsp/ts-toolbelt,6499a7dd147001e7aeaf1ebb9d80755f80892884,ts-toolbelt,6.7.5,next,1589486880,267,0,0,0,0,0,0,0,0,0,0,0,0,0
millsp/ts-toolbelt,679a8df43f9159ebbb978a64434d9caf81989112,ts-toolbelt,6.7.5,next,1589487295,267,0,0,0,0,0,0,0,0,0,0,0,0,0
millsp/ts-toolbelt,78bd6230e2f0252aa4eed2986eaa7be08efd306e,ts-toolbelt,6.7.5,next,1589487804,267,0,0,0,0,0,0,0,0,0,0,0,0,0
millsp/ts-toolbelt,2808df20d28ebaac1d77429d6fc5980f65aa4d03,ts-toolbelt,6.7.5,next,1589490561,267,0,0,0,0,0,0,0,0,0,0,0,0,0
millsp/ts-toolbelt,1f38cdbe8d8ad94750d8de1d62ca89b88e52d022,ts-toolbelt,6.7.6,next,1589490581,267,0,0,0,0,0,0,0,0,0,0,0,0,0
millsp/ts-toolbelt,2dc31aeed03d1289f52ae50411eecbcdde2d4e4c,ts-toolbelt,6.7.6,next,1589494025,267,0,0,0,0,0,0,0,0,0,0,0,0,0
millsp/ts-toolbelt,8871aabee3ffbcbb640e3012ef547a29b542151e,ts-toolbelt,6.7.7,next,1589494057,267,0,0,0,0,0,0,0,0,0,0,0,0,0
millsp/ts-toolbelt,011fb62493054ed3f1e75a74654f6ed13daad10c,ts-toolbelt,6.7.7,next,1589653477,267,0,0,0,0,0,0,0,0,0,0,0,0,0
millsp/ts-toolbelt,83a32e67e751f75b8adb2ff7f195b0f139a01074,ts-toolbelt,6.7.7,next,1589796424,268,0,0,0,0,0,0,0,0,0,0,0,0,0
millsp/ts-toolbelt,ce9fb344564d716a9eba01c1acce3df33da3fab4,ts-toolbelt,6.7.7,next,1589797104,268,0,0,0,0,0,0,0,0,0,0,0,0,0
millsp/ts-toolbelt,df920381422f4298ce90303b2682ecd78814e540,ts-toolbelt,6.8.0,next,1589797135,268,0,0,0,0,0,0,0,0,0,0,0,0,0
millsp/ts-toolbelt,f4eeb0133787b8eb31a50f8e6baf1dc61b357296,ts-toolbelt,6.8.0,next,1589830645,268,0,0,0,0,0,0,0,0,0,0,0,0,0
millsp/ts-toolbelt,58b311ee0e6e3456a2d97f376c53331e08cfe9c8,ts-toolbelt,6.8.0,next,1589831361,268,0,0,0,0,0,0,0,0,0,0,0,0,0
millsp/ts-toolbelt,33ff89314542b171ba15432bb50c2c857b428d8e,ts-toolbelt,6.8.1,next,1589831394,268,0,0,0,0,0,0,0,0,0,0,0,0,0
millsp/ts-toolbelt,41afdb0330f574e7eaa17ec34b50ddca36c77a33,ts-toolbelt,6.8.1,next,1589832919,268,0,0,0,0,0,0,0,0,0,0,0,0,0
millsp/ts-toolbelt,8fbac061bfcc66e6220ae4a391a0522305c959b3,ts-toolbelt,6.8.2,next,1589832950,268,0,0,0,0,0,0,0,0,0,0,0,0,0
millsp/ts-toolbelt,c02e052fd984205b5cd3e7158fbb58500c4be0a6,ts-toolbelt,6.8.3,next,1589836689,268,0,0,0,0,0,0,0,0,0,0,0,0,0
millsp/ts-toolbelt,e30aa29164116ef3df3ea1d801b1506152eb7ed1,ts-toolbelt,6.8.3,next,1589836795,271,0,0,0,0,0,0,0,0,0,0,0,0,0
millsp/ts-toolbelt,2778417c42c024ff8811f279e84af45309019bf4,ts-toolbelt,6.8.4,next,1589836844,271,0,0,0,0,0,0,0,0,0,0,0,0,0
millsp/ts-toolbelt,0cc5c6ef736bb8d94a5fcdc94973f0c423d0c271,ts-toolbelt,6.8.4,next,1589884809,271,0,0,0,0,0,0,0,0,0,0,0,0,0
millsp/ts-toolbelt,7016004431c19bffd2900acb8832b0433e475ca5,ts-toolbelt,6.8.4,next,1589885019,271,0,0,0,0,0,0,0,0,0,0,0,0,0
millsp/ts-toolbelt,41605e3de909525cbed868e89799dba7255f4422,ts-toolbelt,6.8.5,next,1589890050,271,0,0,0,0,0,0,0,0,0,0,0,0,0
millsp/ts-toolbelt,bc34aa7cf003cd8156e654b71f4a54a3552af4ea,ts-toolbelt,6.8.5,next,1589923174,271,0,0,0,0,0,0,0,0,0,0,0,0,0
millsp/ts-toolbelt,476c9e9baf6cec56a1b37c94835c2b77f15c128d,ts-toolbelt,6.8.6,next,1589923207,271,0,0,0,0,0,0,0,0,0,0,0,0,0
millsp/ts-toolbelt,578fc5fcb879185ebc0cc07aa18e441c59a037ee,ts-toolbelt,6.8.6,next,1589924084,271,0,0,0,0,0,0,0,0,0,0,0,0,0
millsp/ts-toolbelt,3f26a0e05efa60d3f9216d9680afe66d098f3ec3,ts-toolbelt,6.8.7,next,1589924112,271,0,0,0,0,0,0,0,0,0,0,0,0,0
millsp/ts-toolbelt,ff898676be13a81ba7efaf08cc0952aeaf856553,ts-toolbelt,6.8.7,next,1589924189,271,0,0,0,0,0,0,0,0,0,0,0,0,0
millsp/ts-toolbelt,6d0719a9f36ca5e18f48a4bda2f7673eabf73be8,ts-toolbelt,6.8.7,next,1589924213,271,0,0,0,0,0,0,0,0,0,0,0,0,0
millsp/ts-toolbelt,08e349e170c977cfdef102b502e644a5915736ad,ts-toolbelt,6.8.8,next,1589924241,271,0,0,0,0,0,0,0,0,0,0,0,0,0
millsp/ts-toolbelt,fe3fbdf6477832f7579a953baaaeab6208a1fa1e,ts-toolbelt,6.8.8,next,1589927012,271,0,0,0,0,0,0,0,0,0,0,0,0,0
millsp/ts-toolbelt,55fe91f93709ef26a267e791a63c6af3549c1794,ts-toolbelt,6.8.9,next,1589927039,271,0,0,0,0,0,0,0,0,0,0,0,0,0
millsp/ts-toolbelt,ba505d41cb0f53cd0dbc6ae29191b981a7afb0b5,ts-toolbelt,6.8.9,next,1590090242,273,0,0,0,0,0,0,0,0,0,0,0,0,0
millsp/ts-toolbelt,b14c2fc8a52f2bab5baafbc5c32dc41ea5407850,ts-toolbelt,6.8.9,next,1590090422,273,0,0,0,0,0,0,0,0,0,0,0,0,0
millsp/ts-toolbelt,5802d6d6ec2101867d06e38e8fcba92488bdc928,ts-toolbelt,6.8.9,next,1590090652,273,0,0,0,0,0,0,0,0,0,0,0,0,0
millsp/ts-toolbelt,5054a0b57e2178092d8c29dd52de55d239ad00a9,ts-toolbelt,6.8.9,next,1590092347,273,0,0,0,0,0,0,0,0,0,0,0,0,0
millsp/ts-toolbelt,1ce5701438e08d74399e20c385f213232cdc566c,ts-toolbelt,6.9.0,next,1590092376,273,0,0,0,0,0,0,0,0,0,0,0,0,0
millsp/ts-toolbelt,46fc56a0b0e1a9042931b053808847500e0f5968,ts-toolbelt,6.9.0,latest,1590435962,273,0,0,0,0,0,0,0,0,0,0,0,0,0
millsp/ts-toolbelt,3f3bd1e5eaa304ef40225411f22d679709ea0922,ts-toolbelt,6.9.0,latest,1590435971,273,0,0,0,0,0,0,0,0,0,0,0,0,0
millsp/ts-toolbelt,712411e20141eaa299902f0a112ea51b1fa29c2a,ts-toolbelt,6.9.0,latest,1590435982,273,0,0,0,0,0,0,0,0,0,0,0,0,0
millsp/ts-toolbelt,748fe7c080628dc11475adf6319a6840aa483f78,ts-toolbelt,6.9.1,latest,1590436166,273,0,0,0,0,0,0,0,0,0,0,0,0,0
millsp/ts-toolbelt,2fbf51d2692efced910b36999c6c46ed961726a6,ts-toolbelt,6.9.1,latest,1590443987,273,0,0,0,0,0,0,0,0,0,0,0,0,0
millsp/ts-toolbelt,6772e7214d31f3bd284762bf3dfd1a9d2864bbf5,ts-toolbelt,6.9.2,latest,1590444018,273,0,0,0,0,0,0,0,0,0,0,0,0,0
millsp/ts-toolbelt,8275a2302b42465109196ed023e835f340ed1a8d,ts-toolbelt,6.9.2,latest,1590444626,273,0,0,0,0,0,0,0,0,0,0,0,0,0
millsp/ts-toolbelt,804e6bfdeadeaf9a1dd67fae5e9982875c3fe96c,ts-toolbelt,6.9.3,latest,1590444658,273,0,0,0,0,0,0,0,0,0,0,0,0,0
millsp/ts-toolbelt,390c1a3954c8e5b5d9540c0f084c625734ff1f36,ts-toolbelt,6.9.3,latest,1590444826,273,0,0,0,0,0,0,0,0,0,0,0,0,0
millsp/ts-toolbelt,0d5f604d377f5fa5810280f6d719c581609d8897,ts-toolbelt,6.9.4,latest,1590444853,273,0,0,0,0,0,0,0,0,0,0,0,0,0
millsp/ts-toolbelt,c9515d6b42b806f1b096aedb54d2d7d429fc92ba,ts-toolbelt,6.9.4,https://typescript.visualstudio.com/cf7ac146-d525-443c-b23c-0d58337efebc/_apis/build/builds/76664/artifacts?artifactName=tgz&fileId=8D3BE903E9CF24E4917DB55EBC42901FA1370E5A647552B239221DB9A3778F0302&fileName=/typescript-4.0.0-insiders.20200616.tgz,1592427919,273,0,0,0,0,0,0,0,0,0,0,0,0,0
millsp/ts-toolbelt,1510494249799be8f2fc7e8924d0f16365416add,ts-toolbelt,7.0.0,https://typescript.visualstudio.com/cf7ac146-d525-443c-b23c-0d58337efebc/_apis/build/builds/76664/artifacts?artifactName=tgz&fileId=8D3BE903E9CF24E4917DB55EBC42901FA1370E5A647552B239221DB9A3778F0302&fileName=/typescript-4.0.0-insiders.20200616.tgz,1592427957,273,0,0,0,0,0,0,0,0,0,0,0,0,0
millsp/ts-toolbelt,d41b73d0ab1d865ffdd270af7ee8ef549197d3b0,ts-toolbelt,7.0.0,https://typescript.visualstudio.com/cf7ac146-d525-443c-b23c-0d58337efebc/_apis/build/builds/76664/artifacts?artifactName=tgz&fileId=8D3BE903E9CF24E4917DB55EBC42901FA1370E5A647552B239221DB9A3778F0302&fileName=/typescript-4.0.0-insiders.20200616.tgz,1592470845,273,0,0,0,0,0,0,0,0,0,0,0,0,0
millsp/ts-toolbelt,3d6f7cecbd20fc98a575b935d2d02282257d3991,ts-toolbelt,7.0.0,https://typescript.visualstudio.com/cf7ac146-d525-443c-b23c-0d58337efebc/_apis/build/builds/76664/artifacts?artifactName=tgz&fileId=8D3BE903E9CF24E4917DB55EBC42901FA1370E5A647552B239221DB9A3778F0302&fileName=/typescript-4.0.0-insiders.20200616.tgz,1592470972,273,0,0,0,0,0,0,0,0,0,0,0,0,0
millsp/ts-toolbelt,c7247b687cd938c88a566f7322771ed16b59e171,ts-toolbelt,7.0.1,https://typescript.visualstudio.com/cf7ac146-d525-443c-b23c-0d58337efebc/_apis/build/builds/76664/artifacts?artifactName=tgz&fileId=8D3BE903E9CF24E4917DB55EBC42901FA1370E5A647552B239221DB9A3778F0302&fileName=/typescript-4.0.0-insiders.20200616.tgz,1592471023,273,0,0,0,0,0,0,0,0,0,0,0,0,0
millsp/ts-toolbelt,f8ae740e7b04e2010cbf3625c6d43daeb82ca2c3,ts-toolbelt,6.9.4,latest,1592471074,273,0,0,0,0,0,0,0,0,0,0,0,0,0
millsp/ts-toolbelt,fe48b70ce35cbae8745a50639b76bfe5f17b726b,ts-toolbelt,6.9.5,latest,1592471556,273,0,0,0,0,0,0,0,0,0,0,0,0,0
millsp/ts-toolbelt,36178654732305f28ca21dc20b0cf6baaafc5ae1,ts-toolbelt,6.9.6,latest,1592471616,273,0,0,0,0,0,0,0,0,0,0,0,0,0
millsp/ts-toolbelt,4f3a036f5fbc04037febdbdb64cf095e57f8bd19,ts-toolbelt,6.9.7,latest,1592471646,273,0,0,0,0,0,0,0,0,0,0,0,0,0
millsp/ts-toolbelt,7065af25d397e084571fb7fa114cce333c2a834a,ts-toolbelt,7.0.1,https://typescript.visualstudio.com/cf7ac146-d525-443c-b23c-0d58337efebc/_apis/build/builds/76664/artifacts?artifactName=tgz&fileId=8D3BE903E9CF24E4917DB55EBC42901FA1370E5A647552B239221DB9A3778F0302&fileName=/typescript-4.0.0-insiders.20200616.tgz,1592475947,273,0,0,0,0,0,0,0,0,0,0,0,0,0
millsp/ts-toolbelt,8d3de4cda1432172634f4f86426081a7c735b4b2,ts-toolbelt,7.0.2,https://typescript.visualstudio.com/cf7ac146-d525-443c-b23c-0d58337efebc/_apis/build/builds/76664/artifacts?artifactName=tgz&fileId=8D3BE903E9CF24E4917DB55EBC42901FA1370E5A647552B239221DB9A3778F0302&fileName=/typescript-4.0.0-insiders.20200616.tgz,1592475980,273,0,0,0,0,0,0,0,0,0,0,0,0,0
millsp/ts-toolbelt,80d50203eeb3b9531a385cb03e0183d99551e648,ts-toolbelt,6.9.7,latest,1592477217,273,0,0,0,0,0,0,0,0,0,0,0,0,0
millsp/ts-toolbelt,5f8735ba59935a10e2014b460411019894973d22,ts-toolbelt,6.9.8,latest,1592477246,273,0,0,0,0,0,0,0,0,0,0,0,0,0
millsp/ts-toolbelt,1c8ff5cf2feb3ce0b7d0fbfc43be8d20f5b73287,ts-toolbelt,6.9.8,latest,1592480825,273,0,0,0,0,0,0,0,0,0,0,0,0,0
millsp/ts-toolbelt,9054f958a39179a2ea7ca6d5c422bc06e2a8e047,ts-toolbelt,6.9.9,latest,1592480860,273,0,0,0,0,0,0,0,0,0,0,0,0,0
millsp/ts-toolbelt,42108ffb52f7561feaced7a7bd0d619a17f6660b,ts-toolbelt,6.9.9,latest,1593994721,274,0,0,0,0,0,0,0,0,0,0,0,0,0
millsp/ts-toolbelt,879edb6ed90f88b9ae6a3c2e8878ae1be48e0c88,ts-toolbelt,6.9.9,latest,1593995141,274,0,0,0,0,0,0,0,0,0,0,0,0,0
millsp/ts-toolbelt,befa7b873cd2aa0d693f899d47ecb42866993e46,ts-toolbelt,6.9.9,latest,1593995158,274,0,0,0,0,0,0,0,0,0,0,0,0,0
millsp/ts-toolbelt,73adcd6deff69a0be64646e73eb963a64338dce4,ts-toolbelt,6.10.0,latest,1593995218,274,0,0,0,0,0,0,0,0,0,0,0,0,0
millsp/ts-toolbelt,a62cc89b31ef25a45600a604dd9157db6d36d5df,ts-toolbelt,6.10.0,latest,1594026014,274,0,0,0,0,0,0,0,0,0,0,0,0,0
millsp/ts-toolbelt,e500c85a02c34548497cd36409a3595338e51345,ts-toolbelt,6.10.0,latest,1594026392,274,0,0,0,0,0,0,0,0,0,0,0,0,0
millsp/ts-toolbelt,5ea1ab77e25c2ff1859e3ca7570dbdac43974ba0,ts-toolbelt,6.9.9,latest,1594209201,274,0,0,0,0,0,0,0,0,0,0,0,0,0
millsp/ts-toolbelt,64c1f263acefb6ea602d58716816c908b8f8ed73,ts-toolbelt,6.9.9,latest,1594209272,274,0,0,0,0,0,0,0,0,0,0,0,0,0
millsp/ts-toolbelt,6f2c3933163e2b55e22c7d5fa4ddc43730ee2317,ts-toolbelt,6.9.9,latest,1594209593,274,0,0,0,0,0,0,0,0,0,0,0,0,0
millsp/ts-toolbelt,18c7ba4665b65c282db0ec22e2b8bf42c261786a,ts-toolbelt,6.9.9,latest,1594209655,274,0,0,0,0,0,0,0,0,0,0,0,0,0
millsp/ts-toolbelt,ede689c2441235aac5118de112bb56354e6d2a31,ts-toolbelt,6.10.0,latest,1594209719,274,0,0,0,0,0,0,0,0,0,0,0,0,0
millsp/ts-toolbelt,b0f6245f21806bcef4dfadf255b9aa8f949c2fe5,ts-toolbelt,6.10.0,latest,1594213931,274,0,0,0,0,0,0,0,0,0,0,0,0,0
millsp/ts-toolbelt,7f0ee8638aa758e7e3b50f4e5cfc341e0e94c52f,ts-toolbelt,6.10.1,latest,1594213956,274,0,0,0,0,0,0,0,0,0,0,0,0,0
millsp/ts-toolbelt,eb27ac754b509911c4aa7e77a7842467558c40f2,ts-toolbelt,6.10.1,latest,1594286893,273,0,0,0,0,0,0,0,0,0,0,0,0,0
millsp/ts-toolbelt,6e0e19a447f13d8a8b29d2af8b9e09ae6cfb9888,ts-toolbelt,6.10.1,latest,1594287089,273,0,0,0,0,0,0,0,0,0,0,0,0,0
millsp/ts-toolbelt,d2d0cd05e8b3fccbe4911eb5229cf73699da12ff,ts-toolbelt,6.10.1,latest,1594287227,273,0,0,0,0,0,0,0,0,0,0,0,0,0
millsp/ts-toolbelt,89b90bc01782c05547e9996fd1cb9b265182475c,ts-toolbelt,6.10.1,latest,1594287364,273,0,0,0,0,0,0,0,0,0,0,0,0,0
millsp/ts-toolbelt,dba087d70d5db10ebf46f3366d631a406f258fe7,ts-toolbelt,6.10.2,latest,1594287502,273,0,0,0,0,0,0,0,0,0,0,0,0,0
millsp/ts-toolbelt,db007858434343f2ee7e8516c926ca724754acb4,ts-toolbelt,6.10.2,latest,1594291477,273,0,0,0,0,0,0,0,0,0,0,0,0,0
millsp/ts-toolbelt,d147991ff7e8fe15c55368601c00b12a931bc6e5,ts-toolbelt,6.10.2,latest,1594293405,273,0,0,0,0,0,0,0,0,0,0,0,0,0
millsp/ts-toolbelt,6416ac31de6726c92af2e967ebb613cc991ecf4e,ts-toolbelt,6.10.2,latest,1594302780,273,0,0,0,0,0,0,0,0,0,0,0,0,0
millsp/ts-toolbelt,71c63d257aed16385fd5a97954af717ffa29540c,ts-toolbelt,6.10.3,latest,1594303427,273,0,0,0,0,0,0,0,0,0,0,0,0,0
millsp/ts-toolbelt,557fc61b3558366aae207d7cfaaabeb34fa51fad,ts-toolbelt,6.10.3,latest,1594303566,273,0,0,0,0,0,0,0,0,0,0,0,0,0
millsp/ts-toolbelt,bc511ac94e4482d2495c4f4a3b5de7d93d6429b6,ts-toolbelt,6.10.4,latest,1594303593,273,0,0,0,0,0,0,0,0,0,0,0,0,0
millsp/ts-toolbelt,ba11d1e58ac989451f9434206a5f906227047a51,ts-toolbelt,6.10.4,latest,1594305453,273,0,0,0,0,0,0,0,0,0,0,0,0,0
millsp/ts-toolbelt,ce1336dbd70303d4af630868358f34dfe4293a97,ts-toolbelt,6.10.4,latest,1594305643,273,0,0,0,0,0,0,0,0,0,0,0,0,0
millsp/ts-toolbelt,de1f226d81904f7959d7c33b11a8461002b01014,ts-toolbelt,6.10.5,latest,1594306043,273,0,0,0,0,0,0,0,0,0,0,0,0,0
millsp/ts-toolbelt,c4bab8ee72d5be55d09fb064a0ee7832e8cd822e,ts-toolbelt,6.10.5,latest,1594306302,273,0,0,0,0,0,0,0,0,0,0,0,0,0
millsp/ts-toolbelt,bdaf18bb44af32b3ae989a57cb409cc7db0b480c,ts-toolbelt,6.10.6,latest,1594306339,273,0,0,0,0,0,0,0,0,0,0,0,0,0
millsp/ts-toolbelt,ec360455484a5b3dda41cf30e490fa01d5609493,ts-toolbelt,6.10.6,latest,1594307294,273,0,0,0,0,0,0,0,0,0,0,0,0,0
millsp/ts-toolbelt,e4eddf50bb0b1a7826be979882e71a68a83430f4,ts-toolbelt,6.10.7,latest,1594307322,273,0,0,0,0,0,0,0,0,0,0,0,0,0
millsp/ts-toolbelt,c11874b88fd8d4a63a85228573f326363e49bf55,ts-toolbelt,6.10.7,latest,1594310398,273,0,0,0,0,0,0,0,0,0,0,0,0,0
millsp/ts-toolbelt,2155645c6b12409b1d2d574b613cedb6f5883f05,ts-toolbelt,6.10.7,latest,1594310476,273,0,0,0,0,0,0,0,0,0,0,0,0,0
millsp/ts-toolbelt,0be366be581d74ee3cb4adbd4440f2ae3bb30a6b,ts-toolbelt,6.10.8,latest,1594310504,273,0,0,0,0,0,0,0,0,0,0,0,0,0
millsp/ts-toolbelt,f3e18c0b22c633829f989bac4cfcfd7d039773bd,ts-toolbelt,6.10.8,latest,1594312010,273,0,0,0,0,0,0,0,0,0,0,0,0,0
millsp/ts-toolbelt,ffb7b0c092613db785a42164e0b490e01b79a733,ts-toolbelt,6.10.8,latest,1594312068,273,0,0,0,0,0,0,0,0,0,0,0,0,0
millsp/ts-toolbelt,01838021e907a256d011ddc9bc30203a71c2bfd9,ts-toolbelt,6.10.9,latest,1594312144,273,0,0,0,0,0,0,0,0,0,0,0,0,0
millsp/ts-toolbelt,12cacdeba870df53db8c20e187efa4803364c1af,ts-toolbelt,6.10.9,latest,1594314360,273,0,0,0,0,0,0,0,0,0,0,0,0,0
millsp/ts-toolbelt,7fecab32e5c388b42a9ac4d1055fd30418d33dcf,ts-toolbelt,6.10.10,latest,1594314389,273,0,0,0,0,0,0,0,0,0,0,0,0,0
millsp/ts-toolbelt,99b77b1c6ec68379cb0c3a03ce7aeb914334aa26,ts-toolbelt,6.10.10,latest,1594323042,273,0,0,0,0,0,0,0,0,0,0,0,0,0
millsp/ts-toolbelt,ec1aba0779dbf64553c560dff589720715a4fa2a,ts-toolbelt,6.10.11,latest,1594323077,273,0,0,0,0,0,0,0,0,0,0,0,0,0
millsp/ts-toolbelt,a3376d7884aab9e7c706762c8a327685667158f9,ts-toolbelt,6.10.11,latest,1594335928,273,0,0,0,0,0,0,0,0,0,0,0,0,0
millsp/ts-toolbelt,c961a572c20d0f9ab0a71f38f3e40dc7c6c68358,ts-toolbelt,6.10.11,latest,1594335941,273,0,0,0,0,0,0,0,0,0,0,0,0,0
millsp/ts-toolbelt,767ac7aab868673760a52845ede0f4ea0bfad485,ts-toolbelt,6.10.11,latest,1594336630,273,0,0,0,0,0,0,0,0,0,0,0,0,0
millsp/ts-toolbelt,e0d309e730ebe45ba85c58920daf7ae5d3062faa,ts-toolbelt,6.10.12,latest,1594336676,273,0,0,0,0,0,0,0,0,0,0,0,0,0
millsp/ts-toolbelt,70a00973a07520959210219fcaba2a782d76f491,ts-toolbelt,6.10.12,latest,1594337442,273,0,0,0,0,0,0,0,0,0,0,0,0,0
millsp/ts-toolbelt,8a8890c61276a5821ac5eea85966d5571ffe7555,ts-toolbelt,6.10.13,latest,1594337475,273,0,0,0,0,0,0,0,0,0,0,0,0,0
millsp/ts-toolbelt,9f65db50c7398c41e0d97508de6a5df1479533b5,ts-toolbelt,6.10.13,latest,1594341030,273,0,0,0,0,0,0,0,0,0,0,0,0,0
millsp/ts-toolbelt,32962df11fa546b3187f7167678c20f5e7fb3361,ts-toolbelt,6.10.14,latest,1594341100,273,0,0,0,0,0,0,0,0,0,0,0,0,0
millsp/ts-toolbelt,8b6e93e50d3e9d983c624e6c9e64b0068747ff05,ts-toolbelt,6.10.14,latest,1594370780,273,0,0,0,0,0,0,0,0,0,0,0,0,0
millsp/ts-toolbelt,a6e69aa8101834c37ba073a09a7d6181c40c29fb,ts-toolbelt,6.10.14,latest,1594370996,273,0,0,0,0,0,0,0,0,0,0,0,0,0
millsp/ts-toolbelt,37249c6c77f26d364ccbf5780c7a7e6cf5b3ddd2,ts-toolbelt,6.10.15,latest,1594371321,273,0,0,0,0,0,0,0,0,0,0,0,0,0
millsp/ts-toolbelt,5f1c0147b965102572370265cddaa1b9ed50bebb,ts-toolbelt,6.10.15,latest,1594374797,273,0,0,0,0,0,0,0,0,0,0,0,0,0
millsp/ts-toolbelt,3f72e3539aa96148e0eca1876f2f7d62b633d00f,ts-toolbelt,6.10.15,latest,1594374827,273,0,0,0,0,0,0,0,0,0,0,0,0,0
millsp/ts-toolbelt,1d639335ba2ae5602bcc14046fd14c4ceecd2ad6,ts-toolbelt,6.10.16,latest,1594374855,273,0,0,0,0,0,0,0,0,0,0,0,0,0
millsp/ts-toolbelt,286c3e5bd1f902d5027ea4b845a49b28dff3a2dc,ts-toolbelt,6.10.0,latest,1594423927,274,0,0,0,0,0,0,0,0,0,0,0,0,0
millsp/ts-toolbelt,f1d6fc876a3ca62580eadd27be8d69c533b8794f,ts-toolbelt,6.10.0,latest,1594424008,274,0,0,0,0,0,0,0,0,0,0,0,0,0
millsp/ts-toolbelt,657cca6af9e91e9747d5c4f6897f4fce589b3a5a,ts-toolbelt,6.11.0,latest,1594460859,274,0,0,0,0,0,0,0,0,0,0,0,0,0
millsp/ts-toolbelt,593bb53b38754dbcdc9bc57f66890b983c4c31bd,ts-toolbelt,6.11.0,latest,1594461334,274,0,0,0,0,0,0,0,0,0,0,0,0,0
millsp/ts-toolbelt,19669d9eac404efa9ace290acba7cab1c4142fdd,ts-toolbelt,6.12.0,latest,1594461363,274,0,0,0,0,0,0,0,0,0,0,0,0,0
millsp/ts-toolbelt,c7540274f56776906d347ef597451191d4cea89a,ts-toolbelt,6.12.0,latest,1594462095,275,0,0,0,0,0,0,0,0,0,0,0,0,0
millsp/ts-toolbelt,d77fe1463d50ab45db3faafccee87d73b8405991,ts-toolbelt,6.12.1,latest,1594462125,275,0,0,0,0,0,0,0,0,0,0,0,0,0
millsp/ts-toolbelt,0ede6bfcfbd938c37b90ef67ae86ab3910206476,ts-toolbelt,6.12.1,latest,1594663493,275,0,0,0,0,0,0,0,0,0,0,0,0,0
millsp/ts-toolbelt,4f782dc53c472ab491fd0a7cc3d3672ee7b2ddba,ts-toolbelt,6.12.2,latest,1594663550,275,0,0,0,0,0,0,0,0,0,0,0,0,0
millsp/ts-toolbelt,7f38e5985f7f95a3469cba1d3964fd0fe9c27384,ts-toolbelt,6.12.2,latest,1594757511,275,0,0,0,0,0,0,0,0,0,0,0,0,0
millsp/ts-toolbelt,cdc1b7cefc39e1869a71edc948ade36308d8bfdf,ts-toolbelt,6.13.0,latest,1594757538,275,0,0,0,0,0,0,0,0,0,0,0,0,0
millsp/ts-toolbelt,224756e012f913df0dc1e5924272c3371e7d776d,ts-toolbelt,6.13.0,latest,1594812999,275,0,0,0,0,0,0,0,0,0,0,0,0,0
millsp/ts-toolbelt,02acbc08f55712042583d55987043db70b761e25,ts-toolbelt,6.13.0,latest,1594813889,275,0,0,0,0,0,0,0,0,0,0,0,0,0
millsp/ts-toolbelt,bbd26192e5482645668eba8b59edbb89601cca7d,ts-toolbelt,6.13.0,latest,1594814134,275,0,0,0,0,0,0,0,0,0,0,0,0,0
millsp/ts-toolbelt,5af91aac238e3242f31c64e51ddc98dd15119390,ts-toolbelt,6.13.1,latest,1594814153,275,0,0,0,0,0,0,0,0,0,0,0,0,0
millsp/ts-toolbelt,a60ae400ef89bcce2ae0e5df18450a4dd1be6cb8,ts-toolbelt,6.13.1,latest,1594820007,275,0,0,0,0,0,0,0,0,0,0,0,0,0
millsp/ts-toolbelt,71c850488d90020a1cc0f9806455cef0dcd6ab11,ts-toolbelt,6.13.2,latest,1594820045,275,0,0,0,0,0,0,0,0,0,0,0,0,0
millsp/ts-toolbelt,2ae7b5178d8ec07de9aeca646b3b91567ca04f4e,ts-toolbelt,6.13.2,latest,1594822687,274,0,0,0,0,0,0,0,0,0,0,0,0,0
millsp/ts-toolbelt,fc8085d861164b729b7f1c2c2d4855f15b06e801,ts-toolbelt,6.13.2,latest,1594832032,274,0,0,0,0,0,0,0,0,0,0,0,0,0
millsp/ts-toolbelt,c66d72e6dba2b0ccb7b6ce8d85d1090fadb7b920,ts-toolbelt,6.13.3,latest,1594832052,274,0,0,0,0,0,0,0,0,0,0,0,0,0
millsp/ts-toolbelt,e7699ca9c6d9b55eb42bcd359118e042d416ce84,ts-toolbelt,6.13.3,latest,1594832192,274,0,0,0,0,0,0,0,0,0,0,0,0,0
millsp/ts-toolbelt,2c3c1f47a0a30ae654afdc41774327b35d45398a,ts-toolbelt,6.13.4,latest,1594832211,274,0,0,0,0,0,0,0,0,0,0,0,0,0
millsp/ts-toolbelt,97351f99bd34554965648ff605c53f79cdc2cf23,ts-toolbelt,6.13.4,latest,1594841346,274,0,0,0,0,0,0,0,0,0,0,0,0,0
millsp/ts-toolbelt,18dc45657e9fe1450affd9c6f7477b0c5cfb33b2,ts-toolbelt,6.13.4,latest,1594841369,274,0,0,0,0,0,0,0,0,0,0,0,0,0
millsp/ts-toolbelt,f7b8463b1f4229f764431a71e6362928edfc6c59,ts-toolbelt,6.13.5,latest,1594841453,274,0,0,0,0,0,0,0,0,0,0,0,0,0
millsp/ts-toolbelt,8131b976c5b24249103a7350d35e28e7056b172a,ts-toolbelt,6.13.5,latest,1594847104,274,0,0,0,0,0,0,0,0,0,0,0,0,0
millsp/ts-toolbelt,faf2b059feaedb2ccab3942bed5c87bdfa6ab3e1,ts-toolbelt,6.13.5,latest,1594847530,274,0,0,0,0,0,0,0,0,0,0,0,0,0
millsp/ts-toolbelt,8f3dc0283b3d7cb5f5251a8f0bfe9f4a50333d48,ts-toolbelt,6.13.5,latest,1594848589,274,0,0,0,0,0,0,0,0,0,0,0,0,0
millsp/ts-toolbelt,b8e2dcf850b7845197ea239fdb881718aebf1bbc,ts-toolbelt,6.13.6,latest,1594848626,274,0,0,0,0,0,0,0,0,0,0,0,0,0
millsp/ts-toolbelt,7c346cbdb7ffe6ec4f625701d732b524988cb8b4,ts-toolbelt,6.13.6,latest,1594853679,274,0,0,0,0,0,0,0,0,0,0,0,0,0
millsp/ts-toolbelt,33f52fef2b2186e7e5ab2efd44735ce10369ee53,ts-toolbelt,6.13.6,latest,1594904223,274,0,0,0,0,0,0,0,0,0,0,0,0,0
millsp/ts-toolbelt,94fad024f6288c4bb940f06bab8e8b52871dbe2c,ts-toolbelt,6.13.7,latest,1594904244,274,0,0,0,0,0,0,0,0,0,0,0,0,0
millsp/ts-toolbelt,2a15c13bffb3b8abe004110a013101a16b51502e,ts-toolbelt,6.13.7,latest,1594904787,274,0,0,0,0,0,0,0,0,0,0,0,0,0
millsp/ts-toolbelt,43542e4d3cef4eed146ff89184380e608ef83867,ts-toolbelt,6.13.8,latest,1594904841,274,0,0,0,0,0,0,0,0,0,0,0,0,0
millsp/ts-toolbelt,3e1e2df66dde86acb83d408317476a36bdbc1885,ts-toolbelt,6.13.8,latest,1594905071,274,0,0,0,0,0,0,0,0,0,0,0,0,0
millsp/ts-toolbelt,df9d03807a56b200d527b3a8ac63ae62e6a17de1,ts-toolbelt,6.13.8,latest,1594905918,274,0,0,0,0,0,0,0,0,0,0,0,0,0
millsp/ts-toolbelt,900ac999cbffe44efb5ae52b2e9f4b32f97116a5,ts-toolbelt,6.13.9,latest,1594905934,274,0,0,0,0,0,0,0,0,0,0,0,0,0
millsp/ts-toolbelt,469f4ca914a8f0a1b9948d859d3cc87ba7cbc97e,ts-toolbelt,6.13.9,latest,1594906189,274,0,0,0,0,0,0,0,0,0,0,0,0,0
millsp/ts-toolbelt,3004a93f1e0a645d90f0f232bd9aae7b706ec803,ts-toolbelt,6.13.10,latest,1594906204,274,0,0,0,0,0,0,0,0,0,0,0,0,0
millsp/ts-toolbelt,7664c4fc64e84657d7046cb47fab0dcc7f7bbea9,ts-toolbelt,6.13.10,latest,1594906276,274,0,0,0,0,0,0,0,0,0,0,0,0,0
millsp/ts-toolbelt,8df7c68e7595ccfe3a29ef85cfc381034d8b11d6,ts-toolbelt,6.13.11,latest,1594906290,274,0,0,0,0,0,0,0,0,0,0,0,0,0
millsp/ts-toolbelt,c3d5242bd7669a00172a2b6fa05363a870ef858b,ts-toolbelt,6.13.11,latest,1595259107,274,0,0,0,0,0,0,0,0,0,0,0,0,0
millsp/ts-toolbelt,92fd7d08735fad5ea11f14b93ec8cc46b700e30a,ts-toolbelt,6.13.11,latest,1595259367,274,0,0,0,0,0,0,0,0,0,0,0,0,0
millsp/ts-toolbelt,0e788045d7c9e0e9d597a0994b4c91c143110846,ts-toolbelt,6.13.11,latest,1595260537,274,0,0,0,0,0,0,0,0,0,0,0,0,0
millsp/ts-toolbelt,a5bd316d35e2c497e25c4c2016bec1bc90e3851f,ts-toolbelt,6.13.12,latest,1595260690,274,0,0,0,0,0,0,0,0,0,0,0,0,0
millsp/ts-toolbelt,637cbe0bc28a16f0424a35183c05d80a0431ba69,ts-toolbelt,6.13.12,latest,1595264228,274,0,0,0,0,0,0,0,0,0,0,0,0,0
millsp/ts-toolbelt,538a2e91835ee551c50dd0a5380d4e49f068462b,ts-toolbelt,6.13.13,latest,1595264254,274,0,0,0,0,0,0,0,0,0,0,0,0,0
millsp/ts-toolbelt,fe867c75d0aac1ad133e964dfd45ff61b0f46958,ts-toolbelt,6.13.13,latest,1595264921,274,0,0,0,0,0,0,0,0,0,0,0,0,0
millsp/ts-toolbelt,335eb3214b39ace98fb58940f6304dae717f6c76,ts-toolbelt,6.13.13,latest,1595266752,274,0,0,0,0,0,0,0,0,0,0,0,0,0
millsp/ts-toolbelt,5d5aadb9fd15b08fcf7f3892ec04a0edeab6fddb,ts-toolbelt,6.13.14,latest,1595266784,274,0,0,0,0,0,0,0,0,0,0,0,0,0
millsp/ts-toolbelt,0a6af7b30bee303e9978f4d6e7438e10e79d4938,ts-toolbelt,6.13.14,latest,1595267499,274,0,0,0,0,0,0,0,0,0,0,0,0,0
millsp/ts-toolbelt,24c3d0098aafe985a15ddcf03d2d62e5106176c7,ts-toolbelt,6.13.14,latest,1595267622,274,0,0,0,0,0,0,0,0,0,0,0,0,0
millsp/ts-toolbelt,2528449063e21195b283068559f5a25825029fce,ts-toolbelt,6.13.15,latest,1595267728,274,0,0,0,0,0,0,0,0,0,0,0,0,0
millsp/ts-toolbelt,59dc1505b048e51db0af9c9524e4f52a71722cba,ts-toolbelt,6.13.15,next,1595274612,274,0,0,0,0,0,0,0,0,0,0,0,0,0
millsp/ts-toolbelt,1b3249042c188878d86ac5b22240ad06f57c86da,ts-toolbelt,6.13.15,next,1595275720,274,0,0,0,0,0,0,0,0,0,0,0,0,0
millsp/ts-toolbelt,9d0425e01d678a0e2008709ecebc87adb9f63988,ts-toolbelt,6.13.15,latest,1595285386,274,0,0,0,0,0,0,0,0,0,0,0,0,0
millsp/ts-toolbelt,f57a376c07f120511a561f60dd2412a3a8657afd,ts-toolbelt,6.13.15,next,1595285445,274,0,0,0,0,0,0,0,0,0,0,0,0,0
millsp/ts-toolbelt,2a27fb5183e9638bb0eee9e733fd3bd420e47c10,ts-toolbelt,6.13.15,next,1595332358,274,0,0,0,0,0,0,0,0,0,0,0,0,0
millsp/ts-toolbelt,c20c33a45732a5e45d0534f871d4154e8442c864,ts-toolbelt,6.13.15,next,1595337001,274,0,0,0,0,0,0,0,0,0,0,0,0,0
millsp/ts-toolbelt,0a63ebc552ede2919ecbccf3d6a8ee85b7ab9319,ts-toolbelt,6.13.15,next,1595337282,274,0,0,0,0,0,0,0,0,0,0,0,0,0
millsp/ts-toolbelt,0c52771a5963fefb7192fdb9dca72ce246f78b48,ts-toolbelt,6.13.15,latest,1595337523,274,0,0,0,0,0,0,0,0,0,0,0,0,0
millsp/ts-toolbelt,e9f2ac1e5cfbc5e2a96f6d930e5b8f4569c670c7,ts-toolbelt,6.13.16,latest,1595337555,274,0,0,0,0,0,0,0,0,0,0,0,0,0
millsp/ts-toolbelt,d3163b3b3da2d177ae0593b4837595fe72c1442a,ts-toolbelt,6.13.16,latest,1595341132,274,0,0,0,0,0,0,0,0,0,0,0,0,0
millsp/ts-toolbelt,1ce66ca990dc9d88a355871390d39fb6d5f17608,ts-toolbelt,7.0.0,next,1595341340,274,0,0,0,0,0,0,0,0,0,0,0,0,0
millsp/ts-toolbelt,aafc9a5586314a87a95c57bdc34fe7344a56601a,ts-toolbelt,6.13.17,latest,1595341377,274,0,0,0,0,0,0,0,0,0,0,0,0,0
millsp/ts-toolbelt,7118c7ff587c7ff8318e8b7cebb161eafb9a7b72,ts-toolbelt,7.0.0,next,1595341682,274,0,0,0,0,0,0,0,0,0,0,0,0,0
millsp/ts-toolbelt,2ce7a317a32640cc5bd888e874b8483792e5202f,ts-toolbelt,7.0.0,next,1595341694,274,0,0,0,0,0,0,0,0,0,0,0,0,0
millsp/ts-toolbelt,9831ec1e2859058a010c1a7c5568e2bd63679e40,ts-toolbelt,7.0.1,next,1595341733,274,0,0,0,0,0,0,0,0,0,0,0,0,0
millsp/ts-toolbelt,c3d74d9af88ad9942f852e2dbce2e34ac5e97682,ts-toolbelt,7.0.1,next,1595341739,274,0,0,0,0,0,0,0,0,0,0,0,0,0
millsp/ts-toolbelt,d87580b70e5b4cdf1c650d74480e48236f18e480,ts-toolbelt,7.0.4,next,1595341753,274,0,0,0,0,0,0,0,0,0,0,0,0,0
millsp/ts-toolbelt,3cd0c3505793927cdc183a975a20e564284cf99d,ts-toolbelt,7.0.4,next,1595341767,274,0,0,0,0,0,0,0,0,0,0,0,0,0
millsp/ts-toolbelt,30072530b32f1d3035c6bb4244b8870987e6a1d4,ts-toolbelt,7.0.4,next,1595341770,274,0,0,0,0,0,0,0,0,0,0,0,0,0
millsp/ts-toolbelt,71571f887633feb26b7204eaf1bb06265e524fb6,ts-toolbelt,7.0.4,next,1595342246,274,0,0,0,0,0,0,0,0,0,0,0,0,0
millsp/ts-toolbelt,85cd4c4e1bfa5ab8650845de54b09be2e2d0d46f,ts-toolbelt,7.0.4,next,1595342333,274,0,0,0,0,0,0,0,0,0,0,0,0,0
millsp/ts-toolbelt,0433807eeb5911adbe11fc0623706c1fc370afde,ts-toolbelt,6.13.17,latest,1595343707,274,0,0,0,0,0,0,0,0,0,0,0,0,0
millsp/ts-toolbelt,f43763a27858b0e8d27f4986ecae988686b6038b,ts-toolbelt,6.13.18,latest,1595343727,274,0,0,0,0,0,0,0,0,0,0,0,0,0
millsp/ts-toolbelt,dea41b185a9b466b472938574f904122fe2c0ca3,ts-toolbelt,6.13.18,latest,1595343925,274,0,0,0,0,0,0,0,0,0,0,0,0,0
millsp/ts-toolbelt,8f1b39b294cf1b8e4b47ef9fca8d4b58fb774596,ts-toolbelt,6.13.19,latest,1595343971,274,0,0,0,0,0,0,0,0,0,0,0,0,0
millsp/ts-toolbelt,f1fb1b0a4fc2533ebd8a40290ab5c87061955cdb,ts-toolbelt,7.0.4,next,1595344138,274,0,0,0,0,0,0,0,0,0,0,0,0,0
millsp/ts-toolbelt,c4a01a1d658dbafb4fb05b7c10c890f9745016b6,ts-toolbelt,7.0.4,next,1595344172,274,0,0,0,0,0,0,0,0,0,0,0,0,0
millsp/ts-toolbelt,2cfb4219433ce14c38414a9bc8e8181baa01f9f0,ts-toolbelt,8.0.0,next,1595344190,274,0,0,0,0,0,0,0,0,0,0,0,0,0
millsp/ts-toolbelt,8a887e4d2c1365d5b86c7ef8277c5c05957e2667,ts-toolbelt,8.0.0,next,1595344385,274,0,0,0,0,0,0,0,0,0,0,0,0,0
millsp/ts-toolbelt,548fa9e0c2df82543dcc44943ee27715b0fb3bc0,ts-toolbelt,6.13.17,next,1595344412,274,0,0,0,0,0,0,0,0,0,0,0,0,0
millsp/ts-toolbelt,c085fa543f007b3bcd524c2095b6cb5339eaa888,ts-toolbelt,6.13.18,next,1595344431,274,0,0,0,0,0,0,0,0,0,0,0,0,0
millsp/ts-toolbelt,d3a29121404f9035cfbe962734753bc863eb341d,ts-toolbelt,7.0.4,next,1595344455,274,0,0,0,0,0,0,0,0,0,0,0,0,0
millsp/ts-toolbelt,cd95e9e9c3fba92a9041ca2f6d03bfe7a51ca166,ts-toolbelt,7.0.5,next,1595344467,274,0,0,0,0,0,0,0,0,0,0,0,0,0
millsp/ts-toolbelt,3a80718ecd298f3a0953885507625e7aec381d25,ts-toolbelt,7.0.5,next,1595345848,274,0,0,0,0,0,0,0,0,0,0,0,0,0
millsp/ts-toolbelt,d5fc8cf5aeb8cb984b6fb91bf4f5a105a458d6b7,ts-toolbelt,6.13.19,latest,1595368617,274,0,0,0,0,0,0,0,0,0,0,0,0,0
millsp/ts-toolbelt,a7f5aa6d68e56fd891c78255caab82aaba44d045,ts-toolbelt,7.0.5,next,1595368644,274,0,0,0,0,0,0,0,0,0,0,0,0,0
millsp/ts-toolbelt,0a92d626d57eb51877d76b18dfa0bdf61ce2c271,ts-toolbelt,7.0.5,next,1595368729,274,0,0,0,0,0,0,0,0,0,0,0,0,0
millsp/ts-toolbelt,f1b2003fc92d9a887e20fd17b5a2b286cf52d422,ts-toolbelt,6.13.20,latest,1595370397,274,0,0,0,0,0,0,0,0,0,0,0,0,0
millsp/ts-toolbelt,fdc5f689f306511d3255636187ef887872c681c2,ts-toolbelt,6.13.20,3.7.5,1595373068,274,0,0,0,0,0,0,0,0,0,0,0,0,0
millsp/ts-toolbelt,c8d1b369a03aaf9893b4252238a1759d9adf045b,ts-toolbelt,6.13.20,next,1595373121,274,0,0,0,0,0,0,0,0,0,0,0,0,0
millsp/ts-toolbelt,39b95dff7371b7a324a3052f5c4e9355ff7e6c57,ts-toolbelt,6.13.21,next,1595373139,274,0,0,0,0,0,0,0,0,0,0,0,0,0
millsp/ts-toolbelt,9e09c854884a5a1044e2dc2ea1b70fbeb32b61af,ts-toolbelt,6.13.21,next,1595530293,274,0,0,0,0,0,0,0,0,0,0,0,0,0
millsp/ts-toolbelt,c11fa4441654065db6848a813ad0519ca0128e04,ts-toolbelt,6.13.21,next,1595537335,274,0,0,0,0,0,0,0,0,0,0,0,0,0
millsp/ts-toolbelt,ee8f155a5d455ce02519250d39d7cc70f5983806,ts-toolbelt,6.13.22,next,1595537557,274,0,0,0,0,0,0,0,0,0,0,0,0,0
millsp/ts-toolbelt,3fdfe4d6a87a6ae19899adea9f68c1bce49d940b,ts-toolbelt,6.13.22,next,1595538157,274,0,0,0,0,0,0,0,0,0,0,0,0,0
millsp/ts-toolbelt,eb967a273de2e175ecb0e15af11675c654899290,ts-toolbelt,6.13.23,next,1595538173,274,0,0,0,0,0,0,0,0,0,0,0,0,0
millsp/ts-toolbelt,f977829c85bbca5d5442dd711f327518e277c1f4,ts-toolbelt,6.13.23,next,1595539031,274,0,0,0,0,0,0,0,0,0,0,0,0,0
millsp/ts-toolbelt,efc3325548bc3f8d69fff9e8b3a5fa1d88eaf7f4,ts-toolbelt,6.13.24,next,1595539064,274,0,0,0,0,0,0,0,0,0,0,0,0,0
millsp/ts-toolbelt,40272c247979a136930d1632fc035591cf8b2c38,ts-toolbelt,7.0.5,next,1595539315,274,0,0,0,0,0,0,0,0,0,0,0,0,0
millsp/ts-toolbelt,a21ba4fed027f3b1147a16877df6ec63e430dd23,ts-toolbelt,6.13.24,next,1595539517,274,0,0,0,0,0,0,0,0,0,0,0,0,0
millsp/ts-toolbelt,820ad2995b8abb745fac8557bb33204117498e83,ts-toolbelt,7.0.5,next,1595539838,274,0,0,0,0,0,0,0,0,0,0,0,0,0
millsp/ts-toolbelt,f918471c1342c12102dff887d3c0e17502773724,ts-toolbelt,6.13.24,next,1595586503,274,0,0,0,0,0,0,0,0,0,0,0,0,0
millsp/ts-toolbelt,2f46c932ff850aca5c09962334ee8cdbcdd258c7,ts-toolbelt,6.13.24,next,1595590019,274,0,0,0,0,0,0,0,0,0,0,0,0,0
millsp/ts-toolbelt,04d54843d39913c32a9009971f44ab322ddf8303,ts-toolbelt,6.13.24,next,1595590105,274,0,0,0,0,0,0,0,0,0,0,0,0,0
millsp/ts-toolbelt,b9d138e6d2e49dcc1a97c47ca59623333eb4feda,ts-toolbelt,6.13.25,next,1595590125,274,0,0,0,0,0,0,0,0,0,0,0,0,0
millsp/ts-toolbelt,d8c49739ab006f4da528ae394bd7090369fa4035,ts-toolbelt,6.13.25,next,1595590644,274,0,0,0,0,0,0,0,0,0,0,0,0,0
millsp/ts-toolbelt,7f30483973ed32f461152eed2b7b20af435bb1b7,ts-toolbelt,6.13.26,latest,1595590971,274,0,0,0,0,0,0,0,0,0,0,0,0,0
millsp/ts-toolbelt,f12d7665af406a1580328946472a6bf3978d5a63,ts-toolbelt,6.13.26,next,1595599602,274,0,0,0,0,0,0,0,0,0,0,0,0,0
millsp/ts-toolbelt,280899b3b70e98ad3569805a7ed4ff184b574802,ts-toolbelt,6.13.26,next,1595602762,274,0,0,0,0,0,0,0,0,0,0,0,0,0
millsp/ts-toolbelt,4475d58661bf44448acac89c386a5d57842f6983,ts-toolbelt,6.13.26,next,1595602838,274,0,0,0,0,0,0,0,0,0,0,0,0,0
millsp/ts-toolbelt,c666786a9e07995578b5bbb5360972751c3546d2,ts-toolbelt,6.13.27,next,1595602859,274,0,0,0,0,0,0,0,0,0,0,0,0,0
millsp/ts-toolbelt,4a7ff68cfd61930da9deb8f41e34fe61248bd496,ts-toolbelt,7.0.5,next,1595602981,274,0,0,0,0,0,0,0,0,0,0,0,0,0
millsp/ts-toolbelt,7ca73e7c10c94579cfeeff20912d6e227116fe5d,ts-toolbelt,6.13.27,next,1595610918,274,0,0,0,0,0,0,0,0,0,0,0,0,0
millsp/ts-toolbelt,4e4b9692788033044bd9317f1b58726134be781a,ts-toolbelt,6.13.27,next,1595610939,274,0,0,0,0,0,0,0,0,0,0,0,0,0
millsp/ts-toolbelt,2d864e889c12bfd05b39e3c90c2fb6e9ddf47c51,ts-toolbelt,6.13.27,next,1595610957,274,0,0,0,0,0,0,0,0,0,0,0,0,0
millsp/ts-toolbelt,7acea64360ed49d2fab4cb2225319c8097ae6159,ts-toolbelt,7.0.5,next,1595611022,274,0,0,0,0,0,0,0,0,0,0,0,0,0
millsp/ts-toolbelt,e6ecd4fbc68ad74b91df9bb8996a0812af062e7d,ts-toolbelt,6.13.27,next,1595611190,274,0,0,0,0,0,0,0,0,0,0,0,0,0
millsp/ts-toolbelt,94b2b6d8ccbbc0754c9ce9ba32ce6540a3971d3e,ts-toolbelt,6.13.28,next,1595611210,274,0,0,0,0,0,0,0,0,0,0,0,0,0
millsp/ts-toolbelt,dc303b353ae9bd14c29d8a3426db489c698a6553,ts-toolbelt,6.13.28,next,1595700853,274,0,0,0,0,0,0,0,0,0,0,0,0,0
millsp/ts-toolbelt,b30331eb96df16be0e8195945b03571a9a80131b,ts-toolbelt,6.13.28,next,1595719799,274,0,0,0,0,0,0,0,0,0,0,0,0,0
millsp/ts-toolbelt,e53a5ded70d0a6428afb6dff05d0016caecf6df5,ts-toolbelt,6.13.28,next,1595783169,274,0,0,0,0,0,0,0,0,0,0,0,0,0
millsp/ts-toolbelt,86377bfc464bdeec4a9ee88c5ee208990408417c,ts-toolbelt,6.13.29,next,1595783196,274,0,0,0,0,0,0,0,0,0,0,0,0,0
millsp/ts-toolbelt,f49c6798967ed5e3765a94335999cdf13d5c2c77,ts-toolbelt,6.13.29,next,1595784029,274,0,0,0,0,0,0,0,0,0,0,0,0,0
millsp/ts-toolbelt,3e51d09594e5beccd6a9d7197ca8f6f4d39d84ee,ts-toolbelt,6.13.30,next,1595784049,274,0,0,0,0,0,0,0,0,0,0,0,0,0
millsp/ts-toolbelt,7ccaf1e02f8861d0c0c913c56cae11f2b7466bde,ts-toolbelt,6.13.30,next,1595784750,274,0,0,0,0,0,0,0,0,0,0,0,0,0
millsp/ts-toolbelt,5c20eacf701d53d8144f96471f9b9a6b5a59aae0,ts-toolbelt,6.13.30,next,1595784872,274,0,0,0,0,0,0,0,0,0,0,0,0,0
millsp/ts-toolbelt,a3f284bb512b1dc915b374859ad80c3ed1ec8903,ts-toolbelt,6.13.31,next,1595785064,274,0,0,0,0,0,0,0,0,0,0,0,0,0
millsp/ts-toolbelt,d51fc4c21486f379632290a3fd8c0ca267ab8cfa,ts-toolbelt,6.13.31,next,1595785156,274,0,0,0,0,0,0,0,0,0,0,0,0,0
millsp/ts-toolbelt,fb05cbeca0754131082b56b5a59d753b23a88f4b,ts-toolbelt,6.13.32,next,1595785172,274,0,0,0,0,0,0,0,0,0,0,0,0,0
millsp/ts-toolbelt,4a33041c433342e103bc6d0192f03f738a0f1ae3,ts-toolbelt,6.13.32,next,1595790286,274,0,0,0,0,0,0,0,0,0,0,0,0,0
millsp/ts-toolbelt,f86944ff00b970d7e2da48abbff43e58bdf29b99,ts-toolbelt,6.13.32,next,1595793251,274,0,0,0,0,0,0,0,0,0,0,0,0,0
millsp/ts-toolbelt,94f41ff83c2b84ca468c44525b3475aef42517eb,ts-toolbelt,6.13.32,next,1595795397,274,0,0,0,0,0,0,0,0,0,0,0,0,0
millsp/ts-toolbelt,e0779409a11fd1cf50d1330a77accadf45a6ad3a,ts-toolbelt,6.13.33,next,1595795418,274,0,0,0,0,0,0,0,0,0,0,0,0,0
millsp/ts-toolbelt,7727d91098e1d480db452d8f9164af3c5cca2022,ts-toolbelt,7.0.5,next,1595796912,274,0,0,0,0,0,0,0,0,0,0,0,0,0
millsp/ts-toolbelt,7f5cd5df0594797fee0827df785028b82167e275,ts-toolbelt,6.13.33,next,1595803220,274,0,0,0,0,0,0,0,0,0,0,0,0,0
millsp/ts-toolbelt,71dda67baeced11f1b3528a1a7416a83bcf7cadc,ts-toolbelt,6.13.33,next,1595867549,274,0,0,0,0,0,0,0,0,0,0,0,0,0
millsp/ts-toolbelt,c0d9ceb03a71e4ca9a51f6077662cb754a586aa2,ts-toolbelt,6.13.34,next,1595867602,274,0,0,0,0,0,0,0,0,0,0,0,0,0
millsp/ts-toolbelt,c783b7a2995528ce62749422c77bf249d1113e1a,ts-toolbelt,6.13.34,next,1596042500,274,0,0,0,0,0,0,0,0,0,0,0,0,0
millsp/ts-toolbelt,943408a70a27e8874122bb151a18b88311ad4e6f,ts-toolbelt,6.13.35,next,1596042522,274,0,0,0,0,0,0,0,0,0,0,0,0,0
millsp/ts-toolbelt,ca04ca6fba7ab40fee25abec2c68e9365064efda,ts-toolbelt,6.13.35,next,1596136360,274,0,0,0,0,0,0,0,0,0,0,0,0,0
millsp/ts-toolbelt,5e4de4b4cc8ed689e07b83d92f9939eb446eeef9,ts-toolbelt,6.13.35,next,1596136383,274,0,0,0,0,0,0,0,0,0,0,0,0,0
millsp/ts-toolbelt,6ffddf5b4fc467f7eabb0b219f30721bde886f27,ts-toolbelt,6.13.36,next,1596136766,274,0,0,0,0,0,0,0,0,0,0,0,0,0
millsp/ts-toolbelt,f5a91b3b5893744fe57e448090b955a88d38b43e,ts-toolbelt,6.13.36,next,1596191925,274,0,0,0,0,0,0,0,0,0,0,0,0,0
millsp/ts-toolbelt,41859fd7385886da9aab0824cb7281d8dd78c100,ts-toolbelt,6.13.37,next,1596191945,274,0,0,0,0,0,0,0,0,0,0,0,0,0
millsp/ts-toolbelt,8b9d49b191ada31dd6d966440443143dbeeeddd7,ts-toolbelt,6.13.37,next,1596384327,274,0,0,0,0,0,0,0,0,0,0,0,0,0
millsp/ts-toolbelt,f21312a8cbf1a562887e92263b36e6fc8b1e1d2c,ts-toolbelt,6.13.37,next,1596384347,274,0,0,0,0,0,0,0,0,0,0,0,0,0
millsp/ts-toolbelt,211de26da358601056dd922d63f832433d7a693b,ts-toolbelt,6.13.37,next,1596397851,274,0,0,0,0,0,0,0,0,0,0,0,0,0
millsp/ts-toolbelt,5e20d128c904e43f3adeadf3f71df1fcb05f90ca,ts-toolbelt,6.13.38,next,1596397867,274,0,0,0,0,0,0,0,0,0,0,0,0,0
millsp/ts-toolbelt,ab49de4f5eb457cd0ad7a8a3307b2a60da975af6,ts-toolbelt,6.13.38,next,1596402632,274,0,0,0,0,0,0,0,0,0,0,0,0,0
millsp/ts-toolbelt,f130dae6665064502e4113118205babd59888ff5,ts-toolbelt,6.13.39,next,1596402665,274,0,0,0,0,0,0,0,0,0,0,0,0,0
millsp/ts-toolbelt,804d140d63e93119febb9da100de6eba4c72f655,ts-toolbelt,6.13.39,next,1596635684,274,0,0,0,0,0,0,0,0,0,0,0,0,0
millsp/ts-toolbelt,66dd2edd8b8d7f7e7224ccf72720957f3ede337f,ts-toolbelt,6.13.39,next,1596636596,274,0,0,0,0,0,0,0,0,0,0,0,0,0
millsp/ts-toolbelt,65bed13d5332c2e5b4bd09b4dfab1fb09d81552c,ts-toolbelt,6.14.0,next,1596636614,274,0,0,0,0,0,0,0,0,0,0,0,0,0
millsp/ts-toolbelt,45056737ed780ce949c74e8c8168c6dcd1fea06a,ts-toolbelt,6.14.0,next,1596637433,274,0,0,0,0,0,0,0,0,0,0,0,0,0
millsp/ts-toolbelt,04c2d701b3d289b4b375d7eaa43b0589c63ce3f1,ts-toolbelt,6.15.0,next,1596637450,274,0,0,0,0,0,0,0,0,0,0,0,0,0
millsp/ts-toolbelt,c493887ef1dd2e6648a4107932f002ea400010e0,ts-toolbelt,6.15.0,next,1596924658,274,0,0,0,0,0,0,0,0,0,0,0,0,0
millsp/ts-toolbelt,93bebed6d44377837a40ef8928b821b3cfa400b8,ts-toolbelt,6.15.0,next,1596924684,274,0,0,0,0,0,0,0,0,0,0,0,0,0
millsp/ts-toolbelt,5f1461bfffdc4da7d60a2875dea0590acc340801,ts-toolbelt,6.15.0,next,1596924695,274,0,0,0,0,0,0,0,0,0,0,0,0,0
millsp/ts-toolbelt,056e42ff0fe95fd378f56598dae4757219c204cc,ts-toolbelt,6.15.0,next,1596924864,274,0,0,0,0,0,0,0,0,0,0,0,0,0
millsp/ts-toolbelt,a2c1fb288316bc7c2b93d622b68a1502a4918258,ts-toolbelt,6.15.1,next,1596924881,274,0,0,0,0,0,0,0,0,0,0,0,0,0
millsp/ts-toolbelt,35c09ffe098486db7189524d7f8cb65bf9afda54,ts-toolbelt,6.15.1,next,1597055649,274,0,0,0,0,0,0,0,0,0,0,0,0,0
millsp/ts-toolbelt,ccdf90bf558f82716362758ccd57188f089a985a,ts-toolbelt,6.15.1,next,1597138263,274,0,0,0,0,0,0,0,0,0,0,0,0,0
millsp/ts-toolbelt,d1268a7d8b08dea718c602b24b16ef0313f1a97a,ts-toolbelt,6.15.2,next,1597138297,274,0,0,0,0,0,0,0,0,0,0,0,0,0
millsp/ts-toolbelt,96424cf9f00d46bbf9330fdcefca37b29e9e53d9,ts-toolbelt,6.15.2,next,1597149236,274,0,0,0,0,0,0,0,0,0,0,0,0,0
millsp/ts-toolbelt,8e1fe3961bac8504877274308a2380a973dc2460,ts-toolbelt,6.15.2,next,1597149419,274,0,0,0,0,0,0,0,0,0,0,0,0,0
millsp/ts-toolbelt,6729d7f3e8b5d3562c37ebdbc0792d98a44d626d,ts-toolbelt,6.15.2,next,1597150186,274,0,0,0,0,0,0,0,0,0,0,0,0,0
millsp/ts-toolbelt,e95ee1146854753ea4d9df092b13bcf68e3e2859,ts-toolbelt,6.15.2,next,1597150199,274,0,0,0,0,0,0,0,0,0,0,0,0,0
millsp/ts-toolbelt,44b2a1abda5c00969686ef48bb4243d3f3b63dd8,ts-toolbelt,6.15.3,next,1597150226,274,0,0,0,0,0,0,0,0,0,0,0,0,0
millsp/ts-toolbelt,0a245a320def6bc0926fc56501209a0259304f79,ts-toolbelt,6.15.3,next,1597185966,274,0,0,0,0,0,0,0,0,0,0,0,0,0
millsp/ts-toolbelt,fea6147d105db5d898523c21552ba4499ce32523,ts-toolbelt,6.15.4,next,1597185988,274,0,0,0,0,0,0,0,0,0,0,0,0,0
millsp/ts-toolbelt,249fdf6f2283a7ed496f408fc878ee0fa7a606d2,ts-toolbelt,6.15.4,next,1597333857,274,0,0,0,0,0,0,0,0,0,0,0,0,0
millsp/ts-toolbelt,a535da730964af8313eb68c6cdeff930afc2ef19,ts-toolbelt,6.15.5,next,1597333876,274,0,0,0,0,0,0,0,0,0,0,0,0,0
millsp/ts-toolbelt,b7ed5ac19d35307ba9649e0ebff274a0c8371173,ts-toolbelt,7.0.5,next,1597572527,274,0,0,0,0,0,0,0,0,0,0,0,0,0
millsp/ts-toolbelt,1861c4e890a6001b58f2dcbacdab0f72c0859f98,ts-toolbelt,8.0.0,next,1598197759,274,0,0,0,0,0,0,0,0,0,0,0,0,0
millsp/ts-toolbelt,ce4d99df802c4edb8b525a1e61755c9df3a27bb2,ts-toolbelt,7.0.6,next,1598198013,274,0,0,0,0,0,0,0,0,0,0,0,0,0
millsp/ts-toolbelt,7272559171a1acaa085671b1fef69dae6f00bc7a,ts-toolbelt,7.0.7,next,1598198031,274,0,0,0,0,0,0,0,0,0,0,0,0,0
millsp/ts-toolbelt,2f4250bcaf39e70ffbd52bdac47fcce656d9ba1d,ts-toolbelt,8.0.0,next,1598221065,274,0,0,0,0,0,0,0,0,0,0,0,0,0
millsp/ts-toolbelt,e53246dc24aca51f5e71d8f65ce6532f5fe00268,ts-toolbelt,8.0.0,next,1598221166,274,0,0,0,0,0,0,0,0,0,0,0,0,0
millsp/ts-toolbelt,b1d5a2a345da1821c9fee0566ecc79e016fff586,ts-toolbelt,8.0.1,next,1598221230,274,0,0,0,0,0,0,0,0,0,0,0,0,0
millsp/ts-toolbelt,fd1fa49c76abec9c8a23f37574c8074b30222382,ts-toolbelt,8.0.1,next,1598221396,274,0,0,0,0,0,0,0,0,0,0,0,0,0
millsp/ts-toolbelt,03aa8c6d1805c174305532c8b9c265f6e6bfe97b,ts-toolbelt,8.0.2,next,1598221412,274,0,0,0,0,0,0,0,0,0,0,0,0,0
millsp/ts-toolbelt,dbe5447fb5b77e9a6c03554f3a8d3c0302ba0cc1,ts-toolbelt,8.0.2,next,1598221481,274,0,0,0,0,0,0,0,0,0,0,0,0,0
millsp/ts-toolbelt,3d4544e1e66fed530e1443d7b67be616c2f26440,ts-toolbelt,8.0.3,next,1598221498,274,0,0,0,0,0,0,0,0,0,0,0,0,0
millsp/ts-toolbelt,c3a9584687c9425a33ab5da555e22bf158e4ee29,ts-toolbelt,8.0.3,next,1598737762,274,0,0,0,0,0,0,0,0,0,0,0,0,0
millsp/ts-toolbelt,50d692791570f1dd2dc069a73b42c6e0d3c690e2,ts-toolbelt,8.0.3,next,1598738091,274,0,0,0,0,0,0,0,0,0,0,0,0,0
millsp/ts-toolbelt,18fc0312a6fc5cd7efd1d7d86712c75d48490e2f,ts-toolbelt,8.0.4,next,1598738110,274,0,0,0,0,0,0,0,0,0,0,0,0,0
millsp/ts-toolbelt,8915a03251e275d06117eb93833dd86adeec50ba,ts-toolbelt,8.0.4,next,1599907136,274,0,0,0,0,0,0,0,0,0,0,0,0,0
millsp/ts-toolbelt,be381423a520c890edcd78b894184d8f7dc52eab,ts-toolbelt,8.0.4,next,1599909106,272,0,0,0,0,0,0,0,0,0,0,0,0,0
millsp/ts-toolbelt,3859d1819021800b96ed815abf5c300eb7b8f926,ts-toolbelt,8.0.5,next,1599909169,272,0,0,0,0,0,0,0,0,0,0,0,0,0
millsp/ts-toolbelt,d62494dc9eeb2cc0a036666deae544a039afafa9,ts-toolbelt,8.0.5,next,1600116138,272,0,0,0,0,0,0,0,0,0,0,0,0,0
millsp/ts-toolbelt,c7b2d98bf823526eaeedd6aa60411a85ab2a2a4b,ts-toolbelt,8.0.5,next,1600117612,272,0,0,0,0,0,0,0,0,0,0,0,0,0
millsp/ts-toolbelt,cdac364b8493f93be44e48f0d7b8017e662b8c68,ts-toolbelt,8.0.5,next,1600122486,272,0,0,0,0,0,0,0,0,0,0,0,0,0
millsp/ts-toolbelt,1f663cbe4b4a9e7a0ae89c05f824335f2a0857fd,ts-toolbelt,8.0.5,next,1600123076,272,0,0,0,0,0,0,0,0,0,0,0,0,0
millsp/ts-toolbelt,94ae2f12be155e8d9efc7328116016384910b271,ts-toolbelt,8.0.6,next,1600123091,272,0,0,0,0,0,0,0,0,0,0,0,0,0
millsp/ts-toolbelt,8f0f49f05877f7ca6a9400f9134462f0f5e5c959,ts-toolbelt,8.0.6,next,1600210976,272,0,0,0,0,0,0,0,0,0,0,0,0,0
millsp/ts-toolbelt,bd9b21236b0ceadcc9a0d20f6419b0deb2d0fd75,ts-toolbelt,8.0.6,next,1600211863,272,0,0,0,0,0,0,0,0,0,0,0,0,0
millsp/ts-toolbelt,18e12c9968fb8ab90d5ffb645ca4714c08b7d720,ts-toolbelt,8.0.6,next,1600211990,272,0,0,0,0,0,0,0,0,0,0,0,0,0
millsp/ts-toolbelt,3511dae425fa3c3d4bae38f7d343c3bfd9620933,ts-toolbelt,8.0.6,next,1600265362,272,0,0,0,0,0,0,0,0,0,1,0,0,0
millsp/ts-toolbelt,4fe00463db4b124c6ba0ab0135e9a757dd334c6e,ts-toolbelt,8.0.6,next,1600292749,272,0,0,0,0,0,0,0,0,0,1,0,0,0
millsp/ts-toolbelt,454086f46e5f5d547844eaba58f591d5d2ee1261,ts-toolbelt,8.0.6,next,1600297836,272,0,0,0,0,0,0,0,0,0,1,0,0,0
millsp/ts-toolbelt,a701fec904ab929b62a0513b58688e052c7bfcbe,ts-toolbelt,8.0.6,next,1600299512,272,0,0,0,0,0,0,0,0,0,1,0,0,0
millsp/ts-toolbelt,91f7eaf338f4f72fe587faf3d88468894cc3400b,ts-toolbelt,8.0.6,next,1600301673,272,0,0,0,0,0,0,0,0,0,1,0,0,0
millsp/ts-toolbelt,b333b824e4882f350cf709f3a00d6791f99bb9e2,ts-toolbelt,8.0.6,next,1600302038,272,0,0,0,0,0,0,0,0,0,1,0,0,0
millsp/ts-toolbelt,d2339f42246105e46f6982d5ee95135138b0da1b,ts-toolbelt,8.0.6,next,1600339986,272,0,0,0,0,0,0,0,0,0,1,0,0,0
millsp/ts-toolbelt,e9b7b127ccacd6936eccfc223ad03229dd5784f1,ts-toolbelt,8.1.0,next,1600353252,272,0,0,0,0,0,0,0,0,0,1,0,0,0
millsp/ts-toolbelt,218f55bb723f936260e3a330094ca60b25089ef1,ts-toolbelt,8.1.0,next,1600354006,272,0,0,0,0,0,0,0,0,0,1,0,0,0
millsp/ts-toolbelt,32d80b9534c7704933ca3c16b47802d55189c6fc,ts-toolbelt,8.1.0,next,1600355102,272,0,0,0,0,0,0,0,0,0,1,0,0,0
millsp/ts-toolbelt,6ab22749c2260a273b607efff908d1695d4b7962,ts-toolbelt,8.2.0,next,1600355121,272,0,0,0,0,0,0,0,0,0,1,0,0,0
millsp/ts-toolbelt,e2f2ee4944d266347056f1c7531d24bf4e1ba719,ts-toolbelt,8.2.0,4.1.0-dev.20200917,1600355858,272,0,0,0,0,0,0,0,0,0,1,0,0,0
millsp/ts-toolbelt,a2c42779cadd231a16e02e3549182769554b3550,ts-toolbelt,8.3.0,4.1.0-dev.20200917,1600355872,272,0,0,0,0,0,0,0,0,0,1,0,0,0
millsp/ts-toolbelt,ac0845e6bbdeb57a79046b5d2cbb82456c3379d2,ts-toolbelt,8.3.0,4.1.0-dev.20200917,1600902029,272,0,0,0,0,0,0,0,0,0,1,0,0,0
millsp/ts-toolbelt,31ddbbf080942037659a2f196439cbb2ce43902d,ts-toolbelt,8.4.0,4.1.0-dev.20200917,1600902058,272,0,0,0,0,0,0,0,0,0,1,0,0,0
millsp/ts-toolbelt,bc60f4190d9ddb0bc97a5494865e76b4a11bf539,ts-toolbelt,8.0.6,next,1601045270,272,0,0,0,0,0,0,0,0,0,0,0,0,0
millsp/ts-toolbelt,ff8f99a144b0edfc00d050aff772ea6e9ca87390,ts-toolbelt,8.0.6,next,1601046602,272,0,0,0,0,0,0,0,0,0,0,0,0,0
millsp/ts-toolbelt,9fe52f5f48932fe4b59c4ced4e8bab6e0c488d80,ts-toolbelt,8.0.6,next,1601046666,272,0,0,0,0,0,0,0,0,0,0,0,0,0
millsp/ts-toolbelt,75e9b6de8e5031d51392e5e582bcb55775566238,ts-toolbelt,8.0.6,next,1601049698,272,0,0,0,0,0,0,0,0,0,0,0,0,0
millsp/ts-toolbelt,da05b6349bda5bd55d6e674fd9bb4199e8bb2fd4,ts-toolbelt,8.0.6,next,1601108046,272,0,0,0,0,0,0,0,0,0,0,0,0,0
millsp/ts-toolbelt,1835871583a4ebf1cd4698178eca9b2eaf31afe9,ts-toolbelt,8.4.0,4.1.0-dev.20200917,1601986644,272,0,0,0,0,0,0,0,0,0,1,0,0,0
millsp/ts-toolbelt,86b82c475e75eabf21ca668125d34bac75d7c60e,ts-toolbelt,8.0.6,next,1601987250,272,0,0,0,0,0,0,0,0,0,0,0,0,0
millsp/ts-toolbelt,51c9df18bdf0cdeec016ad5715620023f7434897,ts-toolbelt,8.0.7,next,1601987276,272,0,0,0,0,0,0,0,0,0,0,0,0,0
millsp/ts-toolbelt,a505686f851ba7dc377faa8c60d4e9770e4a10ab,ts-toolbelt,8.4.0,4.1.0-dev.20200917,1604170829,272,0,0,0,0,0,0,0,0,0,1,0,0,0
millsp/ts-toolbelt,df4920ac71f2e944e9cd0eb0d18675dcb70ba6dc,ts-toolbelt,8.4.0,4.1.0-dev.20200917,1604171029,272,0,0,0,0,0,0,0,0,0,1,0,0,0
millsp/ts-toolbelt,1fb2e550b843379544ff308c7fbb237fbb92dbfc,ts-toolbelt,8.4.0,4.1.0-dev.20200917,1604679434,272,0,0,0,0,0,0,0,0,0,1,0,0,0
millsp/ts-toolbelt,7c8c752eb7468de9f848b3b424348e0f42ac5dff,ts-toolbelt,8.4.0,4.1.0-dev.20200917,1611883177,272,0,0,0,0,0,0,0,0,0,1,0,0,0
millsp/ts-toolbelt,ba23a15e09aac327c7f117a994a4856fbb2b2aae,ts-toolbelt,8.4.0,next,1611883207,252,0,0,0,0,0,0,0,0,0,1,0,1,0
millsp/ts-toolbelt,c3c4642d6c3b1108540d919e1a6a678fb61bb585,ts-toolbelt,8.4.0,next,1611883467,252,0,0,0,0,0,0,0,0,0,1,0,1,0
millsp/ts-toolbelt,617609c1e30de94552a2f519a133a0d9b3a0ba9f,ts-toolbelt,8.4.0,next,1611885814,253,0,0,0,0,0,0,0,0,0,1,0,1,0
millsp/ts-toolbelt,292f58f3881c292d3f53ddb5719c59fea66cbfa6,ts-toolbelt,8.4.0,next,1611886438,253,0,0,0,0,0,0,0,0,0,1,0,1,0
millsp/ts-toolbelt,9878905be702897b4d313fd4ab7d3abc4ba4d2ba,ts-toolbelt,8.4.0,next,1611886924,253,0,0,0,0,0,0,0,0,0,1,0,1,0
millsp/ts-toolbelt,16fc2e592fb12277ec3e7e4adb4c6237623a7224,ts-toolbelt,8.4.0,next,1611887493,253,0,0,0,0,0,0,0,0,0,1,0,1,0
millsp/ts-toolbelt,7d6c44df57c5024d565041e33894660d868a2d86,ts-toolbelt,8.4.0,next,1611887524,253,0,0,0,0,0,0,0,0,0,1,0,1,0
millsp/ts-toolbelt,62b2514cdf77393776db1ee05ef21a40b5ff9343,ts-toolbelt,8.4.0,next,1611887549,253,0,0,0,0,0,0,0,0,0,1,0,1,0
millsp/ts-toolbelt,5680cd61fcfb3e0bd61853bcce11835409f4b0be,ts-toolbelt,8.4.0,,1611965346,253,0,0,0,0,0,0,0,0,0,1,0,1,0
millsp/ts-toolbelt,eceb9592d59b29f63375245a70cebc4da34ae5f6,ts-toolbelt,8.4.0,next,1611965572,253,0,0,0,0,0,0,0,0,0,1,0,1,0
millsp/ts-toolbelt,cf68a44c4ac3ed78d6f51ea13a7f26d465195465,ts-toolbelt,8.5.0,next,1611968853,253,0,0,0,0,0,0,0,0,0,1,0,1,0
millsp/ts-toolbelt,81e7241a207139a0e16100dcd7dbab0c8c399cd8,ts-toolbelt,8.5.1,next,1611968903,253,0,0,0,0,0,0,0,0,0,1,0,1,0
millsp/ts-toolbelt,0368b2604087a9335ae8596a405e5573f9753be7,ts-toolbelt,8.5.2,next,1611969106,253,0,0,0,0,0,0,0,0,0,1,0,1,0
millsp/ts-toolbelt,c1669b41975ad2402dcbacf9d6908ca6c667ca28,ts-toolbelt,8.5.2,next,1611969505,254,0,0,0,0,0,0,0,0,0,1,0,1,0
millsp/ts-toolbelt,ade34531de37f57ca03a883f48da99d9c9220d90,ts-toolbelt,9.0.0,next,1611970551,254,0,0,0,0,0,0,0,0,0,1,0,1,0
millsp/ts-toolbelt,9515358c0de5a6e7ec1020996563477080c06ac4,ts-toolbelt,9.0.0,next,1611970706,254,0,0,0,0,0,0,0,0,0,1,0,1,0
millsp/ts-toolbelt,3e49eea48ec3db5eaa1951a88bc227f5d31b86d6,ts-toolbelt,9.1.0,next,1611970922,253,0,0,0,0,0,0,0,0,0,1,0,1,0
millsp/ts-toolbelt,ba6f1f759b745ce665ddbb98ea439f130ab12f9d,ts-toolbelt,9.1.0,next,1611972837,253,0,0,0,0,0,0,0,0,0,1,0,1,0
millsp/ts-toolbelt,cc94e92b061ab77967c98d1b3e98bd2b2ceb1297,ts-toolbelt,9.1.1,next,1611972876,253,0,0,0,0,0,0,0,0,0,1,0,1,0
millsp/ts-toolbelt,fdeab89193b0a2952fec97705f8bfb779f0aacec,ts-toolbelt,9.1.1,next,1611973054,253,0,0,0,0,0,0,0,0,0,1,0,1,0
millsp/ts-toolbelt,ba3121deb242557255860d6fa935e438808abd05,ts-toolbelt,9.1.2,next,1611973077,253,0,0,0,0,0,0,0,0,0,1,0,1,0
millsp/ts-toolbelt,674ba6e0a9942655bb3857567eb913d21a3f2a72,ts-toolbelt,9.1.2,4.1.3,1611973644,253,0,0,0,0,0,0,0,0,0,1,0,1,0
millsp/ts-toolbelt,4ff7806b53941a694228f21d989e7426226d66c2,ts-toolbelt,9.1.3,4.1.3,1611973666,253,0,0,0,0,0,0,0,0,0,1,0,1,0
millsp/ts-toolbelt,02e8b0073202365fb432ad85d4fd458c4ae2f883,ts-toolbelt,9.1.3,4.1.3,1611973964,253,0,0,0,0,0,0,0,0,0,1,0,1,0
millsp/ts-toolbelt,0ca99b398e01ccb8fd5b36c614f5e97fa52ab760,ts-toolbelt,9.1.4,4.1.3,1611973986,253,0,0,0,0,0,0,0,0,0,1,0,1,0
millsp/ts-toolbelt,7a099e97ec5e8fb0e5dc1bfd31b5d4991bef26f6,ts-toolbelt,9.1.4,4.1.3,1611974232,253,0,0,0,0,0,0,0,0,0,1,0,1,0
millsp/ts-toolbelt,b30f83204ff2c9e29b0641b9113c6cab8ebdbd60,ts-toolbelt,9.1.5,4.1.3,1611974255,253,0,0,0,0,0,0,0,0,0,1,0,1,0
millsp/ts-toolbelt,cc553c596d8e96735b7df0372849dc9692c32b2b,ts-toolbelt,9.1.5,4.1.3,1611974565,253,0,0,0,0,0,0,0,0,0,1,0,1,0
millsp/ts-toolbelt,dc22e36dee1e2a71551f782c143279e45bdee610,ts-toolbelt,9.1.6,4.1.3,1611974641,253,0,0,0,0,0,0,0,0,0,1,0,1,0
millsp/ts-toolbelt,fda935d344bcee55374c9fc273b5301f79d0baad,ts-toolbelt,9.1.6,4.1.3,1611976187,253,0,0,0,0,0,0,0,0,0,1,0,1,0
millsp/ts-toolbelt,6a103ab78ed44aac9af275c543722efa0dabfa46,ts-toolbelt,9.1.6,4.1.3,1611976227,253,0,0,0,0,0,0,0,0,0,1,0,1,0
millsp/ts-toolbelt,3564cb964c59613bf9e3ba33891a39d9055263cd,ts-toolbelt,9.1.7,4.1.3,1611976254,253,0,0,0,0,0,0,0,0,0,1,0,1,0
millsp/ts-toolbelt,fca726cfe05c306fc6925f935aa02c44dcdeda0c,ts-toolbelt,9.1.7,4.1.3,1612013505,253,0,0,0,0,0,0,0,0,0,1,0,1,0
millsp/ts-toolbelt,0a7c836f1532b7f32b377bfa02333a6a28dfb128,ts-toolbelt,9.1.7,4.1.0,1612013767,253,0,0,0,0,0,0,0,0,0,1,0,1,0
millsp/ts-toolbelt,f21604d8ce394042abe7b4747029776ae4d74b70,ts-toolbelt,9.1.7,4.1.0,1612023540,253,0,0,0,0,0,0,0,0,0,1,0,1,0
millsp/ts-toolbelt,b49489d6aaa5f0095977f74e75eba1568c2adbf1,ts-toolbelt,9.1.7,4.1.0,1612025274,255,0,0,0,0,0,0,0,0,0,1,0,1,0
millsp/ts-toolbelt,e39ad90e3bf3fe875ba445adc68f7a5265419d76,ts-toolbelt,9.1.7,4.1.0,1612025871,255,0,0,0,0,0,0,0,0,0,1,0,1,0
millsp/ts-toolbelt,3b62addbe39b801877caee6ab9b2f173ed552b8f,ts-toolbelt,9.1.7,4.1.0,1612031895,255,0,0,0,0,0,0,0,0,0,1,0,1,0
millsp/ts-toolbelt,678d118c3fcc9be537a6b0c8cf8c02fa8ed3a7b6,ts-toolbelt,9.1.7,4.1.0,1612062080,255,0,0,0,0,0,0,0,0,0,1,0,1,0
millsp/ts-toolbelt,6c8081978326eacbc4798b9b7838a3d718fa3dda,ts-toolbelt,9.1.7,4.1.0,1612062177,254,0,0,0,0,0,0,0,0,0,1,0,1,0
millsp/ts-toolbelt,6830e2c01e51b341f6956c37e3d03d56fdc75cf2,ts-toolbelt,9.1.7,4.1.0,1612062226,260,0,0,0,0,0,0,0,0,0,1,0,1,0
millsp/ts-toolbelt,6fb01dc2ffd3972501184d0aa4ff6083fc1bcf83,ts-toolbelt,9.1.7,4.1.0,1612128166,260,0,0,0,0,0,0,0,0,0,1,0,1,0
millsp/ts-toolbelt,0f87d89c0e18da742863f144a5ab3ae9a804238c,ts-toolbelt,9.1.7,4.1.0,1612147777,260,0,0,0,0,0,0,0,0,0,1,0,1,0
millsp/ts-toolbelt,72ace57dcf3c7ec0ecad689f934d7aa385d089ec,ts-toolbelt,9.1.7,4.1.0,1612147807,260,0,0,0,0,0,0,0,0,0,1,0,1,0
millsp/ts-toolbelt,eb27798b1c85bf3f1912832d2146b7a00ba82c1e,ts-toolbelt,9.1.7,4.1.0,1612147851,260,0,0,0,0,0,0,0,0,0,1,0,1,0
millsp/ts-toolbelt,9f33d5631657a83dfd02824fbec6b67ecbc17de2,ts-toolbelt,9.1.7,4.1.0,1612197900,260,0,0,0,0,0,0,0,0,0,1,0,1,0
millsp/ts-toolbelt,258b79eacb04c47eb2182c563db403e0e011879f,ts-toolbelt,9.1.7,4.1.0,1612210882,258,0,0,0,0,0,0,0,0,0,1,0,1,0
millsp/ts-toolbelt,0b6efd4fca73a458a4f234f053b02da53ac19726,ts-toolbelt,9.1.7,4.1.0,1612211012,258,0,0,0,0,0,0,0,0,0,1,0,1,0
millsp/ts-toolbelt,fa79fdfe758e5e2c910ccc1594a64b9fbf963158,ts-toolbelt,9.1.7,4.1.0,1612211040,259,0,0,0,0,0,0,0,0,0,1,0,1,0
millsp/ts-toolbelt,2aa802a4b271fe1b4f8fa78179633e577ea4f918,ts-toolbelt,9.1.7,4.1.0,1612212427,260,0,0,0,0,0,0,0,0,0,1,0,1,0
millsp/ts-toolbelt,309c3b005712a3f1552ea21e59be335dbc4125b1,ts-toolbelt,9.1.7,4.1.0,1612213893,259,0,0,0,0,0,0,0,0,0,1,0,1,0
millsp/ts-toolbelt,5c3a729a92ddc82a0fbd2710c7ffdf84020c2042,ts-toolbelt,9.1.7,4.1.0,1612213985,259,0,0,0,0,0,0,0,0,0,1,0,1,0
millsp/ts-toolbelt,0c1ef3f15fd3f5f8a1af9b1c2661066d131acca9,ts-toolbelt,9.1.7,4.1.0,1612215028,259,0,0,0,0,0,0,0,0,0,1,0,1,0
millsp/ts-toolbelt,49fbe2830e10be5b9fd33946e8f0cec537a5232f,ts-toolbelt,9.1.7,4.1.0,1612225888,259,0,0,0,0,0,0,0,0,0,1,0,1,0
millsp/ts-toolbelt,fed1ca676a40a5f9cde8c65fe01521e87e36d496,ts-toolbelt,9.1.7,4.1.0,1612232323,258,0,0,0,0,0,0,0,0,0,1,0,1,0
millsp/ts-toolbelt,6c4ec3cfb573ed455986ab30cc58e02b9d67dc15,ts-toolbelt,9.1.7,4.1.0,1612233068,258,0,0,0,0,0,0,0,0,0,1,0,1,0
millsp/ts-toolbelt,782915b1b85bb8be5318a5f0fc473fe90fbf5236,ts-toolbelt,9.1.7,4.1.0,1612234077,255,0,0,0,0,0,0,0,0,0,1,0,1,0
millsp/ts-toolbelt,de83954c2b4e5de67a0a8e6118b271e72069edb8,ts-toolbelt,9.1.7,4.1.0,1612234940,255,0,0,0,0,0,0,0,0,0,1,0,1,0
millsp/ts-toolbelt,e0711a06a261a9c4ba46187726403929fbfc6be9,ts-toolbelt,9.1.7,4.1.0,1612235974,255,0,0,0,0,0,0,0,0,0,1,0,1,0
millsp/ts-toolbelt,0a5d9e58a8ff29e8ce8074bbd20ffb771eb705e2,ts-toolbelt,9.1.7,4.1.0,1612236682,254,0,0,0,0,0,0,0,0,0,1,0,1,0
millsp/ts-toolbelt,3349bafcae28d8ce8b7a3245a77ff3aab9f12d1d,ts-toolbelt,9.1.7,4.1.0,1612239166,254,0,0,0,0,0,0,0,0,0,1,0,1,0
millsp/ts-toolbelt,fd03c53dec985a217587687a4d584688525fc955,ts-toolbelt,9.2.0,4.1.0,1612239401,254,0,0,0,0,0,0,0,0,0,1,0,1,0
millsp/ts-toolbelt,d17b4acd23196b50d25d26c3a5aff70f9c3ddd6c,ts-toolbelt,9.2.0,4.1.0,1612278865,254,0,0,0,0,0,0,0,0,0,1,0,1,0
millsp/ts-toolbelt,72d335a8ad04f948a2ee56451fd18b9444904af6,ts-toolbelt,9.3.0,4.1.0,1612278884,254,0,0,0,0,0,0,0,0,0,1,0,1,0
millsp/ts-toolbelt,6dcd2ca8c5a9317fcf91f6a55b5fae12f6a163e1,ts-toolbelt,9.3.0,4.1.0,1612280385,254,0,0,0,0,0,0,0,0,0,1,0,1,0
millsp/ts-toolbelt,d27005c1c15a7f650d53c2fb6095dcc181baa498,ts-toolbelt,9.3.0,4.1.0,1612288823,254,0,0,0,0,0,0,0,0,0,1,0,1,0
millsp/ts-toolbelt,f857d203f20c89b499000be24bd2ec95648613c1,ts-toolbelt,9.3.0,4.1.0,1612289115,254,0,0,0,0,0,0,0,0,0,1,0,1,0
millsp/ts-toolbelt,17435a1fa2e0a2f3db99dcefe7a4ca6fb2bcd57e,ts-toolbelt,9.3.1,4.1.0,1612289132,254,0,0,0,0,0,0,0,0,0,1,0,1,0
millsp/ts-toolbelt,45616199d43590e1723a22cc294eafddecb27842,ts-toolbelt,9.3.1,4.1.0,1612292584,254,0,0,0,0,0,0,0,0,0,1,0,1,0
millsp/ts-toolbelt,132963ab80f938a5dd6ed1fdc6a2d6f718f54aa0,ts-toolbelt,9.3.1,4.1.0,1612293311,254,0,0,0,0,0,0,0,0,0,1,0,1,0
millsp/ts-toolbelt,420920a653cf0363ef0b25098861ecbb258ffc55,ts-toolbelt,9.3.1,4.1.0,1612295818,254,0,0,0,0,0,0,0,0,0,1,0,1,0
millsp/ts-toolbelt,af493840c65e04fda111acc4b76dbdd5bdd7f0b7,ts-toolbelt,9.3.2,4.1.0,1612295878,254,0,0,0,0,0,0,0,0,0,1,0,1,0
millsp/ts-toolbelt,6d8c91e3f637a480d923fb51b2b76628b90fa3ce,ts-toolbelt,9.3.3,4.1.0,1612296577,254,0,0,0,0,0,0,0,0,0,1,0,1,0
millsp/ts-toolbelt,0afac118543cd876d1726c2449cafcc488bbe085,ts-toolbelt,9.3.3,4.1.0,1612297942,254,0,0,0,0,0,0,0,0,0,1,0,1,0
millsp/ts-toolbelt,fc25ffb2f53b512c4f9e6aebb4cfdde0bb47c689,ts-toolbelt,9.3.3,4.1.0,1612302724,254,0,0,0,0,0,0,0,0,0,1,0,1,0
millsp/ts-toolbelt,054f4fd23117713787b9faccace72c621a212f5f,ts-toolbelt,9.3.3,4.1.0,1612811551,254,0,0,0,0,0,0,0,0,0,1,0,1,0
millsp/ts-toolbelt,588b1cd2cd2f90b0f6d47b08e3d2ee532ab99df4,ts-toolbelt,9.3.3,4.1.0,1612811710,254,0,0,0,0,0,0,0,0,0,1,0,1,0
millsp/ts-toolbelt,affcd7a8ebb5466fa5f1dc9a0178ca60e9c98f9b,ts-toolbelt,9.3.4,4.1.0,1612811744,254,0,0,0,0,0,0,0,0,0,1,0,1,0
millsp/ts-toolbelt,57e2d51008411910569d9bb87587a2d359a75d95,ts-toolbelt,9.3.4,4.1.0,1612812598,254,0,0,0,0,0,0,0,0,0,1,0,1,0
millsp/ts-toolbelt,a289444f4ba291b560a8eff9344bc2f001a07009,ts-toolbelt,9.3.5,4.1.0,1612812613,254,0,0,0,0,0,0,0,0,0,1,0,1,0
millsp/ts-toolbelt,41321ccc26ee5a2bb981038a69b6996d3bdd862a,ts-toolbelt,9.3.5,4.1.0,1612813289,254,0,0,0,0,0,0,0,0,0,1,0,1,0
millsp/ts-toolbelt,a4d6ec568c889a5dc61542db2f02ace26259d38d,ts-toolbelt,9.3.6,4.1.0,1612813308,254,0,0,0,0,0,0,0,0,0,1,0,1,0
millsp/ts-toolbelt,285e50772438dc2edc2bb6156610e0c1d4aff5ff,ts-toolbelt,9.3.6,4.1.0,1612816132,254,0,0,0,0,0,0,0,0,0,1,0,1,0
millsp/ts-toolbelt,1656883820b63b4d8885352f9c37a09b1a120063,ts-toolbelt,9.3.7,4.1.0,1612816149,254,0,0,0,0,0,0,0,0,0,1,0,1,0
millsp/ts-toolbelt,cbb8b033c1d14a10fa8be46420f5717a5dfc5687,ts-toolbelt,9.3.7,4.1.0,1612821508,254,0,0,0,0,0,0,0,0,0,1,0,1,0
millsp/ts-toolbelt,52dc128fb3f8c88915313691e5ae90aaa067440a,ts-toolbelt,9.3.8,4.1.0,1612821527,254,0,0,0,0,0,0,0,0,0,1,0,1,0
millsp/ts-toolbelt,3412c578f2d3d2b23e643c5b6e2ff13bd6ba7715,ts-toolbelt,9.3.8,4.1.0,1612821781,254,0,0,0,0,0,0,0,0,0,1,0,1,0
millsp/ts-toolbelt,ce26aaacfb554af7c7203195e103eb27b7a4d0c0,ts-toolbelt,9.3.9,4.1.0,1612821796,254,0,0,0,0,0,0,0,0,0,1,0,1,0
millsp/ts-toolbelt,0b0f5910ceeeb2777008198fed8a8f96c701327c,ts-toolbelt,9.3.9,4.1.0,1612828876,254,0,0,0,0,0,0,0,0,0,1,0,1,0
millsp/ts-toolbelt,73a2c9be71c2f67a344ef737ec00f8c9f95eb387,ts-toolbelt,9.3.10,4.1.0,1612828890,254,0,0,0,0,0,0,0,0,0,1,0,1,0
millsp/ts-toolbelt,4ffb0f7a4c72c1da807cded2057dd128680cc803,ts-toolbelt,9.3.10,4.1.0,1613254816,254,0,0,0,0,0,0,0,0,0,1,0,1,0
millsp/ts-toolbelt,d5770d45f38d4369adaef6505c4f78d83aa1a2d8,ts-toolbelt,9.3.10,4.1.0,1613256780,254,0,0,0,0,0,0,0,0,0,1,0,1,0
millsp/ts-toolbelt,1af442c47fbd3d7d0a4fe37e4c9f6a1210c8f33a,ts-toolbelt,9.3.11,4.1.0,1613256872,254,0,0,0,0,0,0,0,0,0,1,0,1,0
millsp/ts-toolbelt,ac957d6c56427636c7625205cc5d092c5c18364d,ts-toolbelt,9.3.11,4.1.0,1613430712,254,0,0,0,0,0,0,0,0,0,1,0,1,0
millsp/ts-toolbelt,352341b7eb4f4d6d143d67cdf132bdc907b5f4a5,ts-toolbelt,9.3.12,latest,1613430837,254,0,0,0,0,0,0,0,0,0,1,0,1,0
millsp/ts-toolbelt,30b40db14026e9ef6973172eab220dfec22c8eeb,ts-toolbelt,9.3.12,latest,1613687025,254,0,0,0,0,0,0,0,0,0,1,0,1,0
millsp/ts-toolbelt,9c27a61b39eae7f2794c349973e78023894885c3,ts-toolbelt,9.3.12,latest,1613688728,254,0,0,0,0,0,0,0,0,0,1,0,1,0
millsp/ts-toolbelt,8f58f0c466e5645115d8f0c74a7dda77787c0f1c,ts-toolbelt,9.3.12,latest,1614541417,254,0,0,0,0,0,0,0,0,0,1,0,1,0
millsp/ts-toolbelt,3dc4388960c7fe913aa5bc53701e1ab5bac906f2,ts-toolbelt,9.3.12,latest,1614541454,255,0,0,0,0,0,0,0,0,0,1,0,1,0
millsp/ts-toolbelt,80df163e0031aa0c08cf1c0dc6a3fecca17552da,ts-toolbelt,9.3.12,latest,1614541504,256,0,0,0,0,0,0,0,0,0,1,0,1,0
millsp/ts-toolbelt,57982b94749cd65ee529230fd666fc478dfcf1cf,ts-toolbelt,9.3.12,latest,1614541584,257,0,0,0,0,0,0,0,0,0,1,0,1,0
millsp/ts-toolbelt,72b61fe8fd61a4feaf1a341c220a238ae963f940,ts-toolbelt,9.3.12,latest,1614541595,257,0,0,0,0,0,0,0,0,0,1,0,1,0
millsp/ts-toolbelt,f03cc0cbb751af70760cbf742adc9a6310701bb2,ts-toolbelt,9.3.12,latest,1614542178,257,0,0,0,0,0,0,0,0,0,1,0,1,0
millsp/ts-toolbelt,337617fcdb9fa03b00af5d08811038dfb890b9fb,ts-toolbelt,9.3.12,latest,1614542349,257,0,0,0,0,0,0,0,0,0,1,0,1,0
millsp/ts-toolbelt,c0c2548428307456f1993a527b5a0d649bf62f6c,ts-toolbelt,9.4.0,latest,1614542386,257,0,0,0,0,0,0,0,0,0,1,0,1,0
millsp/ts-toolbelt,7144036c8f486badf50cef2530882ab1bef4450d,ts-toolbelt,9.4.0,latest,1614542473,257,0,0,0,0,0,0,0,0,0,1,0,1,0
millsp/ts-toolbelt,4ea1358dc0a166746014b1ae4086797f8b11b562,ts-toolbelt,9.5.0,latest,1614542493,257,0,0,0,0,0,0,0,0,0,1,0,1,0
millsp/ts-toolbelt,7a62a244bf8130016d4d34f5d55ea9fa5d6fcb04,ts-toolbelt,9.5.0,latest,1614542546,257,0,0,0,0,0,0,0,0,0,1,0,1,0
millsp/ts-toolbelt,359e223c1a4a38345c989e3abe72257d41bda989,ts-toolbelt,9.5.1,latest,1614542560,257,0,0,0,0,0,0,0,0,0,1,0,1,0
millsp/ts-toolbelt,2bc560446916b423977c25e396b4f1f310b6c03f,ts-toolbelt,9.5.1,latest,1614597028,257,0,0,0,0,0,0,0,0,0,1,0,1,0
millsp/ts-toolbelt,ec4a953cabe6c4d704c0dca5f37d1dc630de047b,ts-toolbelt,9.5.2,latest,1614597064,257,0,0,0,0,0,0,0,0,0,1,0,1,0
millsp/ts-toolbelt,c582e7a6664fcb6904d89ee8b93c42887447a1d4,ts-toolbelt,9.5.2,latest,1614698148,257,0,0,0,0,0,0,0,0,0,1,0,1,0
millsp/ts-toolbelt,04848f5e38658760043f803bc6cdf17748f23d91,ts-toolbelt,9.5.2,latest,1614698344,257,0,0,0,0,0,0,0,0,0,1,0,1,0
millsp/ts-toolbelt,7310321d33398f71389d74a65d3c0c35c3805eb7,ts-toolbelt,9.5.2,latest,1614698645,257,0,0,0,0,0,0,0,0,0,1,0,1,0
millsp/ts-toolbelt,866ecd76744fc38244d85e7ef7b4bb90105cf7eb,ts-toolbelt,9.5.2,latest,1614727466,257,0,0,0,0,0,0,0,0,0,1,0,1,0
millsp/ts-toolbelt,0836f6e8187287a0c86f249e4e552d68a44e4f60,ts-toolbelt,9.5.3,latest,1614727584,257,0,0,0,0,0,0,0,0,0,1,0,1,0
millsp/ts-toolbelt,6f23f2ec79145a0545eb45d15d50d0363a119b12,ts-toolbelt,9.5.3,latest,1614728329,257,0,0,0,0,0,0,0,0,0,1,0,1,0
millsp/ts-toolbelt,6d5bbdc834ce15dd3339d101c828457b1a34cce4,ts-toolbelt,9.5.3,latest,1614824448,257,0,0,0,0,0,0,0,0,0,1,0,1,0
millsp/ts-toolbelt,5e6d008888c1705e41bf752b3a308323a5c563fe,ts-toolbelt,9.6.0,latest,1614824479,257,0,0,0,0,0,0,0,0,0,1,0,1,0
millsp/ts-toolbelt,4c7618d77b07d6b8c6dfd5087aa85a073bf57db3,ts-toolbelt,9.5.3,latest,1614866218,257,0,0,0,0,0,0,0,0,0,1,0,1,0
millsp/ts-toolbelt,855855e520ed4a04059f9d61884d2045dd0d751b,ts-toolbelt,9.5.4,latest,1614866271,257,0,0,0,0,0,0,0,0,0,1,0,1,0
millsp/ts-toolbelt,dad05eec6e6710ea4f63063658a3dee4d9c0ca28,ts-toolbelt,9.5.4,latest,1614896447,257,0,0,0,0,0,0,0,0,0,1,0,1,0
millsp/ts-toolbelt,e28bddf33066850a764e2ba344883ff84da561b9,ts-toolbelt,9.5.5,latest,1614896469,257,0,0,0,0,0,0,0,0,0,1,0,1,0
millsp/ts-toolbelt,c34f1b95d0e0855203104eb696cfcb8221a65374,ts-toolbelt,9.5.5,latest,1614898262,257,0,0,0,0,0,0,0,0,0,1,0,1,0
millsp/ts-toolbelt,b8e0d0a83228baf666e00f4fdb0d99ca936c133f,ts-toolbelt,9.5.6,latest,1614898279,257,0,0,0,0,0,0,0,0,0,1,0,1,0
millsp/ts-toolbelt,12e014a3f3d34047a3722486a73493f857a3697a,ts-toolbelt,9.5.6,latest,1614905253,257,0,0,0,0,0,0,0,0,0,1,0,1,0
millsp/ts-toolbelt,564645547862c7d698f4a03b15ccb7a5ffb5fc29,ts-toolbelt,9.5.7,latest,1614905273,257,0,0,0,0,0,0,0,0,0,1,0,1,0
millsp/ts-toolbelt,9d9945ee65ba71a2f53ada2fdb01bd2837e68934,ts-toolbelt,9.5.2,latest,1614959265,257,0,0,0,0,0,0,0,0,0,1,0,1,0
millsp/ts-toolbelt,a0d62d8cfcd28eab7132c225ba187556ca749b4d,ts-toolbelt,9.5.7,latest,1614976608,257,0,0,0,0,0,0,0,0,0,1,0,1,0
millsp/ts-toolbelt,bceb8be67701f9c7aba9608aed851567e8118ca5,ts-toolbelt,9.5.8,latest,1614976677,257,0,0,0,0,0,0,0,0,0,1,0,1,0
millsp/ts-toolbelt,29eddd99c6826696941c50681ce4858243786110,ts-toolbelt,9.5.8,latest,1615045748,257,0,0,0,0,0,0,0,0,0,1,0,1,0
millsp/ts-toolbelt,d9415b2f85633c7c74a815c9909899114faf530c,ts-toolbelt,9.5.8,latest,1615045802,257,0,0,0,0,0,0,0,0,0,1,0,1,0
millsp/ts-toolbelt,9d0ff6441518c2c9a01cea7726c08acd19eb37d9,ts-toolbelt,9.5.8,latest,1615045844,257,0,0,0,0,0,0,0,0,0,1,0,1,0
millsp/ts-toolbelt,0f443626dc3b114b6784d2053510a1e0c2f7f839,ts-toolbelt,9.5.8,latest,1615045880,257,0,0,0,0,0,0,0,0,0,1,0,1,0
millsp/ts-toolbelt,533a6ac0f7b713933c94f0962166c7a0245b055e,ts-toolbelt,9.5.9,latest,1615046788,257,0,0,0,0,0,0,0,0,0,1,0,1,0
millsp/ts-toolbelt,1ad26389aa6a9a795d19d90d2724c73ae2bd51d9,ts-toolbelt,9.5.9,latest,1615047205,257,0,0,0,0,0,0,0,0,0,1,0,1,0
millsp/ts-toolbelt,2bdb4778325288154c8f71c0a5ae4a1b7e2b217f,ts-toolbelt,9.5.9,latest,1615048042,257,0,0,0,0,0,0,0,0,0,1,0,1,0
millsp/ts-toolbelt,1f3928a70ff2a7e903a5398b53295c9c9997b42c,ts-toolbelt,9.5.10,latest,1615048061,257,0,0,0,0,0,0,0,0,0,1,0,1,0
millsp/ts-toolbelt,dd1a3faf4f42d8d1ae8bffdcf0c64ba38eef467b,ts-toolbelt,9.5.10,latest,1615378111,257,0,0,0,0,0,0,0,0,0,1,0,1,0
millsp/ts-toolbelt,bde9210d0a361ddb1e03920a0c2bd42dad17ee30,ts-toolbelt,9.5.11,latest,1615378269,257,0,0,0,0,0,0,0,0,0,1,0,1,0
millsp/ts-toolbelt,80579e1eaa17b2d1c61bd7881d0ea6ff94753141,ts-toolbelt,9.5.12,latest,1615378354,257,0,0,0,0,0,0,0,0,0,1,0,1,0
millsp/ts-toolbelt,9a678d8a400c97436d428dad05405abb154af958,ts-toolbelt,9.5.12,latest,1615390800,257,0,0,0,0,0,0,0,0,0,1,0,1,0
millsp/ts-toolbelt,626beb61b3100c5e4fd699c946e0e2fed7e24cb6,ts-toolbelt,9.5.12,latest,1615390882,257,0,0,0,0,0,0,0,0,0,1,0,1,0
millsp/ts-toolbelt,277a6e2ac5ca8be2bbcd7593d987aaac3ea9bb75,ts-toolbelt,9.5.13,latest,1615390967,257,0,0,0,0,0,0,0,0,0,1,0,1,0
millsp/ts-toolbelt,ed07ce9d3d84e021edad939a8de4e28244d9d4ea,ts-toolbelt,9.5.13,latest,1615391738,257,0,0,0,0,0,0,0,0,0,1,0,1,0
millsp/ts-toolbelt,319e55123b9571d49f34eca3e5926e41ca73e0f3,ts-toolbelt,9.6.0,latest,1615391788,257,0,0,0,0,0,0,0,0,0,1,0,1,0
millsp/ts-toolbelt,76a37cac7ea3d56e546d9f5842cfc48ba1dd85b2,ts-toolbelt,9.6.0,latest,1625186010,257,0,0,0,0,0,0,0,0,0,1,0,1,0
