react-icons/react-icons,9d5fce89184aed644799451630cc6917050b6863,react-icons-root,,,1580348601,4,0,0,0,0,0,0,0,0,0,0,0,0,0
react-icons/react-icons,731baac79455e57ead0ec79aa3d158953a666d96,react-icons-root,,,1580348730,4,0,0,0,0,0,0,0,0,0,0,0,0,0
react-icons/react-icons,8f56e072a18946caa3cfe0e3093b8b574ef108a3,react-icons-root,,,1580348916,4,0,0,0,0,0,0,0,0,0,0,0,0,0
react-icons/react-icons,dbe51c8d8a70f580144511a570ad336c977d7bf0,react-icons-root,,,1580348951,4,0,0,0,0,0,0,0,0,0,0,0,0,0
react-icons/react-icons,33148c86907b3264d526616011a52b5871394618,react-icons-root,,,1580349003,4,0,0,0,0,0,0,0,0,0,0,0,0,0
react-icons/react-icons,e85fc87b0781738c404535ec665e4ffa52de1ce9,react-icons-root,,,1580349147,4,0,0,0,0,0,0,0,0,0,0,0,0,0
react-icons/react-icons,d00ccae2d479846c8dac229f603670b94817b192,react-icons-root,,,1580350010,4,0,0,0,0,0,0,0,0,0,0,0,0,0
react-icons/react-icons,f70b75447c4b1b42c3faaa11bbdda35f54aa499c,react-icons-root,,,1580350485,4,0,0,0,0,0,0,0,0,0,0,0,0,0
react-icons/react-icons,b8a3308cde8673804d5d1b3e9b1d20ad0dc86aa0,react-icons-root,,,1580355068,4,0,0,0,0,0,0,0,0,0,0,0,0,0
react-icons/react-icons,b85e5eb68ecb5a817728ce0068bdb6334ec6971e,react-icons-root,,,1580355297,5,0,0,0,0,0,0,0,0,0,0,0,0,0
react-icons/react-icons,a07467cf86f348cbe8c7e4f7194a3852fa85b7bc,react-icons-root,,,1580355310,5,0,0,0,0,0,0,0,0,0,0,0,0,0
react-icons/react-icons,2fc43a9a17d4d39aef5b07ce52e11dfa3ef855df,react-icons-root,,,1580359404,5,0,0,0,0,0,0,0,0,0,0,0,0,0
react-icons/react-icons,0fcf15945379912072382ba4b60f5eabdb9d5d00,react-icons-root,,,1580359736,5,0,0,0,0,0,0,0,0,0,0,0,0,0
react-icons/react-icons,a0a5fb41c17df9246fe22848510c4f0ec1680747,react-icons-root,,,1580360092,5,0,0,0,0,0,0,0,0,0,0,0,0,0
react-icons/react-icons,0e6f3e7ad0391382352db579b74776eef75ab98f,react-icons-root,,,1580366529,5,0,0,0,0,0,0,0,0,0,0,0,0,0
react-icons/react-icons,43ad570068a9c2c73801e36cf4042484635fbeed,react-icons-root,,,1581017087,5,0,0,0,0,0,0,0,0,0,0,0,0,0
react-icons/react-icons,2909501df224b6c013d44f6c3273720883ad3d25,react-icons-root,,,1581723670,5,0,0,0,0,0,0,0,0,0,0,0,0,0
react-icons/react-icons,1ac4dc89edd1ad9bc3908c418fa19af738a25860,react-icons-root,,,1581917104,4,0,0,0,0,0,0,0,0,0,0,0,0,0
react-icons/react-icons,ff6dab92da13d5cfd0e870b71364a580a3ff7cf2,react-icons-root,,,1584186080,5,0,0,0,0,0,0,0,0,0,0,0,0,0
react-icons/react-icons,d609cc7be9c722fffe97ccee5bf28ec022375aac,react-icons-root,,,1585529936,5,0,0,0,0,0,0,0,0,0,0,0,0,0
react-icons/react-icons,f7fe48d05f03bb73a7af673eab15114c993ee0ff,react-icons-root,,,1587433158,5,0,0,0,0,0,0,0,0,0,0,0,0,0
react-icons/react-icons,2560838b1f7e85e017c2273ff33980e50b44db2c,react-icons-root,,,1587433609,5,0,0,0,0,0,0,0,0,0,0,0,0,0
react-icons/react-icons,04f6856225a11eea2a6bcfd7d259f70987fc0c3f,react-icons-root,,,1587436766,5,0,0,0,0,0,0,0,0,0,0,0,0,0
react-icons/react-icons,0e3dbbf8957e2eabf442d729bddb64316989145c,react-icons-root,,,1587438035,5,0,0,0,0,0,0,0,0,0,0,0,0,0
react-icons/react-icons,e186944b50cabeef99ee7bd613382a74deda318b,react-icons-root,,,1587438052,5,0,0,0,0,0,0,0,0,0,0,0,0,0
react-icons/react-icons,ea96addb62d713f748dbf630236ad8432598226f,react-icons-root,,,1587438065,5,0,0,0,0,0,0,0,0,0,0,0,0,0
react-icons/react-icons,072d9e996d38bc36f892fd0c1b2021e76e35f56f,react-icons-root,,,1587438520,5,0,0,0,0,0,0,0,0,0,0,0,0,0
react-icons/react-icons,caa3368f42ebd59a413bd86b15ac6402f1b82731,react-icons-root,,,1587447099,5,0,0,0,0,0,0,0,0,0,0,0,0,0
react-icons/react-icons,23b7a247e2ccd0edf6f5737705a8438c13dcce0e,react-icons-root,,,1587447180,5,0,0,0,0,0,0,0,0,0,0,0,0,0
react-icons/react-icons,5b9158be336017e221a8d9ad113b1a2b913b73f5,react-icons-root,,,1587447450,5,0,0,0,0,0,0,0,0,0,0,0,0,0
react-icons/react-icons,0a04ae06bada585f08b9fbdc7059e0da5795e22a,react-icons-root,,,1587451476,5,0,0,0,0,0,0,0,0,0,0,0,0,0
react-icons/react-icons,6cee70e64df540cda8751275e697fdd852ac80b8,react-icons-root,,,1587643213,5,0,0,0,0,0,0,0,0,0,0,0,0,0
react-icons/react-icons,8d56901964bc13d051206cfc349c5fccd501fc1c,react-icons-root,,,1587644144,5,0,0,0,0,0,0,0,0,0,0,0,0,0
react-icons/react-icons,f95cf84f7beff3638be8bb12a51d00338da97100,react-icons-root,,,1588167258,5,0,0,0,0,0,0,0,0,0,0,0,0,0
react-icons/react-icons,21cf568f0dc2c2645b7c8158abb72635c3722879,react-icons-root,,,1588486106,5,0,0,0,0,0,0,0,0,0,0,0,0,0
react-icons/react-icons,b80aa48bad6ace8712d9df96bedd11e6de734624,react-icons-root,,,1589995632,5,0,0,0,0,0,0,0,0,0,0,0,0,0
react-icons/react-icons,e97eb835bb5290728011c103e5c3564fc8ed43e4,react-icons-root,,,1590000732,5,0,0,0,0,0,0,0,0,0,0,0,0,0
react-icons/react-icons,6773f216f4d90e5572256a4abf27eb0b0b975573,react-icons-root,,,1590001081,5,0,0,0,0,0,0,0,0,0,0,0,0,0
react-icons/react-icons,57b68803c5bfc03e0a65909bc3aaeccff8e2418d,react-icons-root,,,1590172136,5,0,0,0,0,0,0,0,0,0,0,0,0,0
react-icons/react-icons,c4c40299cbb8e2e32f05951980d4fea08a007e33,react-icons-root,,,1590184401,5,0,0,0,0,0,0,0,0,0,0,0,0,0
react-icons/react-icons,45ec1660eb2ddf2875a98d92499ca3cf3882be98,react-icons-root,,,1590486101,5,0,0,0,0,0,0,0,0,0,0,0,0,0
react-icons/react-icons,82bd8e28762d0da6b4f88a36f98667c1c791222e,react-icons-root,,,1590637724,5,0,0,0,0,0,0,0,0,0,0,0,0,0
react-icons/react-icons,b8fcf6654c11c234f7a03cf0f84e26fa08174f4e,react-icons-root,,,1590638740,5,0,0,0,0,0,0,0,0,0,0,0,0,0
react-icons/react-icons,cd422ba275984d17e90fda74a8a4068d6d52e1f2,react-icons-root,,,1590638774,5,0,0,0,0,0,0,0,0,0,0,0,0,0
react-icons/react-icons,6e98aa2391fe77698a324c69fb666f7a9a1380d9,react-icons-root,,,1590639533,5,0,0,0,0,0,0,0,0,0,0,0,0,0
react-icons/react-icons,70d9c6b98dde4a96084fe7f0e627c68c75b6c467,react-icons-root,,,1590640763,5,0,0,0,0,0,0,0,0,0,0,0,0,0
react-icons/react-icons,37150446ad108c388aef5715c2afc1b1cb232923,react-icons-root,,,1590641086,5,0,0,0,0,0,0,0,0,0,0,0,0,0
react-icons/react-icons,433f7c23fe11cda04a76ddb3453e7aa8ae589517,react-icons-root,1.0,,1591982693,5,0,0,0,0,0,0,0,0,0,0,0,0,0
react-icons/react-icons,50b0207244f3cb5408e14021f781293af3e0d26f,react-icons-root,1.0.1,,1591982754,5,0,0,0,0,0,0,0,0,0,0,0,0,0
react-icons/react-icons,b5eb78d9f3994bf3e8ec7198c8300a47b19c9ebb,react-icons-root,1.0.1,,1592036100,5,0,0,0,0,0,0,0,0,0,0,0,0,0
react-icons/react-icons,295957c5cd692530465d1c8fda6965a094ad3555,react-icons-root,,,1592036445,5,0,0,0,0,0,0,0,0,0,0,0,0,0
react-icons/react-icons,484342e3d880d47b880614ae07ee19eef1a4c9eb,react-icons-root,,,1592036466,5,0,0,0,0,0,0,0,0,0,0,0,0,0
react-icons/react-icons,8eef652bb41ad2d90920720f6ba8e88b7a61e327,react-icons-root,,,1592898984,5,0,0,0,0,0,0,0,0,0,0,0,0,0
react-icons/react-icons,432747d5fa064ef70baf83d0d1c9453692588ff1,react-icons-root,,,1592904574,5,0,0,0,0,0,0,0,0,0,0,0,0,0
react-icons/react-icons,c59ac22e6e766f574ddf5dbbf0bf89734915aa46,react-icons-root,,,1592907961,5,0,0,0,0,0,0,0,0,0,0,0,0,0
react-icons/react-icons,a331a8bcbf781571b227415f89a5a21d1b08454e,react-icons-root,,,1592922398,5,0,0,0,0,0,0,0,0,0,0,0,0,0
react-icons/react-icons,a5e3e2e4bdadbd4c408ac158d853351dd11dd9bd,react-icons-root,,,1592925181,5,0,0,0,0,0,0,0,0,0,0,0,0,0
react-icons/react-icons,6268952f0508c097ecabc3f84b8a25f1e4b7136b,react-icons-root,,,1597821710,5,0,0,0,0,0,0,0,0,0,0,0,0,0
react-icons/react-icons,c69fde52a046fbfb882ef3684936a0bc5c96acf7,react-icons-root,,,1597821759,5,0,0,0,0,0,0,0,0,0,0,0,0,0
react-icons/react-icons,de2f37e3287361e5657c6ae20b54f09846dec7db,react-icons-root,,,1597821864,5,0,0,0,0,0,0,0,0,0,0,0,0,0
react-icons/react-icons,d2ab78ccd7d7551053be0e1267a6db619b3c0285,react-icons-root,,,1597821946,5,0,0,0,0,0,0,0,0,0,0,0,0,0
react-icons/react-icons,42aab784b0e0d4647bb16fe6abb207a6d545e841,react-icons-root,,,1597822121,5,0,0,0,0,0,0,0,0,0,0,0,0,0
react-icons/react-icons,7a6c1064c9ff9366518b3bfef5a8c0f5d09175ca,react-icons-root,,,1597822129,5,0,0,0,0,0,0,0,0,0,0,0,0,0
react-icons/react-icons,a012b00d72d5df7f1463eec4bbb28c3c0171bef4,react-icons-root,,,1597822190,5,0,0,0,0,0,0,0,0,0,0,0,0,0
react-icons/react-icons,e61cdf883506c4c2927d69a2eaaedb878af4d018,react-icons-root,,,1597822197,5,0,0,0,0,0,0,0,0,0,0,0,0,0
react-icons/react-icons,44a3633535838ede83545d8c7a3ca110b6df3a38,react-icons-root,,,1597822246,5,0,0,0,0,0,0,0,0,0,0,0,0,0
react-icons/react-icons,4e2c60441c5c36a7cdcced7d6c472ecf2265dac9,react-icons-root,,,1597822252,5,0,0,0,0,0,0,0,0,0,0,0,0,0
react-icons/react-icons,f1e4aefca8272effc4ff084cdda506f98c023e78,react-icons-root,,,1597822308,5,0,0,0,0,0,0,0,0,0,0,0,0,0
react-icons/react-icons,cf29943edee1eec3554dbdf9ca244adaaccd207a,react-icons-root,,,1597822378,5,0,0,0,0,0,0,0,0,0,0,0,0,0
react-icons/react-icons,f73c9f38d6d6dae5a1d825b549213288705a0a21,react-icons-root,,,1597822385,5,0,0,0,0,0,0,0,0,0,0,0,0,0
react-icons/react-icons,f09ac7afb01e0158570f24bf9b45639ede338b9a,react-icons-root,,,1597822611,5,0,0,0,0,0,0,0,0,0,0,0,0,0
react-icons/react-icons,35ac2cbf4d677cf6cc06aaa5672ab645abffd56d,react-icons-root,,,1597822622,5,0,0,0,0,0,0,0,0,0,0,0,0,0
react-icons/react-icons,59a7ca4abbb7ec28e45efbf406fe0c96c1759f53,react-icons-root,,,1597822800,5,0,0,0,0,0,0,0,0,0,0,0,0,0
react-icons/react-icons,d63b75995c61f6d22c65df339f074264daabc907,react-icons-root,,,1597823597,5,0,0,0,0,0,0,0,0,0,0,0,0,0
react-icons/react-icons,10199cca7abeb3efbc647090714daa279da45779,react-icons-root,,,1597826235,5,0,0,0,0,0,0,0,0,0,0,0,0,0
react-icons/react-icons,6be8d5395fb460169a05bb1d5f903d88ae6776d0,react-icons-root,,,1599446745,5,0,0,0,0,0,0,0,0,0,0,0,0,0
react-icons/react-icons,86798df84c9417337471b00c453faee7800df405,react-icons-root,,,1599448527,5,0,0,0,0,0,0,0,0,0,0,0,0,0
react-icons/react-icons,2a995ba973c0b286b522a6a414eb046a887a9a75,react-icons-root,,,1599450325,5,0,0,0,0,0,0,0,0,0,0,0,0,0
react-icons/react-icons,9e28e5ec620453d0ed1a33f16986aa4f7a3d56bb,react-icons-root,,,1599470524,5,0,0,0,0,0,0,0,0,0,0,0,0,0
react-icons/react-icons,76b6a558de1beef5caa9d8f8d013dd9fd6590a36,react-icons-root,,,1599553397,5,0,0,0,0,0,0,0,0,0,0,0,0,0
react-icons/react-icons,31dfc3d248a7904fce307803f1718592752e73d5,react-icons-root,,,1599553599,5,0,0,0,0,0,0,0,0,0,0,0,0,0
react-icons/react-icons,d714a89badfc4df33250845dd9592993d1d8d74d,react-icons-root,,,1599710508,5,0,0,0,0,0,0,0,0,0,0,0,0,0
react-icons/react-icons,2822a07b742dcd506f754e3a509c32b5b6bc03df,react-icons-root,,,1599720424,5,0,0,0,0,0,0,0,0,0,0,0,0,0
react-icons/react-icons,9d4c48d6e2a0802d815bc07965e87a1ca6f935d4,react-icons-root,,,1599721945,5,0,0,0,0,0,0,0,0,0,0,0,0,0
react-icons/react-icons,193d9b7d4409b615accf4f99951bdd82a9b018bb,react-icons-root,,,1599721994,5,0,0,0,0,0,0,0,0,0,0,0,0,0
react-icons/react-icons,d83a2bff7d260e1ff2f9b1eecc24be0e7806bceb,react-icons-root,,,1599722281,5,0,0,0,0,0,0,0,0,0,0,0,0,0
react-icons/react-icons,605bdcda3224d37e12691ed190ac361e52ea505b,react-icons-root,,,1599726067,5,0,0,0,0,0,0,0,0,0,0,0,0,0
react-icons/react-icons,e2e80dba941c20c9f35b7a1735cd67d59bf6a705,react-icons-root,,,1599936047,5,0,0,0,0,0,0,0,0,0,0,0,0,0
react-icons/react-icons,6c2acc18be57cc45017c11163cebd8970b13a822,react-icons-root,,,1601585182,5,0,0,0,0,0,0,0,0,0,0,0,0,0
react-icons/react-icons,31c3884b49f64db4d9934d04d67f881a85ca578b,react-icons-root,,,1601585363,5,0,0,0,0,0,0,0,0,0,0,0,0,0
react-icons/react-icons,561354702ed78434c008d4df5a8da990489da02e,react-icons-root,,,1601585904,5,0,0,0,0,0,0,0,0,0,0,0,0,0
react-icons/react-icons,e6f237f04fabc76fb69e1634351995d3be421aaf,react-icons-root,,,1601587523,5,0,0,0,0,0,0,0,0,0,0,0,0,0
react-icons/react-icons,5a955e27e94f833806fe743adf1de3db69a2401b,react-icons-root,,,1604005100,5,0,0,0,0,0,0,0,0,0,0,0,0,0
react-icons/react-icons,079c89e6d27ffac0468abb3d69b2051d570cd3e6,react-icons-root,,,1606293982,5,0,0,0,0,0,0,0,0,0,0,0,0,0
react-icons/react-icons,54e539892b111aeeebe038977d21bd56f7b65889,react-icons-root,,,1606361188,5,0,0,0,0,0,0,0,0,0,0,0,0,0
react-icons/react-icons,5ce2dbc5f68456c5705ecc59ebd13b6a818320fe,react-icons-root,,,1606362423,5,0,0,0,0,0,0,0,0,0,0,0,0,0
react-icons/react-icons,ee74cfb938c1e49bf2c086695458f685c8c3d4a6,react-icons-root,,,1606362461,5,0,0,0,0,0,0,0,0,0,0,0,0,0
react-icons/react-icons,53e6b2545d1743cf40cdc4c40878e34c87e40c4e,react-icons-root,,,1606368748,5,0,0,0,0,0,0,0,0,0,0,0,0,0
react-icons/react-icons,6cd48e8d053eec02284abd25c9a3613840b4ecc1,react-icons-root,,,1606368777,5,0,0,0,0,0,0,0,0,0,0,0,0,0
react-icons/react-icons,59d1b0fdb6d63af8d43d7a63d2fb534effa8de05,react-icons-root,,,1606368823,5,0,0,0,0,0,0,0,0,0,0,0,0,0
react-icons/react-icons,c4532286c0f609fa03a2a1f3955f2e53d86a3c7a,react-icons-root,,,1606368848,5,0,0,0,0,0,0,0,0,0,0,0,0,0
react-icons/react-icons,5001fa06eacfa2ea86679b0533ff28d08b8042ab,react-icons-root,,,1606368909,5,0,0,0,0,0,0,0,0,0,0,0,0,0
react-icons/react-icons,415dac3bd120e4b52ff3e976d45bedb43843956a,react-icons-root,,,1606369121,5,0,0,0,0,0,0,0,0,0,0,0,0,0
react-icons/react-icons,ebe41b266e5307987a60c9115b9e95c755aac1e2,react-icons-root,,,1606369191,5,0,0,0,0,0,0,0,0,0,0,0,0,0
react-icons/react-icons,0f0a3cdef1711eef100d21921f181e5ab3eea61b,react-icons-root,,,1606369319,5,0,0,0,0,0,0,0,0,0,0,0,0,0
react-icons/react-icons,50e6a915b1fc1af73f77292b5e08bd80ce761aa2,react-icons-root,,,1606369972,5,0,0,0,0,0,0,0,0,0,0,0,0,0
react-icons/react-icons,ec5ce6c0240f7df141fe586294d8e51771c67843,react-icons-root,,,1606373423,5,0,0,0,0,0,0,0,0,0,0,0,0,0
react-icons/react-icons,356e1391722bf4cacb723ff426fcff2482d3dcaa,react-icons-root,,,1606373662,5,0,0,0,0,0,0,0,0,0,0,0,0,0
react-icons/react-icons,cd3fd6acc21b5631cf540c7dce344f87e22ba9fe,react-icons-root,,,1606373783,5,0,0,0,0,0,0,0,0,0,0,0,0,0
react-icons/react-icons,99f86561a1d87ca52e7b04cec02ca09f218059e1,react-icons-root,,,1606373948,5,0,0,0,0,0,0,0,0,0,0,0,0,0
react-icons/react-icons,9db68eaee132e0bbb3d9f0726a6125dc3708eedd,react-icons-root,,,1606380438,5,0,0,0,0,0,0,0,0,0,0,0,0,0
react-icons/react-icons,b8fc81ccf68a0dfe77a18e856aae2596711c775e,react-icons-root,,,1606380465,5,0,0,0,0,0,0,0,0,0,0,0,0,0
react-icons/react-icons,c6ee70f20d5dc13f2aab660e657ebae0fff3cc05,react-icons-root,,,1606646978,5,0,0,0,0,0,0,0,0,0,0,0,0,0
react-icons/react-icons,11201045fd7fd7fe4562cdfc406479b7576d346b,react-icons-root,,,1606649493,5,0,0,0,0,0,0,0,0,0,0,0,0,0
react-icons/react-icons,b32df18412389ffe8acb4e54ae1ce2822ccf7116,react-icons-root,,,1606653082,5,0,0,0,0,0,0,0,0,0,0,0,0,0
react-icons/react-icons,73062fc4bdfd4f6f0c101fb32cbd553ed05d9439,react-icons-root,,,1606772562,5,0,0,0,0,0,0,0,0,0,0,0,0,0
react-icons/react-icons,7f3ad0a585989e86e17618d0678f36c81c73ac0a,react-icons-root,,,1606773745,5,0,0,0,0,0,0,0,0,0,0,0,0,0
react-icons/react-icons,5cd7a5c84be0e81f7b6ee811b322b3bc8d91fc28,react-icons-root,,,1607067002,5,0,0,0,0,0,0,0,0,0,0,0,0,0
react-icons/react-icons,bddcc3adfa284fa686293e7118ad6afceb18348c,react-icons-root,,,1607067444,5,0,0,0,0,0,0,0,0,0,0,0,0,0
react-icons/react-icons,559f919be060c3b77b7243ac7f83e621feec7999,react-icons-root,,,1609699229,5,0,0,0,0,0,0,0,0,0,0,0,0,0
react-icons/react-icons,f77fdb5d425db3084b73bdb17415eee00af214e9,react-icons-root,,,1612457362,5,0,0,0,0,0,0,0,0,0,0,0,0,0
react-icons/react-icons,fa6f6d5fd60176ea67001ca1ed725c69feee3365,react-icons-root,,,1612461690,5,0,0,0,0,0,0,0,0,0,0,0,0,0
react-icons/react-icons,e463db8c0305c98ecbf31dc2f10c4bb601962e60,react-icons-root,,,1612670327,5,0,0,0,0,0,0,0,0,0,0,0,0,0
react-icons/react-icons,2ba9c80a6b5750cc38ce884af068995ada3a62b9,react-icons-root,,,1613011441,5,0,0,0,0,0,0,0,0,0,0,0,0,0
react-icons/react-icons,0b8586c03de9c2d665ee0132db9fecd521628cfb,react-icons-root,,,1619537349,5,0,0,0,0,0,0,0,0,0,0,0,0,0
react-icons/react-icons,a2f13ccdbfaffac7f7a68de9ea53dc451f0f3889,react-icons-root,,,1619537430,5,0,0,0,0,0,0,0,0,0,0,0,0,0
react-icons/react-icons,1924752cd91ecafb8e9dd9b5ccd41ab4ca7c62a0,react-icons-root,,,1621185893,5,0,0,0,0,0,0,0,0,0,0,0,0,0
react-icons/react-icons,cda1f91c48319ae1f8e65d344dc082d5786ccf4f,react-icons-root,,,1628171329,5,0,0,0,0,0,0,0,0,0,0,0,0,0
react-icons/react-icons,5a815b104530b52fa6df3a405aea16007c15da2e,react-icons-root,,,1633185951,5,0,0,0,0,0,0,0,0,0,0,0,0,0
react-icons/react-icons,07f19ab1fc17f8357fc5aa3f45101a877dd40745,react-icons-root,,,1633187007,5,0,0,0,0,0,0,0,0,0,0,0,0,0
react-icons/react-icons,e9c6cd4c586b9a47439dd56f96484fc43c61a983,react-icons-root,,,1633191877,5,0,0,0,0,0,0,0,0,0,0,0,0,0
react-icons/react-icons,be56478419041de4d4d29cf7fa2ce304d150313a,react-icons-root,,,1633192562,5,0,0,0,0,0,0,0,0,0,0,0,0,0
react-icons/react-icons,c07e6cb8b34d6301b4d52602001d959e58dfa657,react-icons-root,,,1633192866,5,0,0,0,0,0,0,0,0,0,0,0,0,0
react-icons/react-icons,0780033611016d73099d00009b6a335d4206bcec,react-icons-root,,,1633193124,5,0,0,0,0,0,0,0,0,0,0,0,0,0
react-icons/react-icons,e00f273918b810cff8e186afde3261450ed5443d,react-icons-root,,,1633268509,5,0,0,0,0,0,0,0,0,0,0,0,0,0
react-icons/react-icons,6d9ccf4df416785fb4b29d1bbc00ff12bed0df87,react-icons-root,,,1633268841,5,0,0,0,0,0,0,0,0,0,0,0,0,0
react-icons/react-icons,b616616f0d07589e52efbaea7a269b2438c22f5c,react-icons-root,,,1633300178,5,0,0,0,0,0,0,0,0,0,0,0,0,0
react-icons/react-icons,d890861f35eacf20322a0dca67da6e756816cb20,react-icons-root,,,1635115065,5,0,0,0,0,0,0,0,0,0,0,0,0,0
react-icons/react-icons,2cfad3a0002d211f4676ba4bf2d5c24271cfd171,react-icons-root,,,1635117209,5,0,0,0,0,0,0,0,0,0,0,0,0,0
react-icons/react-icons,cc35d53acca99747cedfa837e62550713e9a4c74,react-icons-root,,,1635117594,5,0,0,0,0,0,0,0,0,0,0,0,0,0
react-icons/react-icons,efc4c706e8a9da07ba3a059277c3816489d09029,react-icons-root,,,1638845417,5,0,0,0,0,0,0,0,0,0,0,0,0,0
react-icons/react-icons,036f19d349088ab6b68a5096e78a53b9d3c8ca01,react-icons-root,,,1652442954,5,0,0,0,0,0,0,0,0,0,0,0,0,0
react-icons/react-icons,4dd6066eb923b9b19c16ff29ae8a22593324dd11,react-icons-root,,,1653942156,5,0,0,0,0,0,0,0,0,0,0,0,0,0
react-icons/react-icons,e4840a9fc8d97e7620f5a26c1bf066824f401920,react-icons-root,,,1653947118,5,0,0,0,0,0,0,0,0,0,0,0,0,0
react-icons/react-icons,dcbe5f09fb3e2537d27aa5247e681633deb91e32,react-icons-root,,,1653947139,5,0,0,0,0,0,0,0,0,0,0,0,0,0
react-icons/react-icons,85bea6468995926e4a2f585d0382e11bf96cab3d,react-icons-root,,,1661820989,5,0,0,0,0,0,0,0,0,0,0,0,0,0
react-icons/react-icons,8ff3a4024594342cb0e33cd0743553d6f47ed0af,react-icons-root,,,1662301412,5,0,0,0,0,0,0,0,0,0,0,0,0,0
react-icons/react-icons,3ef6c46630f593c3be9a4d5d4a6a0b6f6aea671e,react-icons-root,,,1662834115,5,0,0,0,0,0,0,0,0,0,0,0,0,0
react-icons/react-icons,2b58851722fab6aff96cf8de84937b4108a4d7b1,react-icons-root,,,1662834981,5,0,0,0,0,0,0,0,0,0,0,0,0,0
react-icons/react-icons,d5565bf70efa242a0af1718cda655280ff28dc15,react-icons-root,,,1665134460,5,0,0,0,0,0,0,0,0,0,0,0,0,0
react-icons/react-icons,e8e9fb9a387e6acd60fc4120cfc89c4b84dcfb6f,react-icons-root,,,1665134971,5,0,0,0,0,0,0,0,0,0,0,0,0,0
react-icons/react-icons,4aed1406688312a6de33b9958c742cfd5b75e92d,react-icons-root,,,1665135078,5,0,0,0,0,0,0,0,0,0,0,0,0,0
react-icons/react-icons,525e5a3325f6b80bbba649d0c6d102fc7731c048,react-icons-root,,,1665135183,5,0,0,0,0,0,0,0,0,0,0,0,0,0
react-icons/react-icons,c6739367f8bdb3ace394ea919e31d84e76df5767,react-icons-root,,,1665136871,5,0,0,0,0,0,0,0,0,0,0,0,0,0
react-icons/react-icons,2e6e401dc41a586f48fc20a08b5f7bbc0b6a6517,react-icons-root,,,1665136950,5,0,0,0,0,0,0,0,0,0,0,0,0,0
react-icons/react-icons,8ef37b8cd6bff3508de707775edbf6e1561d27d4,react-icons-root,,,1665136991,5,0,0,0,0,0,0,0,0,0,0,0,0,0
react-icons/react-icons,cc7d8168ac91bd616446cbc2705512a375ed56ce,react-icons-root,,,1665137629,5,0,0,0,0,0,0,0,0,0,0,0,0,0
react-icons/react-icons,32786561b99082518945ceb4a1fd1b67317e36a4,react-icons-root,,,1665137666,5,0,0,0,0,0,0,0,0,0,0,0,0,0
react-icons/react-icons,7671de6befd8725e585fa7f7818cc41cbc097590,react-icons-root,,,1665138433,5,0,0,0,0,0,0,0,0,0,0,0,0,0
react-icons/react-icons,732fdda59c5bba5a2b85df56052542549346e7c5,react-icons-root,,,1665755887,5,0,0,0,0,0,0,0,0,0,0,0,0,0
react-icons/react-icons,a3a90cfa79df974f0db0c864d2c35bd699c94a66,react-icons-root,,,1665756786,5,0,0,0,0,0,0,0,0,0,0,0,0,0
react-icons/react-icons,40c33be1e32175a85600785d9b94220dd78015d1,react-icons-root,,,1665758436,5,0,0,0,0,0,0,0,0,0,0,0,0,0
react-icons/react-icons,92638d15308f2482612790fabbb05eb033733239,react-icons-root,,,1665759588,5,0,0,0,0,0,0,0,0,0,0,0,0,0
react-icons/react-icons,bb61ab829434185f0a17d483ec8b189bbbfa1a55,react-icons-root,,,1665760807,5,0,0,0,0,0,0,0,0,0,0,0,0,0
react-icons/react-icons,d31f86af044eb865098d59c84bd56cd2d3d927b6,react-icons-root,,,1665760877,5,0,0,0,0,0,0,0,0,0,0,0,0,0
react-icons/react-icons,7c2a4ab9e08216e1760797c90087e97227438017,react-icons-root,,,1665762979,13,0,0,0,0,0,0,0,0,0,0,0,0,0
react-icons/react-icons,0cbddac8afd88432206f57fae058d1ae59ab3e9d,react-icons-root,,,1665914234,13,0,0,0,0,1,0,0,0,0,0,0,0,0
react-icons/react-icons,9c1312a72f7814696918fb94dca940e47cf4881f,react-icons-root,,,1665914792,14,0,0,0,0,1,0,0,0,0,0,0,0,0
react-icons/react-icons,a6a99052ceda3c787cd5c1460ef8ec4d35eab923,react-icons-root,,,1665920932,15,0,0,0,0,1,0,0,0,0,0,0,0,0
react-icons/react-icons,fbfc64d85c0aeac18bc9460fd3af6760376a5e65,react-icons-root,,,1665921530,15,0,0,0,0,1,0,0,0,0,0,0,0,0
react-icons/react-icons,c93c54636e91a9238fe089a0be6a29aa0831d8f3,react-icons-root,,,1665921844,15,0,0,0,0,1,0,0,0,0,0,0,0,0
react-icons/react-icons,8f38ca2d247b14ea5f8716daa5a9a753ae4225b1,react-icons-root,,,1665922441,15,0,0,0,0,1,0,0,0,0,0,0,0,0
react-icons/react-icons,37f12fba8fe9957d9e049f3c88a39448d9320165,react-icons-root,,,1665925445,15,0,0,0,0,1,0,0,0,0,0,0,0,0
react-icons/react-icons,4853474584d0d8a96ddb47d17f14d4dcd29b03d1,react-icons-root,,,1665925571,15,0,0,0,0,1,0,0,0,0,0,0,0,0
react-icons/react-icons,62781c3758dbbbf4f05c68be8262133beee493ec,react-icons-root,,,1665925582,15,0,0,0,0,1,0,0,0,0,0,0,0,0
react-icons/react-icons,12c99991d3b0bf65b2d67288cf9ae49033e34984,react-icons-root,,,1665925838,15,0,0,0,0,1,0,0,0,0,0,0,0,0
react-icons/react-icons,1aa094fb4b4540eb91999b37463199f2d915a9a8,react-icons-root,,,1665925980,15,0,0,0,0,1,0,0,0,0,0,0,0,0
react-icons/react-icons,2a4280948a726d84716e1559596af7f2e41b6640,react-icons-root,,,1666190789,15,0,0,0,0,1,0,0,0,0,0,0,0,0
react-icons/react-icons,3590c288c96eb980b797494ca34e77b7aada8c59,react-icons-root,,,1666278379,16,0,0,0,0,1,0,0,0,0,0,0,0,0
react-icons/react-icons,6daf7a761cca4b9ee9623ef5529a1bbf9e1bfa19,react-icons-root,,,1666409518,16,0,0,0,0,1,0,0,0,0,0,0,0,0
react-icons/react-icons,717d94f0ed4e89bf7a1f22d45b9a9ccb9da48808,react-icons-root,,,1666409799,16,0,0,0,0,1,0,0,0,0,0,0,0,0
react-icons/react-icons,52bbcafe154047337ad751a07ff17216fc924796,react-icons-root,,,1666412729,16,0,0,0,0,1,0,0,0,0,0,0,0,0
react-icons/react-icons,cf6cd8ef5affcbb679f806b3d218156e252532e5,react-icons-root,,,1666413551,16,0,0,0,0,1,0,0,0,0,0,0,0,0
react-icons/react-icons,83036cff8ff9e1904d091157e30dca064e402d86,react-icons-root,,,1666413567,16,0,0,0,0,1,0,0,0,0,0,0,0,0
react-icons/react-icons,3b02079d5ab20e104f0dd26a78e4650c5fa37f3e,react-icons-root,,,1666413627,16,0,0,0,0,1,0,0,0,0,0,0,0,0
react-icons/react-icons,3237c9e956abf3ff3e3a91cdf3012944cf186cb9,react-icons-root,,,1666414117,16,0,0,0,0,1,0,0,0,0,0,0,0,0
react-icons/react-icons,9027eb48aff5c13a1a3192d9da2df186f36c5a39,react-icons-root,,,1666414606,16,0,0,0,0,1,0,0,0,0,0,0,0,0
react-icons/react-icons,5474321b52947923f1b0e8a6cbd3552a90f80949,react-icons-root,,,1666415857,16,0,0,0,0,1,0,0,0,0,0,0,0,0
react-icons/react-icons,65372f56d979f81f87fb887ca3bdb1d6a43c5012,react-icons-root,,,1666634609,16,0,0,0,0,1,0,0,0,0,0,0,0,0
react-icons/react-icons,cdc2a8fcec2e2935e5fe1c6784c1e392319297f5,react-icons-root,,,1668586005,16,0,0,0,0,1,0,0,0,0,0,0,0,0
react-icons/react-icons,213669b562dbfa723670621f80a2649e9372e908,react-icons-root,,,1669101563,16,0,0,0,0,1,0,0,0,0,0,0,0,0
react-icons/react-icons,42e1ed03ad5edcd495124b74c949960069bcf34c,react-icons-root,,,1669616700,16,0,0,0,0,1,0,0,0,0,0,0,0,0
react-icons/react-icons,79d514a653353e65850061ef761630de51beb918,react-icons-root,,,1669617706,16,0,0,0,0,1,0,0,0,0,0,0,0,0
react-icons/react-icons,01dd5126fdbb0a684d39445c375a384e326e1b40,react-icons-root,,,1669617743,16,0,0,0,0,1,0,0,0,0,0,0,0,0
react-icons/react-icons,9ab8cb22501eb1ecf4e084a6fbd75830f33cc587,react-icons-root,,,1669617753,16,0,0,0,0,1,0,0,0,0,0,0,0,0
react-icons/react-icons,66bcd1e57a082aa78c0ec07e10ab0a3c51e64ddb,react-icons-root,,,1669618472,16,0,0,0,0,1,0,0,0,0,0,0,0,0
react-icons/react-icons,af5918d9908e9e1cc03e6672da7a840b17936889,react-icons-root,,,1669619169,16,0,0,0,0,1,0,0,0,0,0,0,0,0
react-icons/react-icons,0921c022dada7ad6ced5fbb826b0d491c408fdd0,react-icons-root,,,1669619427,16,0,0,0,0,1,0,0,0,0,0,0,0,0
react-icons/react-icons,7f580d06c1e17ceb7a0c2d50492c50610b9f2701,react-icons-root,,,1669619842,16,0,0,0,0,1,0,0,0,0,0,0,0,0
react-icons/react-icons,fc025447d09cb47bbc0db1e55a386bd13ca7a0b0,react-icons-root,,,1669620862,16,0,0,0,0,1,0,0,0,0,0,0,0,0
react-icons/react-icons,1402772c03d44e0375721ab89cff34f59f81e257,react-icons-root,,,1669622916,16,0,0,0,0,1,0,0,0,0,0,0,0,0
react-icons/react-icons,8ca41e769a8412e848d37ead542edc2dc0cc0fd4,react-icons-root,,,1669627797,16,0,0,0,0,1,0,0,0,0,0,0,0,0
react-icons/react-icons,b892058f394ba769b52e2cd605cc17de38ee73da,react-icons-root,,,1669627964,16,0,0,0,0,1,0,0,0,0,0,0,0,0
react-icons/react-icons,59e9595cffd71dc6c08df730264acb41b630d889,react-icons-root,,,1669628203,16,0,0,0,0,1,0,0,0,0,0,0,0,0
react-icons/react-icons,f7e3c68c92789c6f7580cb1a19944ba558eb1c50,react-icons-root,,,1669629032,16,0,0,0,0,1,0,0,0,0,0,0,0,0
react-icons/react-icons,163ab2e789d3fbe573d1c898c2368ef96131c1fe,react-icons-root,,,1669629081,16,0,0,0,0,1,0,0,0,0,0,0,0,0
react-icons/react-icons,7f1d07c107a846bb848294febb7e7fd7b2af0140,react-icons-root,,,1670047682,16,0,0,0,0,1,0,0,0,0,0,0,0,0
react-icons/react-icons,c769c57dc3a93155f4094790b5c682ef9168a2c9,react-icons-root,,,1670865771,16,0,0,0,0,1,0,0,0,0,0,0,0,0
