rt2zz/redux-persist,baadccb0973e23dbe5be0ee66c523318cddf532e,redux-persist,6.0.0,,1595515756,21,0,0,0,0,0,0,0,0,0,0,0,0,0
rt2zz/redux-persist,9bf525b357555e3f5c6bbdbbc572b5a0831ae77e,redux-persist,6.0.0,,1628302975,21,0,0,0,0,0,0,0,0,0,0,0,0,0
rt2zz/redux-persist,4107075aabe1fc761c583801017457e56b5eb3cc,redux-persist,6.0.0,4.3.5,1628320462,41,0,0,0,0,0,0,0,0,0,0,0,0,0
rt2zz/redux-persist,75ed1d66e31d3d6c7988210b9cdbed043e9b322b,redux-persist,6.0.0,4.3.5,1628331518,49,0,0,0,0,0,0,0,0,0,0,0,0,0
rt2zz/redux-persist,28eb3d2085439363d46f2fcf84885e6a8a755f73,redux-persist,6.0.0,4.3.5,1628333091,50,0,0,0,0,0,0,0,0,0,0,0,0,0
rt2zz/redux-persist,435f9b455edb7d582fa34ab7b165b969de193ecb,redux-persist,6.0.0,4.3.5,1628334224,51,0,0,0,0,0,0,0,0,0,0,0,0,0
rt2zz/redux-persist,ab35931c6a32be14720b3e597243fc56e02236c7,redux-persist,6.0.0,4.3.5,1628334843,51,0,0,0,0,0,0,0,0,0,0,0,0,0
rt2zz/redux-persist,ad74287a1e3f78a79439d2038b9a7d3bcecb4516,redux-persist,6.0.0,4.3.5,1628335996,51,0,0,0,0,0,0,0,0,0,0,0,0,0
rt2zz/redux-persist,34227d28a97090cba804fa7e21e0d202c84e7d96,redux-persist,6.0.0,4.3.5,1628336352,51,0,0,0,0,0,0,0,0,0,0,0,0,0
rt2zz/redux-persist,9730946c1d572ffa4b50972ea04da7e76f228a60,redux-persist,6.0.0,4.3.5,1628339662,51,0,0,0,0,0,0,0,0,0,0,0,0,0
rt2zz/redux-persist,951ed8f0ad4b1804bb85c1edc2d7ca95df711168,redux-persist,6.0.0,4.3.5,1628340938,51,0,0,0,0,0,0,0,0,0,0,0,0,0
rt2zz/redux-persist,b4f9f46cd7917b2378e047fc28f9d8cd9e702941,redux-persist,6.0.0,4.3.5,1628341777,51,0,0,0,0,0,0,0,0,0,0,0,0,0
rt2zz/redux-persist,78cf81c673920655be79e7e53af7d7cf3b35cc1e,redux-persist,6.0.0,4.3.5,1628342083,51,0,0,0,0,0,0,0,0,0,0,0,0,0
rt2zz/redux-persist,221a62fb23b86a8a25d878b7c4db42e3c82d4327,redux-persist,6.0.0,4.3.5,1628343945,51,0,0,0,0,0,0,0,0,0,0,0,0,0
rt2zz/redux-persist,c82e5c245043cf28ab5ffbf8ecb738331bc0ada7,redux-persist,6.0.0,4.3.5,1628347027,51,0,0,0,0,0,0,0,0,0,0,0,0,0
rt2zz/redux-persist,8eb9ba5c86a85370d4c89e7563cbd884b16c744e,redux-persist,6.0.0,4.3.5,1628347404,51,0,0,0,0,0,0,0,0,0,0,0,0,0
rt2zz/redux-persist,8eb212794692414cb08361061f7c4f45e4e76314,redux-persist,6.0.0,4.3.5,1628347544,51,0,0,0,0,0,0,0,0,0,0,0,0,0
rt2zz/redux-persist,653dbae4bd4c301a5064466928d8cbd0b4dbbd0e,redux-persist,6.0.0,4.3.5,1628348074,30,0,0,0,0,0,0,0,0,0,0,0,0,0
rt2zz/redux-persist,7e90f4a6f7ea9072b6bdc50480b745d6b4eeac50,redux-persist,6.0.0,4.3.5,1628348949,30,0,0,0,0,0,0,0,0,0,0,0,0,0
rt2zz/redux-persist,2e5df42c7adc44f3d8704c648c1483e07bef7270,redux-persist,6.0.0,4.3.5,1628349008,30,0,0,0,0,0,0,0,0,0,0,0,0,0
rt2zz/redux-persist,9246750fc57bbb29cebcab4e600902f8b234d0f4,redux-persist,6.0.0,4.3.5,1628350829,30,0,0,0,0,0,0,0,0,0,0,0,0,0
rt2zz/redux-persist,9c0baee98749c2f3bb9cf1d7963a8fa70cd64755,redux-persist,6.0.0,4.3.5,1628398330,30,0,0,0,0,0,0,0,0,0,0,0,0,0
rt2zz/redux-persist,4333e57614b085173a063380378b364cd71eba96,redux-persist,6.0.0,4.3.5,1628398983,30,0,0,0,0,0,0,0,0,0,0,0,0,0
rt2zz/redux-persist,8a679a687cbebaddc7927fb6f6284dffb5f8bccc,redux-persist,6.0.0,4.3.5,1628399355,30,0,0,0,0,0,0,0,0,0,0,0,0,0
rt2zz/redux-persist,98e0ac18c00812ad1b3d0200377f0cb72ac92ead,redux-persist,6.0.0,4.3.5,1628403824,30,0,0,0,0,0,0,0,0,0,0,0,0,0
rt2zz/redux-persist,537d82c054022680ac188a9f59f812e003bcc16e,redux-persist,6.0.0,4.3.5,1628408168,30,0,0,0,0,0,0,0,0,0,0,0,0,0
rt2zz/redux-persist,1286ff3ad19196e88636419cdbaafbf519d10ffa,redux-persist,6.0.0,4.3.5,1628409042,30,0,0,0,0,0,0,0,0,0,0,0,0,0
rt2zz/redux-persist,f665a0912418558f8c6bb5323154c65ffaf47878,redux-persist,6.0.0,4.3.5,1628428223,30,0,0,0,0,0,0,0,0,0,0,0,0,0
rt2zz/redux-persist,29188f8d97fe2dfc154ec9e87aa55f2cc9ec47f6,redux-persist,6.0.0,4.3.5,1628428870,30,0,0,0,0,0,0,0,0,0,0,0,0,0
rt2zz/redux-persist,a63bbad8eca560fec7dafd203b5b8b1656bd6881,redux-persist,6.0.0,4.3.5,1628431813,30,0,0,0,0,0,0,0,0,0,0,0,0,0
rt2zz/redux-persist,92112de1e78cd57150d08d4d73d24b9ebc72e94f,redux-persist,6.0.0,4.3.5,1628432195,30,0,0,0,0,0,0,0,0,0,0,0,0,0
rt2zz/redux-persist,6785042ff5eafb783f5f4a28c89e539e7951414d,redux-persist,6.0.0,4.3.5,1628434575,30,0,0,0,0,0,0,0,0,0,0,0,0,0
rt2zz/redux-persist,8cba1f603fe918e2409bc4f94479473e224282b8,redux-persist,6.0.0,4.3.5,1628435775,30,0,0,0,0,0,0,0,0,0,0,0,0,0
rt2zz/redux-persist,238434ce33a8f6c510b64847aa911b22caff3593,redux-persist,6.0.0,4.3.5,1628436549,30,0,0,0,0,0,0,0,0,0,0,0,0,0
rt2zz/redux-persist,33cfbfbecea33582f54edbe80a2d60e687a044fe,redux-persist,6.0.0,4.3.5,1628438373,30,0,0,0,0,0,0,0,0,0,0,0,0,0
rt2zz/redux-persist,e8f37de2016d8a4ca4034fd03e5738dc3bf604ed,redux-persist,6.0.0,4.3.5,1628475835,30,0,0,0,0,0,0,0,0,0,0,0,0,0
rt2zz/redux-persist,e616ec8117f2ea73f2258bb2be8e9b01fe3beaeb,redux-persist,6.0.0,4.3.5,1628484447,30,0,0,0,0,0,0,0,0,0,0,0,0,0
rt2zz/redux-persist,83ff13a7267ab9307d96c53251bfa25b62cbfa11,redux-persist,6.0.0,4.3.5,1628486091,30,0,0,0,0,0,0,0,0,0,0,0,0,0
rt2zz/redux-persist,d89737a063ddf8136ae6fb767ce68d8b77a6f1f9,redux-persist,6.0.0,4.3.5,1628488328,30,0,0,0,0,0,0,0,0,0,0,0,0,0
rt2zz/redux-persist,e97fd3ff546292d3e2fbcb6b0a9fa1c117bbe8d9,redux-persist,6.0.0,4.3.5,1628488707,30,0,0,0,0,0,0,0,0,0,0,0,0,0
rt2zz/redux-persist,95f00b93a9b5d78d722665ebf05843a055f70bfb,redux-persist,6.0.0,4.3.5,1628493149,30,0,0,0,0,0,0,0,0,0,0,0,0,0
rt2zz/redux-persist,5f1ea2cd47e7d1777d2e96257c6e7b857b1c7a56,redux-persist,6.0.0,,1628617218,21,0,0,0,0,0,0,0,0,0,0,0,0,0
rt2zz/redux-persist,ea85a4ca77032e9f13dfe9e19f0026d5d3174195,redux-persist,6.0.0,,1631797049,21,0,0,0,0,0,0,0,0,0,0,0,0,0
rt2zz/redux-persist,fbd29fbc0089cedeec50261ae2465893fe694ca8,redux-persist,6.0.0,,1632333313,21,0,0,0,0,0,0,0,0,0,0,0,0,0
rt2zz/redux-persist,375814fc6ee9327780575eeaedca1bf4b9eaa505,redux-persist,6.0.0,,1632768108,21,0,0,0,0,0,0,0,0,0,0,0,0,0
rt2zz/redux-persist,59cf852f3cee5ae5c18bbb4f3d15a67f92d8f883,redux-persist,6.0.0,,1632768406,21,0,0,0,0,0,0,0,0,0,0,0,0,0
rt2zz/redux-persist,22bea055202a8d91476c6e510daf6d4e6626a6e2,redux-persist,6.0.0,,1632768596,21,0,0,0,0,0,0,0,0,0,0,0,0,0
rt2zz/redux-persist,5a697f5b4ed8c210f338a354bac05e1b5ad1ee8f,redux-persist,6.0.0,,1632768637,21,0,0,0,0,0,0,0,0,0,0,0,0,0
rt2zz/redux-persist,6234ac57fcf0f83240d182d28fa3ab2311d6cafc,redux-persist,6.0.0,,1634126293,21,0,0,0,0,0,0,0,0,0,0,0,0,0
rt2zz/redux-persist,26663aa0e3c0e98d56174fea6e3205a9c117e6a0,redux-persist,6.0.0,,1634162377,21,0,0,0,0,0,0,0,0,0,0,0,0,0
rt2zz/redux-persist,1d30165faf4e69d862a7388d82c0f99c5006cefe,redux-persist,6.1.0,4.3.5,1634465803,30,0,0,0,0,0,0,0,0,0,0,0,0,0
rt2zz/redux-persist,2bff213c6be03ba094d0ca5851bf276729d390a7,redux-persist,6.1.0,4.3.5,1634466002,31,0,0,0,0,0,0,0,0,0,0,0,0,0
rt2zz/redux-persist,57d1c6ccd37dd8dcfd30f6485e6b35baf5a8f51f,redux-persist,6.1.0,4.3.5,1634466053,31,0,0,0,0,0,0,0,0,0,0,0,0,0
rt2zz/redux-persist,92dfdd0ad3b4e532455bf42aaef2a3cc0d97dc80,redux-persist,6.1.0,4.3.5,1635037897,31,0,0,0,0,0,0,0,0,0,0,0,0,0
rt2zz/redux-persist,d8b01a085e3679db43503a3858e8d4759d6f22fa,redux-persist,6.1.0,4.3.5,1637605693,31,0,0,0,0,0,0,0,0,0,0,0,0,0
rt2zz/redux-persist,663f0ba5ac42b52ce42bc3a9b97bbe27abb87923,redux-persist,6.1.0,4.3.5,1649472570,31,0,0,0,0,0,0,0,0,0,0,0,0,0
rt2zz/redux-persist,e60c8af08f45fac8f170db208cc80377507480ef,redux-persist,6.1.0,4.3.5,1658314859,31,0,0,0,0,0,0,0,0,0,0,0,0,0
