socketio/socket.io-client,b7dbbd28c84464147ef630ed8ba9e86d88a4d513,socket.io-client,2.3.0,,1601417249,0,0,0,0,0,0,0,0,0,0,0,0,0,0
socketio/socket.io-client,3c1d8604207b6a574b6845a60e0ddf0da59bdfa7,socket.io-client,2.3.0,,1601417592,0,0,0,0,0,0,0,0,0,0,0,0,0,0
socketio/socket.io-client,f4a4d89f15711be2a5e218a108e2a631d0f963b0,socket.io-client,2.3.0,,1601418059,0,0,0,0,0,0,0,0,0,0,0,0,0,0
socketio/socket.io-client,6ce02ee3b0ec48dcd200279f6942631f93e0dc6d,socket.io-client,2.3.0,,1601423546,0,0,0,0,0,0,0,0,0,0,0,0,0,0
socketio/socket.io-client,0c39f145fa9bc7288e5fa3c1d68fa60ce3ca6e8a,socket.io-client,2.3.0,,1601424550,0,0,0,0,0,0,0,0,0,0,0,0,0,0
socketio/socket.io-client,1fb1b78020dab80ea0a5147891a60b87e65d42f9,socket.io-client,2.3.0,,1601425456,0,0,0,0,0,0,0,0,0,0,0,0,0,0
socketio/socket.io-client,b570025a79373366b7f3430ae6a4c93279a13945,socket.io-client,2.3.0,,1601425589,0,0,0,0,0,0,0,0,0,0,0,0,0,0
socketio/socket.io-client,050108b2281effda086b197cf174ee2e8e1aad79,socket.io-client,2.3.0,,1601474475,0,0,0,0,0,0,0,0,0,0,0,0,0,0
socketio/socket.io-client,15a52ab7217dedd2c6f46dfd66fe97a48761ffa9,socket.io-client,2.3.0,,1601475114,0,0,0,0,0,0,0,0,0,0,0,0,0,0
socketio/socket.io-client,67c54b8344e30327566dd9b48ffc21a7374671cd,socket.io-client,2.3.0,,1601475259,0,0,0,0,0,0,0,0,0,0,0,0,0,0
socketio/socket.io-client,7f73a289f577a38f7cf870073d7c33bddbc86eef,socket.io-client,2.3.0,,1601480552,0,0,0,0,0,0,0,0,0,0,0,0,0,0
socketio/socket.io-client,4631ed6ab38a7760a983571d36e83ad5294b52fc,socket.io-client,2.3.1,,1601483553,0,0,0,0,0,0,0,0,0,0,0,0,0,0
socketio/socket.io-client,f08b9338004fc8f72ae39e389399ca261431af95,socket.io-client,2.3.1,,1601888895,0,0,0,0,0,0,0,0,0,0,0,0,0,0
socketio/socket.io-client,3c11eb9d2e5eaaa146cdec3d8aeb29ff3f446e76,socket.io-client,2.3.1,,1601905702,0,0,0,0,0,0,0,0,0,0,0,0,0,0
socketio/socket.io-client,003cb38caed37fe1007fc5fdd008aafd13f6ccc1,socket.io-client,2.3.1,,1601936425,0,0,0,0,0,0,0,0,0,0,0,0,0,0
socketio/socket.io-client,cab895f477233df0ce125401fc62e2aa73bd155d,socket.io-client,2.3.1,4.0.3,1601936474,5,0,0,0,0,0,0,0,0,0,0,0,0,0
socketio/socket.io-client,697bea2d81735c4ecde42c80402e2e7abfb5fb10,socket.io-client,2.3.1,4.0.3,1601936474,5,0,0,0,0,0,0,0,0,0,0,0,0,0
socketio/socket.io-client,429846b0a1dc103f700ae3ca505fdcd95c3efb32,socket.io-client,2.3.1,4.0.3,1601940012,5,0,0,0,0,0,0,0,0,0,0,0,0,0
socketio/socket.io-client,f2f4a4c7c7843808fa567b0bf973bbeb879c090a,socket.io-client,2.3.1,4.0.3,1602016877,10,0,0,0,0,0,0,0,0,0,0,0,0,0
socketio/socket.io-client,be8c3141bdbbdfa59c4d0ca4b3149236e200878f,socket.io-client,2.3.1,4.0.3,1602017452,10,0,0,0,0,0,0,0,0,0,0,0,0,0
socketio/socket.io-client,249e0bef9071e7afd785485961c4eef0094254e8,socket.io-client,2.3.1,4.0.3,1602115443,10,0,0,0,0,0,0,0,0,0,0,0,0,0
socketio/socket.io-client,bbe94adb822a306c6272e977d394e3e203cae25d,socket.io-client,2.3.1,4.0.3,1602119089,10,0,0,0,0,0,0,0,0,0,0,0,0,0
socketio/socket.io-client,c07b91db96d24d26dd90780bbff69f2bbd168e30,socket.io-client,2.3.1,4.0.3,1602494186,10,0,0,0,0,0,0,0,0,0,0,0,0,0
socketio/socket.io-client,6cd2e4eab03a755654bb24e5e3b43f0abdd06a3b,socket.io-client,2.3.1,4.0.3,1602495715,10,0,0,0,0,0,0,0,0,0,0,0,0,0
socketio/socket.io-client,b60e909039d4bbb979d32ec86ac16c5398526b44,socket.io-client,2.3.1,4.0.3,1602507789,10,0,0,0,0,0,0,0,0,0,0,0,0,0
socketio/socket.io-client,132f8ec918a596eec872aee0c61d4ce63714c400,socket.io-client,2.3.1,4.0.3,1602507789,10,0,0,0,0,0,0,0,0,0,0,0,0,0
socketio/socket.io-client,6494f61be0d38d267d77c30ea4f43941f97b1bc0,socket.io-client,2.3.1,4.0.3,1602507789,10,0,0,0,0,0,0,0,0,0,0,0,0,0
socketio/socket.io-client,e826992c8e70a0e89e57111c6bbc2b5b72edcbc6,socket.io-client,2.3.1,4.0.3,1602507789,10,0,0,0,0,0,0,0,0,0,0,0,0,0
socketio/socket.io-client,cbabb0308ef4f7d302654755e08fe2103b9f22c8,socket.io-client,2.3.1,4.0.3,1602622433,10,0,0,0,0,0,0,0,0,0,0,0,0,0
socketio/socket.io-client,b68f8163232eb6a9f993a3bc88906c59f642f595,socket.io-client,2.3.1,4.0.3,1602624281,10,0,0,0,0,0,0,0,0,0,0,0,0,0
socketio/socket.io-client,a838ff1fc8a36bae282a09681f7ede56e8ab532c,socket.io-client,3.0.0-rc1,4.0.3,1602624922,10,0,0,0,0,0,0,0,0,0,0,0,0,0
socketio/socket.io-client,946a9f008c8a74fa593852107d0816d3c8b2d01b,socket.io-client,3.0.0-rc1,4.0.3,1602626402,10,0,0,0,0,0,0,0,0,0,0,0,0,0
socketio/socket.io-client,a66473f93a485386ee916f024db8359c3826c3da,socket.io-client,3.0.0-rc1,4.0.3,1602632946,10,0,0,0,0,0,0,0,0,0,0,0,0,0
socketio/socket.io-client,2c7c23015306a08b57e7dbfccf75e5d0934483c3,socket.io-client,3.0.0-rc1,4.0.3,1602633090,10,0,0,0,0,0,0,0,0,0,0,0,0,0
socketio/socket.io-client,c7998d544688ce2d3e793e7b5af4dc37b67dfe1f,socket.io-client,3.0.0-rc1,4.0.3,1602709198,8,0,0,0,0,0,0,0,0,0,0,0,0,0
socketio/socket.io-client,178909471a3dd232e71cba83b729b4cc66f1412f,socket.io-client,3.0.0-rc1,4.0.3,1602751026,8,0,0,0,0,0,0,0,0,0,0,0,0,0
socketio/socket.io-client,b600e78f710912f6ce76dc195201041cc8a44f9c,socket.io-client,3.0.0-rc2,4.0.3,1602759643,8,0,0,0,0,0,0,0,0,0,0,0,0,0
socketio/socket.io-client,7ddad2c09dea0391b20378ef03b40040f0230d3e,socket.io-client,3.0.0-rc2,4.0.3,1602898649,8,0,0,0,0,0,0,0,0,0,0,0,0,0
socketio/socket.io-client,f3cbe983a166f53c465d20f22fdbcafe88acb820,socket.io-client,3.0.0-rc2,4.0.3,1602898673,8,0,0,0,0,0,0,0,0,0,0,0,0,0
socketio/socket.io-client,71d60480af9ea06d22792540dafb18a76e9362e7,socket.io-client,3.0.0-rc2,4.0.3,1603662451,8,0,0,0,0,0,0,0,0,0,0,0,0,0
socketio/socket.io-client,55f464f59ed523fa1c1948ec10752bfdf808262d,socket.io-client,3.0.0-rc2,4.0.3,1603703007,8,0,0,0,0,0,0,0,0,0,0,0,0,0
socketio/socket.io-client,13e1db7c94291c583d843beaa9e06ee041ae4f26,socket.io-client,3.0.0-rc2,4.0.3,1603703045,8,0,0,0,0,0,0,0,0,0,0,0,0,0
socketio/socket.io-client,a9127cee83ff2a178e7258c51e3e62016ba5ad9a,socket.io-client,3.0.0-rc3,4.0.3,1603755692,8,0,0,0,0,0,0,0,0,0,0,0,0,0
socketio/socket.io-client,969debe88ce23a77b6341a8eb263a2d4d6f9d34d,socket.io-client,3.0.0-rc3,4.0.3,1603836464,8,0,0,0,0,0,0,0,0,0,0,0,0,0
socketio/socket.io-client,09393952e3397a0c71f239ea983f8ec1623b7c21,socket.io-client,3.0.0-rc3,4.0.3,1604094853,8,0,0,0,0,0,0,0,0,0,0,0,0,0
socketio/socket.io-client,ffa280450d4037e40070da484856c9e30b969cfa,socket.io-client,3.0.0-rc4,4.0.3,1604095326,8,0,0,0,0,0,0,0,0,0,0,0,0,0
socketio/socket.io-client,b7e07ba633ceb9c1dc94cc894c10b9bfca536c7a,socket.io-client,3.0.0,4.0.3,1604610385,8,0,0,0,0,0,0,0,0,0,0,0,0,0
socketio/socket.io-client,3add3e1b8265259fea2862fd89e3d58a8c90b732,socket.io-client,3.0.0,4.0.3,1604611652,8,0,0,0,0,0,0,0,0,0,0,0,0,0
socketio/socket.io-client,19ab1e9e4e1373d4ef4dad5381c8ae24167f5d89,socket.io-client,3.0.0,4.0.3,1604908807,8,0,0,0,0,0,0,0,0,0,0,0,0,0
socketio/socket.io-client,ca34eddf4bd1b0e231920d41e8de94d275fa31f0,socket.io-client,3.0.0,4.0.3,1604913822,8,0,0,0,0,0,0,0,0,0,0,0,0,0
socketio/socket.io-client,969d5c95f8b27e8b34771b17be47ecd75de78bc0,socket.io-client,3.0.1,4.0.3,1604914053,8,0,0,0,0,0,0,0,0,0,0,0,0,0
socketio/socket.io-client,96cd2c9ae4c48f9d2e6638ab26074277a3a6cf6b,socket.io-client,3.0.1,4.0.3,1605567802,8,0,0,0,0,0,0,0,0,0,0,0,0,0
socketio/socket.io-client,7b3ec9fad9df9d2f030f644a26fcd642bf2a91ab,socket.io-client,3.0.1,4.0.3,1605653696,8,0,0,0,0,0,0,0,0,0,0,0,0,0
socketio/socket.io-client,625d146f28376cea88aa8379891d02d845915154,socket.io-client,3.0.1,4.0.3,1605653697,8,0,0,0,0,0,0,0,0,0,0,0,0,0
socketio/socket.io-client,719307801a2170f02d3a16ab52752ac219ca4b6e,socket.io-client,3.0.1,4.0.3,1605653697,8,0,0,0,0,0,0,0,0,0,0,0,0,0
socketio/socket.io-client,a883e3238e39a87b581c497c654628b101d06b48,socket.io-client,3.0.2,4.0.3,1605654042,8,0,0,0,0,0,0,0,0,0,0,0,0,0
socketio/socket.io-client,bec15240ea67e9d296ac94093974d7d831239e8d,socket.io-client,3.0.2,4.0.3,1605743785,8,0,0,0,0,0,0,0,0,0,0,0,0,0
socketio/socket.io-client,e2a4c56709723443a6e4ac55fcb964b348dbba3f,socket.io-client,3.0.2,4.0.3,1605743982,8,0,0,0,0,0,0,0,0,0,0,0,0,0
socketio/socket.io-client,66e4fdf2e68860c7a3089bab86b512e977a9cf65,socket.io-client,3.0.3,4.0.3,1605744093,8,0,0,0,0,0,0,0,0,0,0,0,0,0
socketio/socket.io-client,b3de861a928c0eb5f0b2f37956c671e72432715d,socket.io-client,3.0.3,4.0.3,1605910167,8,0,0,0,0,0,0,0,0,0,0,0,0,0
socketio/socket.io-client,adffc03977c1b0f69ab8a351eb911597069228de,socket.io-client,3.0.3,4.0.3,1607328161,8,0,0,0,0,0,0,0,0,0,0,0,0,0
socketio/socket.io-client,226b4918465b17c4b08453699daacb6a1c98b354,socket.io-client,3.0.3,4.0.3,1607328417,8,0,0,0,0,0,0,0,0,0,0,0,0,0
socketio/socket.io-client,ec1f8c3474b54600420487a0554cb195cc78f2bc,socket.io-client,3.0.3,4.0.3,1607336335,8,0,0,0,0,0,0,0,0,0,0,0,0,0
socketio/socket.io-client,f8f60fc860f51aa6465fc32dd9275a8e1d22f05d,socket.io-client,3.0.3,4.0.3,1607336655,8,0,0,0,0,0,0,0,0,0,0,0,0,0
socketio/socket.io-client,085cd6c56d814005b6af5ac30a46ded68b6ba901,socket.io-client,3.0.4,4.0.3,1607337791,8,0,0,0,0,0,0,0,0,0,0,0,0,0
socketio/socket.io-client,7bc7a7b62464e12399fc5621fb88724988ad85ad,socket.io-client,3.0.4,4.0.3,1607684157,8,0,0,0,0,0,0,0,0,0,0,0,0,0
socketio/socket.io-client,2874d5f9721f3cc6680004fac8972bce615cd328,socket.io-client,3.0.4,4.0.3,1609325117,8,0,0,0,0,0,0,0,0,0,0,0,0,0
socketio/socket.io-client,7248c1e179279e10e282d777de56005a63dd347f,socket.io-client,2.3.1,,1609795992,0,0,0,0,0,0,0,0,0,0,0,0,0,0
socketio/socket.io-client,e9dd12ad0b389aee99cf78f4d61ca0ec83bc1cc6,socket.io-client,2.3.1,,1609797064,0,0,0,0,0,0,0,0,0,0,0,0,0,0
socketio/socket.io-client,de2ccff492b37b0fb83124f83c7614d413588037,socket.io-client,2.4.0,,1609800031,0,0,0,0,0,0,0,0,0,0,0,0,0,0
socketio/socket.io-client,8c08c5d5c3bd6dd5477ca11a2625314da57724cc,socket.io-client,3.0.4,4.0.3,1609838127,8,0,0,0,0,0,0,0,0,0,0,0,0,0
socketio/socket.io-client,b83f89c901e82e06f66cbda4124cf739d2bb01c3,socket.io-client,3.0.4,4.0.3,1609838278,8,0,0,0,0,0,0,0,0,0,0,0,0,0
socketio/socket.io-client,53c73749a829b2c98d9a5e45c48f0ae5a22c056c,socket.io-client,3.0.4,4.0.3,1609843374,8,0,0,0,0,0,0,0,0,0,0,0,0,0
socketio/socket.io-client,cf9fc358365cc15a41260a51dc186c881bf086ca,socket.io-client,3.0.4,4.0.3,1609843566,8,0,0,0,0,0,0,0,0,0,0,0,0,0
socketio/socket.io-client,bcdd3bef855313c5a252cfc8eb80aeeb834a99f9,socket.io-client,3.0.5,4.0.3,1609844572,8,0,0,0,0,0,0,0,0,0,0,0,0,0
socketio/socket.io-client,4922e397f41bc50fad7b1b09575b820e59a62fc1,socket.io-client,3.0.5,4.0.3,1610115223,8,0,0,0,0,0,0,0,0,0,0,0,0,0
socketio/socket.io-client,fe97243fab02cd80fc1116e8f4aeca02951dac75,socket.io-client,3.0.5,4.0.3,1610401648,8,0,0,0,0,0,0,0,0,0,0,0,0,0
socketio/socket.io-client,13e16b9b79b3d8a524252525bd460cd3012af4b5,socket.io-client,3.0.5,4.0.3,1610672161,8,0,0,0,0,0,0,0,0,0,0,0,0,0
socketio/socket.io-client,5d9b4eb42b1f5778e6f033096694acb331b132c4,socket.io-client,3.0.5,4.0.3,1610672396,8,0,0,0,0,0,0,0,0,0,0,0,0,0
socketio/socket.io-client,5529f34aafe31058879fd2302d4fca82b32cf4a5,socket.io-client,3.1.0,4.0.3,1610673357,8,0,0,0,0,0,0,0,0,0,0,0,0,0
socketio/socket.io-client,0a63a17f63ae0a82576c5de45bc4db05f97edb09,socket.io-client,3.1.0,4.0.3,1611833222,8,0,0,0,0,0,0,0,0,0,0,0,0,0
socketio/socket.io-client,be81a2ce6fb429a70a008e71945cc5bf9261e77a,socket.io-client,3.1.0,4.0.3,1611839848,8,0,0,0,0,0,0,0,0,0,0,0,0,0
socketio/socket.io-client,f02ab3bc9626133dd35aad0916325f0c7fc4da5d,socket.io-client,3.1.0,4.0.3,1612261593,8,0,0,0,0,0,0,0,0,0,0,0,0,0
socketio/socket.io-client,47f917afdd1821079723542f081c726596f2aaf3,socket.io-client,3.1.0,4.0.3,1612261748,8,0,0,0,0,0,0,0,0,0,0,0,0,0
socketio/socket.io-client,61afc5d8cb9f10985930b2f01758089c49f84686,socket.io-client,3.1.0,4.0.3,1612264106,8,0,0,0,0,0,0,0,0,0,0,0,0,0
socketio/socket.io-client,7a0c2b504f5f3bac64d423684fb1bb44229c7a70,socket.io-client,3.1.0,4.0.3,1612387861,8,0,0,0,0,0,0,0,0,0,0,0,0,0
socketio/socket.io-client,311c5d14c37a960f331bb9eed7e6f5a7ecd12f49,socket.io-client,3.1.1,4.0.3,1612388177,8,0,0,0,0,0,0,0,0,0,0,0,0,0
socketio/socket.io-client,13b32b39a4c1cf4829144fb0a95c4d0506000fb3,socket.io-client,3.1.1,4.0.3,1614296606,8,0,0,0,0,0,0,0,0,0,0,0,0,0
socketio/socket.io-client,83a65be78a8ef44fdf80fa269de0aaf19f174939,socket.io-client,3.1.1,4.0.3,1614298119,8,0,0,0,0,0,0,0,0,0,0,0,0,0
socketio/socket.io-client,78ec5a6e43a33b2e9a29eae64e99634bdc5426cd,socket.io-client,3.1.2,4.0.3,1614298230,8,0,0,0,0,0,0,0,0,0,0,0,0,0
socketio/socket.io-client,59023657a02cf78f90522e0d7797749707ed5ed2,socket.io-client,3.1.2,4.0.3,1615335896,10,0,0,0,0,0,0,0,0,0,0,0,0,0
socketio/socket.io-client,6abfa1fa4c7fea0d69c69b254d2e1ca18f19c4bc,socket.io-client,3.1.2,4.0.3,1615374972,16,0,0,0,0,0,0,0,0,0,0,0,0,0
socketio/socket.io-client,43613d1b2c3c04e89d572750656012f54d44467c,socket.io-client,3.1.2,4.0.3,1615375072,16,0,0,0,0,0,0,0,0,0,0,0,0,0
socketio/socket.io-client,d28cde7afc576741f6fe919943e67fe557c3a2a9,socket.io-client,4.0.0,4.0.3,1615375527,16,0,0,0,0,0,0,0,0,0,0,0,0,0
socketio/socket.io-client,afa79532f8a422cc9246175abdbe30299a0b0281,socket.io-client,3.1.2,4.0.3,1615555659,8,0,0,0,0,0,0,0,0,0,0,0,0,0
socketio/socket.io-client,b574be703945453f94ddb96c74b3b84f2ceda5bd,socket.io-client,3.1.3,4.0.3,1615556064,8,0,0,0,0,0,0,0,0,0,0,0,0,0
socketio/socket.io-client,48f573f6f6c4d542e6a098e7f4ae472b888b5664,socket.io-client,4.0.0,4.0.3,1617229903,16,0,0,0,0,0,0,0,0,0,0,0,0,0
socketio/socket.io-client,c15022347c662dc31ee0a3d89cde23641f029783,socket.io-client,4.0.0,4.0.3,1617229941,16,0,0,0,0,0,0,0,0,0,0,0,0,0
socketio/socket.io-client,86f28c3204f04585c62afbe299ad3fd6da5163cc,socket.io-client,4.0.0,4.0.3,1617231745,16,0,0,0,0,0,0,0,0,0,0,0,0,0
socketio/socket.io-client,2edf0f308c8b969928124d02e81e21c456f736a7,socket.io-client,4.0.1,4.0.3,1617232024,16,0,0,0,0,0,0,0,0,0,0,0,0,0
socketio/socket.io-client,7e81e66b2fb362fdff7caef0e417caf97109f0f6,socket.io-client,4.0.1,4.0.3,1617782503,16,0,0,0,0,0,0,0,0,0,0,0,0,0
socketio/socket.io-client,dd2a8fce000a9b5b5d741489fc44eafd4ff6c75b,socket.io-client,4.0.1,4.0.3,1620303774,16,0,0,0,0,0,0,0,0,0,0,0,0,0
socketio/socket.io-client,34f822f783c6985039c0733a96d1fab8f01b1edf,socket.io-client,4.0.1,4.0.3,1620303805,16,0,0,0,0,0,0,0,0,0,0,0,0,0
socketio/socket.io-client,e20d487ac080910c90e7b766f8509f5e40c9ecfe,socket.io-client,4.0.1,4.0.3,1620303848,16,0,0,0,0,0,0,0,0,0,0,0,0,0
socketio/socket.io-client,53946694882114957ef2187c532eb798fa811b60,socket.io-client,4.0.1,4.0.3,1620303888,16,0,0,0,0,0,0,0,0,0,0,0,0,0
socketio/socket.io-client,6279065209ebc25e1b158e7909a1ff8c81788556,socket.io-client,4.0.2,4.0.3,1620304260,16,0,0,0,0,0,0,0,0,0,0,0,0,0
socketio/socket.io-client,70220b53331d609e76ec0d1c8aadb429b9be1e8a,socket.io-client,4.0.2,4.0.3,1620717132,16,0,0,0,0,0,0,0,0,0,0,0,0,0
socketio/socket.io-client,411499ebcfe163a7e52b15dc765d309a4ee26799,socket.io-client,4.1.0,4.0.3,1620717388,16,0,0,0,0,0,0,0,0,0,0,0,0,0
socketio/socket.io-client,7d6a71c91d4ef2bbd9f5004867aaa8b15a94b344,socket.io-client,4.1.1,4.0.3,1620770064,16,0,0,0,0,0,0,0,0,0,0,0,0,0
socketio/socket.io-client,c8dfbb1c1d10aff16bc19cc1f1bab6b3a9240d81,socket.io-client,4.1.1,4.0.3,1621204769,16,0,0,0,0,0,0,0,0,0,0,0,0,0
socketio/socket.io-client,35d27df2ae48046bfe3ae2e11f82004200095aae,socket.io-client,4.1.1,4.0.3,1621281699,16,0,0,0,0,0,0,0,0,0,0,0,0,0
socketio/socket.io-client,b466c6f0b1dd5ef1a2149abc89d1884d376c0eee,socket.io-client,4.1.2,4.0.3,1621285711,16,0,0,0,0,0,0,0,0,0,0,0,0,0
socketio/socket.io-client,cef471bb93f79b2330fe727aa8e60e4dc775a512,socket.io-client,4.1.2,4.3.5,1625352796,16,0,0,0,0,0,0,0,0,0,0,0,0,0
socketio/socket.io-client,7326bd50dfdd0329efe47cf686a460040284767a,socket.io-client,4.1.3,4.3.5,1625911389,16,0,0,0,0,0,0,0,0,0,0,0,0,0
socketio/socket.io-client,dfb46b55a55d9c5b0397f4bc0fab9cec99ff430e,socket.io-client,4.1.3,4.3.5,1627545543,16,0,0,0,0,0,0,0,0,0,0,0,0,0
socketio/socket.io-client,f3acddf9972abbe6832dd19bbbd13bcd2396fd65,socket.io-client,4.1.3,4.3.5,1630135536,16,0,0,0,0,0,0,0,0,0,0,0,0,0
socketio/socket.io-client,4e1b65699d9967a7bb409bdc89c894c62562771b,socket.io-client,4.1.3,4.3.5,1630222285,16,0,0,0,0,0,0,0,0,0,0,0,0,0
socketio/socket.io-client,66e00b7dd7c4a09072cfd84c78e6e15ec52039f5,socket.io-client,4.1.3,4.3.5,1630304507,16,0,0,0,0,0,0,0,0,0,0,0,0,0
socketio/socket.io-client,ec3a784fa6cb6ce57d03c0ec857f6dddb3311aee,socket.io-client,4.1.3,4.4.2,1630304507,16,0,0,0,0,0,0,0,0,0,0,0,0,0
socketio/socket.io-client,0a7efc82170dae19e2a20ff513045de4c4ac2987,socket.io-client,4.2.0,4.4.2,1630307730,16,0,0,0,0,0,0,0,0,0,0,0,0,0
socketio/socket.io-client,718745305fa5f05c2bf381db81efaeb8ea7ef2b5,socket.io-client,4.2.0,4.4.2,1633987191,16,0,0,0,0,0,0,0,0,0,0,0,0,0
socketio/socket.io-client,91fbd47e1ed8f1ecae9a67d5e804b5e17ed15c14,socket.io-client,4.2.0,4.4.2,1633987191,16,0,0,0,0,0,0,0,0,0,0,0,0,0
socketio/socket.io-client,16b65698aed766e1e645c78847f2e91bfc5b6f56,socket.io-client,4.2.0,4.4.2,1634141381,16,0,0,0,0,0,0,0,0,0,0,0,0,0
socketio/socket.io-client,0661564dc2005b95843ddb65621b7e89af702bc0,socket.io-client,4.2.0,4.4.2,1634141381,17,0,0,0,0,0,0,0,0,0,0,0,0,0
socketio/socket.io-client,a9e5b85580e8edca0b0fd2850c3741d3d86a96e2,socket.io-client,4.2.0,4.4.2,1634201912,17,0,0,0,0,0,0,0,0,0,0,0,0,0
socketio/socket.io-client,91b948b8607166fcc79f028a6428819277214188,socket.io-client,4.2.0,4.4.2,1634213363,16,0,0,0,0,0,0,0,0,0,0,0,0,0
socketio/socket.io-client,c76d36778d337dc8aa9ef956e3624010e19bad94,socket.io-client,4.3.0,4.4.2,1634215053,16,0,0,0,0,0,0,0,0,0,0,0,0,0
socketio/socket.io-client,8737d0ae6fb362455015e6dd435010c36d023663,socket.io-client,4.3.0,4.4.2,1634338351,16,0,0,0,0,0,0,0,0,0,0,0,0,0
socketio/socket.io-client,f0aae8457a8bdf7e2f2286b4b7d34d2798419456,socket.io-client,4.3.0,4.4.2,1634339383,16,0,0,0,0,0,0,0,0,0,0,0,0,0
socketio/socket.io-client,ca614b28f8892591558b6944f634d1590b27a93b,socket.io-client,4.3.1,4.4.2,1634339588,16,0,0,0,0,0,0,0,0,0,0,0,0,0
socketio/socket.io-client,6780f29624372a76aafb0bbd6975864280239f26,socket.io-client,4.3.1,4.4.2,1634425228,16,0,0,0,0,0,0,0,0,0,0,0,0,0
socketio/socket.io-client,da0b8282f31368546f0a25a8684b4bd101ed0029,socket.io-client,4.3.2,4.4.2,1634426007,16,0,0,0,0,0,0,0,0,0,0,0,0,0
socketio/socket.io-client,ccf7998cc5049d02022567aedfb263de875a06a5,socket.io-client,4.3.2,4.4.2,1637089004,16,0,0,0,0,0,0,0,0,0,0,0,0,0
socketio/socket.io-client,d54d12ce634193d14b71894496ed57d35d922378,socket.io-client,4.3.2,4.4.2,1637089067,16,0,0,0,0,0,0,0,0,0,0,0,0,0
socketio/socket.io-client,53d8fcafabbfddb5834012c9c98743bfe6e13347,socket.io-client,4.3.2,4.4.2,1637089199,16,0,0,0,0,0,0,0,0,0,0,0,0,0
socketio/socket.io-client,99c2cb8421361487ed7c876edd8670bb69a5c5b5,socket.io-client,4.3.2,4.4.2,1637239180,16,0,0,0,0,0,0,0,0,0,0,0,0,0
socketio/socket.io-client,522ffbe7a89dec6ad0abf272992a487b6d47a1ec,socket.io-client,4.3.2,4.4.2,1637239246,16,0,0,0,0,0,0,0,0,0,0,0,0,0
socketio/socket.io-client,1e1952b8179a233e9c5fe26b15ca0a61fd1d8a26,socket.io-client,4.3.2,4.4.2,1637239661,16,0,0,0,0,0,0,0,0,0,0,0,0,0
socketio/socket.io-client,71e34a38261d4c52f60c153e5f492e7304d802eb,socket.io-client,4.4.0,4.4.2,1637239896,16,0,0,0,0,0,0,0,0,0,0,0,0,0
socketio/socket.io-client,19836d9abf371cb9635952623a6cfca580f8dfd4,socket.io-client,4.4.0,4.4.2,1640683365,16,0,0,0,0,0,0,0,0,0,0,0,0,0
socketio/socket.io-client,f56fdd0f09bb42e81bfacd0a73dde03531d0493d,socket.io-client,4.4.0,4.4.2,1641286663,16,0,0,0,0,0,0,0,0,0,0,0,0,0
socketio/socket.io-client,359d1e25e788715528be88ae0cf2cb75a69c8c48,socket.io-client,4.4.1,4.4.2,1641450293,16,0,0,0,0,0,0,0,0,0,0,0,0,0
socketio/socket.io-client,eaf782c41b9b92d4f39aa221a4166de4a30fb560,socket.io-client,4.4.1,4.4.2,1641798304,16,0,0,0,0,0,0,0,0,0,0,0,0,0
socketio/socket.io-client,b862924b7f1720979e5db2f0154906b305d420e3,socket.io-client,4.4.1,4.4.2,1650668243,16,0,0,0,0,0,0,0,0,0,0,0,0,0
socketio/socket.io-client,6fdf3c9bfa2a1f05b9acdae26a95dd2180b5a8b9,socket.io-client,4.4.1,4.4.2,1650747339,17,0,0,0,0,0,0,0,0,0,0,0,0,0
socketio/socket.io-client,692d54e9fd48aac3d1372b98432e964c3bd4cf02,socket.io-client,4.4.1,4.4.2,1650747588,17,0,0,0,0,0,0,0,0,0,0,0,0,0
socketio/socket.io-client,74e3e601a43133b2c0ea43c3de2764cc55b57b5a,socket.io-client,4.4.1,4.4.2,1650751023,17,0,0,0,0,0,0,0,0,0,0,0,0,0
socketio/socket.io-client,e8590188ec2aefd9c1a38741f39ba915616ab756,socket.io-client,4.4.1,4.4.2,1650752036,17,0,0,0,0,0,0,0,0,0,0,0,0,0
socketio/socket.io-client,c0ba7344e22413dba75181efda5b01289c1f2ef3,socket.io-client,4.4.1,4.4.2,1650752243,17,0,0,0,0,0,0,0,0,0,0,0,0,0
socketio/socket.io-client,faf68a5de1d3e2ed096519a5932f6a4ecbe476ee,socket.io-client,4.4.1,4.4.2,1650752322,17,0,0,0,0,0,0,0,0,0,0,0,0,0
socketio/socket.io-client,abdba0703005fc2ae45f40287b88c59405d51806,socket.io-client,4.5.0,4.4.2,1650753471,17,0,0,0,0,0,0,0,0,0,0,0,0,0
socketio/socket.io-client,f0350a0100f7261a31acb647f48261f4cad1f117,socket.io-client,4.5.1,4.4.2,1652823259,17,0,0,0,0,0,0,0,0,0,0,0,0,0
socketio/socket.io-client,b1d7eeffebf63674409de5882d16bd85a0cdc4f5,socket.io-client,2.4.0,,1656146547,0,0,0,0,0,0,0,0,0,0,0,0,0,0
socketio/socket.io-client,8c659bcccf45294cc06d6f4a4328c16bb7f0af83,socket.io-client,4.5.1,4.4.2,1656224386,17,0,0,0,0,0,0,0,0,0,0,0,0,0
socketio/socket.io-client,991eb0b0289bbbf680099e6d42b302beee7568b8,socket.io-client,2.4.0,,1656227299,0,0,0,0,0,0,0,0,0,0,0,0,0,0
socketio/socket.io-client,2b8e3188b65f9a825da9a9cedb65a9c13acdb299,socket.io-client,2.5.0,,1656229455,0,0,0,0,0,0,0,0,0,0,0,0,0,0
socketio/socket.io-client,c5970231699aa47b00c4a617af4239d0fa90fa53,socket.io-client,4.5.1,4.4.2,1662157715,17,0,0,0,0,0,0,0,0,0,0,0,0,0
socketio/socket.io-client,2d708137298784761763fdebbd64785819527f45,socket.io-client,4.5.2,4.4.2,1662158215,17,0,0,0,0,0,0,0,0,0,0,0,0,0
socketio/socket.io-client,1098618a8c1db5a65c83449486e2ff2e5be5f531,socket.io-client,4.5.2,4.4.2,1665649189,17,0,0,0,0,0,0,0,0,0,0,0,0,0
socketio/socket.io-client,2403b88057bf3fd32eb2047c82be26c455c13a2f,socket.io-client,4.5.2,4.4.2,1665671195,17,0,0,0,0,0,0,0,0,0,0,0,0,0
socketio/socket.io-client,7c056889ee04329d67448f30fdd6669258c5def7,socket.io-client,4.5.2,4.4.2,1665809696,17,0,0,0,0,0,0,0,0,0,0,0,0,0
socketio/socket.io-client,2eca8dad28243c51a51d0c4a3dc12f6deaa0ae45,socket.io-client,4.5.3,4.4.2,1665810262,17,0,0,0,0,0,0,0,0,0,0,0,0,0
socketio/socket.io-client,f9b773ffa089544772488646d60cb6a1d974af4c,socket.io-client,4.5.3,4.4.2,1667371715,17,0,0,0,0,0,0,0,0,0,0,0,0,0
socketio/socket.io-client,9ec85f7da1a0eea43fa9963e7bc699ec409f22b0,socket.io-client,4.5.3,4.4.2,1667373335,17,0,0,0,0,0,0,0,0,0,0,0,0,0
socketio/socket.io-client,cedd3117cfd49efe43e724b7fbb7c57e3331c8f4,socket.io-client,4.5.3,4.4.2,1667685944,17,0,0,0,0,0,0,0,0,0,0,0,0,0
socketio/socket.io-client,e8912891b2c42e4e9719e6195b4c0379455eaaf2,socket.io-client,4.5.3,4.4.2,1668508462,17,0,0,0,0,0,0,0,0,0,0,0,0,0
socketio/socket.io-client,d8828229084562d80a892f5e86cc3028c58ffe5c,socket.io-client,4.5.3,4.4.2,1668675072,22,0,0,0,0,0,0,0,0,0,0,0,0,0
socketio/socket.io-client,91ef8395d50e4ac378a399fd127d45778c6dfe99,socket.io-client,4.5.4,4.4.2,1669152511,22,0,0,0,0,0,0,0,0,0,0,0,0,0
socketio/socket.io-client,18c6e0a6da23999ad128cfb47a90ff09148c84d6,socket.io-client,4.5.4,4.4.2,1671000415,22,0,0,0,0,0,0,0,0,0,0,0,0,0
