typestack/class-validator,16b5932972c4404ba2c8e83883c1374ffcaa59ed,class-validator,0.11.0,3.5.3,1584387099,61,0,0,0,0,0,0,0,0,0,0,0,0,0
typestack/class-validator,5894389a116dd6b72e2059a055dc6bde3b9c1987,class-validator,0.11.0,3.5.3,1584387121,61,0,0,0,0,0,0,0,0,0,0,0,0,0
typestack/class-validator,8b521279be11ba63b4d9a01862b0b052eab6ac32,class-validator,0.11.0,3.5.3,1584387143,61,0,0,0,0,0,0,0,0,0,0,0,0,0
typestack/class-validator,39354dc2da56f25d53474afb2354c19627b0d631,class-validator,0.11.0,3.5.3,1584387175,61,0,0,0,0,0,0,0,0,0,0,0,0,0
typestack/class-validator,81ce3642482dfaf7ac2e452bd22d9787991671f5,class-validator,0.11.0,3.5.3,1584390041,61,0,0,0,0,0,0,0,0,0,0,0,0,0
typestack/class-validator,41e814e5cf391586435ee5821a0b5c72a188d77a,class-validator,0.11.0,3.5.3,1584390821,61,0,0,0,0,0,0,0,0,0,0,0,0,0
typestack/class-validator,cb0158fb65345dd89830190921c1f0917991eacb,class-validator,0.11.0,3.5.3,1584392137,61,0,0,0,0,0,0,0,0,0,0,0,0,0
typestack/class-validator,faa8a79b9001a5720d2a0c02eae6d2f2cf85220d,class-validator,0.11.0,3.5.3,1584392775,61,0,0,0,0,0,0,0,0,0,0,0,0,0
typestack/class-validator,b8aa9228f8ec335a74ee44ace4a53b83ca050ba8,class-validator,0.11.0,3.5.3,1584525190,61,0,0,0,0,0,0,0,0,0,0,0,0,0
typestack/class-validator,e7e2e532c4e8e432bf34e27fa8f3e39942e742e5,class-validator,0.11.0,3.5.3,1584525425,61,0,0,0,0,0,0,0,0,0,0,0,0,0
typestack/class-validator,43f340e33cd992b4b95996e1901d6a7759e5d7e9,class-validator,0.11.1,3.5.3,1584526294,61,0,0,0,0,0,0,0,0,0,0,0,0,0
typestack/class-validator,32bf9fe8da5b02169e7c8f8ed71ab85e3ba3d960,class-validator,0.11.1,3.5.3,1585080480,61,0,0,0,0,0,0,0,0,0,0,0,0,0
typestack/class-validator,5fb36e34a6e1faf4f32eb32b4ab4ca82e62a2843,class-validator,0.11.1,3.5.3,1585082161,61,0,0,0,0,0,0,0,0,0,0,0,0,0
typestack/class-validator,b57fef48f827432bd6f7df2027ce5111ccfc599e,class-validator,0.11.1,3.5.3,1585084308,61,0,0,0,0,0,0,0,0,0,0,0,0,0
typestack/class-validator,c27500bbd26e7af30102fcc2cec250679fc27a2d,class-validator,0.11.1,3.5.3,1585223182,61,0,0,0,0,0,0,0,0,0,0,0,0,0
typestack/class-validator,5497179631876433d63950cb8f24622cdb6cba41,class-validator,0.11.1,3.5.3,1585223316,61,0,0,0,0,0,0,0,0,0,0,0,0,0
typestack/class-validator,84680addd48e8c81d56a6165425b655190d3d455,class-validator,0.11.1,3.5.3,1585232072,61,0,0,0,0,0,0,0,0,0,0,0,0,0
typestack/class-validator,2012d7235a75d1228cc20edfb5934f9e1fce274a,class-validator,0.11.1,3.5.3,1585234343,61,0,0,0,0,0,0,0,0,0,0,0,0,0
typestack/class-validator,4eb12166a7f504846121de3061f7c6e9b516d62c,class-validator,0.11.1,3.5.3,1585251035,61,0,0,0,0,0,0,0,0,0,0,0,0,0
typestack/class-validator,62b993f3d360c8844687c8856ae9d84bb50b8654,class-validator,0.11.1,3.5.3,1585252107,61,0,0,0,0,0,0,0,0,0,0,0,0,0
typestack/class-validator,6457326021e7d995cc7d6260549eb533782f3eb5,class-validator,0.11.1,3.5.3,1585252413,61,0,0,0,0,0,0,0,0,0,0,0,0,0
typestack/class-validator,62678e1d1b44f81a1ad6ba287ee8be1f72aad4ac,class-validator,0.11.1,3.5.3,1585429275,61,0,0,0,0,0,0,0,0,0,0,0,0,0
typestack/class-validator,729410885154e6f5fc0350200024a332594c1744,class-validator,0.11.1,3.5.3,1585824395,61,0,0,0,0,0,0,0,0,0,0,0,0,0
typestack/class-validator,11a7b8bb59c83d55bc723ebb236fdca912f49d88,class-validator,0.12.0-refactor.5,3.5.3,1587158533,147,0,0,0,0,0,0,0,0,0,0,0,0,0
typestack/class-validator,09120b76c854b7a3943aeefd4eea02923fa1f2e6,class-validator,0.12.0-refactor.5,3.5.3,1587204087,166,0,0,0,0,0,0,0,0,0,0,0,0,0
typestack/class-validator,7909ec6ea750c8a81faf22a17ada89ba495b1993,class-validator,0.12.0-refactor.5,3.5.3,1587204609,166,0,0,0,0,0,0,0,0,0,0,0,0,0
typestack/class-validator,3144b6c225a22949bc33eff840d3f2ca46958f76,class-validator,0.12.0,3.5.3,1587205042,166,0,0,0,0,0,0,0,0,0,0,0,0,0
typestack/class-validator,c463be53e065a7d9d9dcfa7dc1244f03386664ee,class-validator,0.12.0,3.5.3,1587212393,166,0,0,0,0,0,0,0,0,0,0,0,0,0
typestack/class-validator,bca014c7e634c9faba18bb65e334ed4a2bbb5f97,class-validator,0.12.1,3.5.3,1587212631,166,0,0,0,0,0,0,0,0,0,0,0,0,0
typestack/class-validator,15bbdbda6928b271e8fdb91f1427edc81ef33a95,class-validator,0.12.1,3.5.3,1587215399,166,0,0,0,0,0,0,0,0,0,0,0,0,0
typestack/class-validator,c4b29b993cee5d315deaf300b0cb285bfa05390d,class-validator,0.12.1,3.5.3,1587664509,166,0,0,0,0,0,0,0,0,0,0,0,0,0
typestack/class-validator,827eff1d05520aeebad992f082e00a7645a1e4be,class-validator,0.12.1,3.5.3,1587665184,166,0,0,0,0,0,0,0,0,0,0,0,0,0
typestack/class-validator,8c99c2a8cb1f352f42edb2181c470aa50b4b4fb7,class-validator,0.12.1,3.5.3,1587665398,166,0,0,0,0,0,0,0,0,0,0,0,0,0
typestack/class-validator,d74518169e12f5e47d839bda9066b90a34947de6,class-validator,0.12.2,3.5.3,1587665567,166,0,0,0,0,0,0,0,0,0,0,0,0,0
typestack/class-validator,f5463f0cc325ada38b41be6076cff22d3769c44f,class-validator,0.12.2,3.5.3,1587730986,166,0,0,0,0,0,0,0,0,0,0,0,0,0
typestack/class-validator,a4707f150c01997ff9374755f977750126a657c1,class-validator,0.12.2,3.5.3,1588273805,166,0,0,0,0,0,0,0,0,0,0,0,0,0
typestack/class-validator,b1b7f4d93a3160e91a5af5885442ca1ce9bd7801,class-validator,0.12.2,3.5.3,1588282218,166,0,0,0,0,0,0,0,0,0,0,0,0,0
typestack/class-validator,2054e41dc91fb5c6f38675ae997e660c9e90ecd2,class-validator,0.12.2,3.5.3,1588622206,166,0,0,0,0,0,0,0,0,0,0,0,0,0
typestack/class-validator,1724bde60ccfe10f7608963543e99f6273c808a8,class-validator,0.12.2,3.5.3,1588622206,166,0,0,0,0,0,0,0,0,0,0,0,0,0
typestack/class-validator,1955250de64d76504df465aa02076a2e5b219bb7,class-validator,0.12.2,3.5.3,1588700314,166,0,0,0,0,0,0,0,0,0,0,0,0,0
typestack/class-validator,ebb51f81c0c68532ec5a571051d145e08fa50939,class-validator,0.12.2,3.5.3,1589271864,166,0,0,0,0,0,0,0,0,0,0,0,0,0
typestack/class-validator,646aa8e5992115bc06f105ed214a31910ea8d399,class-validator,0.12.2,3.5.3,1589271864,166,0,0,0,0,0,0,0,0,0,0,0,0,0
typestack/class-validator,396aa6490210c85602d65197005995bb338557ce,class-validator,0.12.2,3.5.3,1589403779,166,0,0,0,0,0,0,0,0,0,0,0,0,0
typestack/class-validator,91fa6ff70775af553578a84835c9bd3b413e8dfe,class-validator,0.12.2,3.5.3,1595300123,166,0,0,0,0,0,0,0,0,0,0,0,0,0
typestack/class-validator,fc59d681a7513d2f8f48232058c7a53f9bf8ad44,class-validator,0.12.2,3.5.3,1595300286,166,0,0,0,0,0,0,0,0,0,0,0,0,0
typestack/class-validator,e199409e7a63f2ae42bdca07936575a8988ef8df,class-validator,0.12.2,3.5.3,1595300435,166,0,0,0,0,0,0,0,0,0,0,0,0,0
typestack/class-validator,adbc5f0acce8b11f8369af8df7c1cda71e227117,class-validator,0.12.2,3.5.3,1595300800,166,0,0,0,0,0,0,0,0,0,0,0,0,0
typestack/class-validator,fa70d01589d642f1d3aa007c096136bd4bad19db,class-validator,0.12.2,3.5.3,1596368789,166,0,0,0,0,0,0,0,0,0,0,0,0,0
typestack/class-validator,a8403789c0fb00b535ecf010041826861130d322,class-validator,0.12.2,3.5.3,1596368801,166,0,0,0,0,0,0,0,0,0,0,0,0,0
typestack/class-validator,75233f0dc4ac87a3155fa17bdeb9fa302451eedb,class-validator,0.12.2,3.5.3,1596368813,166,0,0,0,0,0,0,0,0,0,0,0,0,0
typestack/class-validator,b900de0cc6973e1bae96aeda829a8c75b7484038,class-validator,0.12.2,3.5.3,1596368825,166,0,0,0,0,0,0,0,0,0,0,0,0,0
typestack/class-validator,eecbaea980cea8488cd5b26339acd6299a0f87f1,class-validator,0.12.2,3.5.3,1596386777,166,0,0,0,0,0,0,0,0,0,0,0,0,0
typestack/class-validator,6b64fb236136fb11828492c037461c85f01950e9,class-validator,0.12.2,3.9.7,1596386847,165,0,0,0,0,0,0,0,0,0,0,0,0,0
typestack/class-validator,a0a8382d11c07d6f1c10007945a9db8eb4fcbdfd,class-validator,0.12.2,3.9.7,1596386875,165,0,0,0,0,0,0,0,0,0,0,0,0,0
typestack/class-validator,7b0433cee10bf1df2258afc7508f3f7e560ba59f,class-validator,0.12.2,3.9.7,1596387009,165,0,0,0,0,0,0,0,0,0,0,0,0,0
typestack/class-validator,76c44ff7a19dfa56ec8a907b8da216344ea62304,class-validator,0.12.2,3.9.7,1596387028,164,0,0,0,0,0,0,0,0,0,0,0,0,0
typestack/class-validator,b4a2ac42e0cfb65dfe9cd7bc0deccd97f65736e8,class-validator,0.12.2,3.9.7,1596387174,164,0,0,0,0,0,0,0,0,0,0,0,0,0
typestack/class-validator,8646c659142969046d095f7874137846346f604a,class-validator,0.12.2,3.9.7,1596387219,164,0,0,0,0,0,0,0,0,0,0,0,0,0
typestack/class-validator,68d130328718d68654bee4fbc3b8d56570cdcc32,class-validator,0.12.2,3.9.7,1596387593,167,0,0,0,0,0,0,0,0,0,0,0,0,0
typestack/class-validator,d797c0575c747d02594d716173eabde58141806e,class-validator,0.12.2,3.9.7,1596393529,167,0,0,0,0,0,0,0,0,0,0,0,0,0
typestack/class-validator,749fb26281a73ef43ce7e297f8b92be8a419c8cb,class-validator,0.12.2,3.9.7,1596395747,167,0,0,0,0,0,0,0,0,0,0,0,0,0
typestack/class-validator,3199a944b51ef40ae1e4db9a352a083e2d3e3468,class-validator,0.12.2,3.9.7,1596395753,167,0,0,0,0,0,0,0,0,0,0,0,0,0
typestack/class-validator,35867057a67647157f75a442f6a2a3f97959547a,class-validator,0.12.2,3.9.7,1596395763,167,0,0,0,0,0,0,0,0,0,0,0,0,0
typestack/class-validator,0bbc20c73d625a76cd869e3e32e326fdab5a5d54,class-validator,0.12.2,3.9.7,1596395851,167,0,0,0,0,0,0,0,0,0,0,0,0,0
typestack/class-validator,c7eba91ed930a01791c31173a7ac224f8566eadd,class-validator,0.12.2,3.9.7,1596397019,167,0,0,0,0,0,0,0,0,0,0,0,0,0
typestack/class-validator,d4432a97c6f6170fd38315a1eaa5db7243568e8e,class-validator,0.12.2,3.9.7,1596397040,167,0,0,0,0,0,0,0,0,0,0,0,0,0
typestack/class-validator,60f72a829da5b7669b852b96e4764ed525d772c3,class-validator,0.12.2,3.9.7,1596397076,167,0,0,0,0,0,0,0,0,0,0,0,0,0
typestack/class-validator,e6d397ad3e07b367c5c4eb42819b32b20435b258,class-validator,0.12.2,3.9.7,1596513230,167,0,0,0,0,0,0,0,0,0,0,0,0,0
typestack/class-validator,448a43e8d0de821ff71d1c8da74cf78c8e9fd7dc,class-validator,0.12.2,3.9.7,1596514202,167,0,0,0,0,0,0,0,0,0,0,0,0,0
typestack/class-validator,4016c915ab41150585ba57435dd60bcc4c84512b,class-validator,0.12.2,3.9.7,1596514214,167,0,0,0,0,0,0,0,0,0,0,0,0,0
typestack/class-validator,40470b7fcaad257fb0652f2c4ffdb3ca26e07c5f,class-validator,0.12.2,3.9.7,1596514776,167,0,0,0,0,0,0,0,0,0,0,0,0,0
typestack/class-validator,b3061dae2e493f4d2d1efca28e3b78cc513665ee,class-validator,0.12.2,3.9.7,1596515570,167,0,0,0,0,0,0,0,0,0,0,0,0,0
typestack/class-validator,e7322b4137063cb5e1a2cb08e65aeabc010744f5,class-validator,0.12.2,3.9.7,1596515794,167,0,0,0,0,0,0,0,0,0,0,0,0,0
typestack/class-validator,61cb621e88db904eb2b4ef735d5ad0ed253de279,class-validator,0.12.2,3.9.7,1596516841,167,0,0,0,0,0,0,0,0,0,0,0,0,0
typestack/class-validator,695b368bf33cad462d65ab1215b1475c55348408,class-validator,0.12.2,3.9.7,1596536250,167,0,0,0,0,0,0,0,0,0,0,0,0,0
typestack/class-validator,5d6cddda9b0b64c3801d283911a9d9dea5873f63,class-validator,0.12.2,3.9.7,1596536318,167,0,0,0,0,0,0,0,0,0,0,0,0,0
typestack/class-validator,855b4f12e45805714d55f621ffe814369db70584,class-validator,0.12.2,3.9.7,1596536565,167,0,0,0,0,0,0,0,0,0,0,0,0,0
typestack/class-validator,2d31fbdaa1c34e868e8c22852f9a5c9128ea753c,class-validator,0.12.2,3.9.7,1596573347,167,0,0,0,0,0,0,0,0,0,0,0,0,0
typestack/class-validator,6bcae2f4ef9dba37798e89793f5408123c4f9ddb,class-validator,0.12.2,3.9.7,1596577133,167,0,0,0,0,0,0,0,0,0,0,0,0,0
typestack/class-validator,7f62121a5854fa6cff279f0a2f70243464bc29eb,class-validator,0.12.2,3.9.7,1596720399,167,0,0,0,0,0,0,0,0,0,0,0,0,0
typestack/class-validator,1b25f1a65e4f1df3dcdad19196331a5108401886,class-validator,0.12.2,3.9.7,1596822876,167,0,0,0,0,0,0,0,0,0,0,0,0,0
typestack/class-validator,00daa6822094c735a41da2742478808762f7bd64,class-validator,0.12.2,3.9.7,1596823714,167,0,0,0,0,0,0,0,0,0,0,0,0,0
typestack/class-validator,ed53f147938ab2f4936423a01f44bd926f7c940c,class-validator,0.12.2,3.9.7,1596824139,167,0,0,0,0,0,0,0,0,0,0,0,0,0
typestack/class-validator,588664434f7ebe3fb8895b07f987ac60af42868b,class-validator,0.12.2,3.9.7,1596885158,167,0,0,0,0,0,0,0,0,0,0,0,0,0
typestack/class-validator,23a073f5c5b90234e8728afb99157eca6ff85c2e,class-validator,0.12.2,3.9.7,1596914351,167,0,0,0,0,0,0,0,0,0,0,0,0,0
typestack/class-validator,f2533253e031891dea6811b88df696a08ee4bccf,class-validator,0.12.2,3.9.7,1596925321,167,0,0,0,0,0,0,0,0,0,0,0,0,0
typestack/class-validator,12c2f9599b9f78cf09c1019102fda87b1e7ba374,class-validator,0.12.2,3.9.7,1597320992,167,0,0,0,0,0,0,0,0,0,0,0,0,0
typestack/class-validator,3d1e7e19c91928d9e92463e93c49e7c24ecd331d,class-validator,0.12.2,3.9.7,1597321338,167,0,0,0,0,0,0,0,0,0,0,0,0,0
typestack/class-validator,c89bab0ac42546131a1c34d6bfe239085978cea7,class-validator,0.12.2,3.9.7,1597321412,167,0,0,0,0,0,0,0,0,0,0,0,0,0
typestack/class-validator,173c386500694e82c8c6705c081c1349820586a1,class-validator,0.12.2,3.9.7,1597321591,167,0,0,0,0,0,0,0,0,0,0,0,0,0
typestack/class-validator,2e1135e090461f652f1dc229edd82953ed3d6bdf,class-validator,0.12.2,3.9.7,1597321922,167,0,0,0,0,0,0,0,0,0,0,0,0,0
typestack/class-validator,5d4de507d9c57b3374950cca0fa023b4407ffabb,class-validator,0.12.2,3.9.7,1597589250,167,0,0,0,0,0,0,0,0,0,0,0,0,0
typestack/class-validator,9fdea779361125962df0de71e60966eefd21c172,class-validator,0.12.2,3.9.7,1597589396,167,0,0,0,0,0,0,0,0,0,0,0,0,0
typestack/class-validator,3a14413f083f91f5ec2854260439c8a8282a0048,class-validator,0.12.2,3.9.7,1597589548,167,0,0,0,0,0,0,0,0,0,0,0,0,0
typestack/class-validator,1ea16fa598aa31b7d0bed9638b8b63baea0e8fd5,class-validator,0.12.2,3.9.7,1597589816,167,0,0,0,0,0,0,0,0,0,0,0,0,0
typestack/class-validator,cd4e768ca354949d83afb78f12745678781ea6c8,class-validator,0.12.2,3.9.7,1597590854,167,0,0,0,0,0,0,0,0,0,0,0,0,0
typestack/class-validator,9321fe83708958e34a2a6345f49ce0019fbf9405,class-validator,0.12.2,3.9.7,1597653764,167,0,0,0,0,0,0,0,0,0,0,0,0,0
typestack/class-validator,b2e5a3538ae2a0341d51476c8cdde2ceb44ac304,class-validator,0.12.2,3.9.7,1597653992,167,0,0,0,0,0,0,0,0,0,0,0,0,0
typestack/class-validator,c870fa84f183f81c1c4c2ebb7f7bcd379a884ef9,class-validator,0.12.2,3.9.7,1597654267,167,0,0,0,0,0,0,0,0,0,0,0,0,0
typestack/class-validator,f820aa22df6a35e0d917b4b15275485bc9edfd02,class-validator,0.12.2,3.9.7,1598131136,167,0,0,0,0,0,0,0,0,0,0,0,0,0
typestack/class-validator,0a5d2824e65c6f531a98bf61f035b7f47bd5a6fc,class-validator,0.12.2,3.9.7,1598131387,167,0,0,0,0,0,0,0,0,0,0,0,0,0
typestack/class-validator,b1400e8998c4ef85160ca6204fb99d6a3e439792,class-validator,0.12.2,3.9.7,1598131523,167,0,0,0,0,0,0,0,0,0,0,0,0,0
typestack/class-validator,d6d9868aa7fbe0e24b2bac33e3455b270b5cc2e2,class-validator,0.12.2,3.9.7,1598131811,167,0,0,0,0,0,0,0,0,0,0,0,0,0
typestack/class-validator,5fc23be2c31baed95448ce1591890c2e37091aea,class-validator,0.12.2,3.9.7,1598133393,167,0,0,0,0,0,0,0,0,0,0,0,0,0
typestack/class-validator,073730a02505ad4139f01bf2fdcbc5bf4f8d595f,class-validator,0.12.2,3.9.7,1598298071,167,0,0,0,0,0,0,0,0,0,0,0,0,0
typestack/class-validator,da59a791d7c6b5fe4f69837c4f71b85dee08b3cd,class-validator,0.12.2,3.9.7,1598298203,167,0,0,0,0,0,0,0,0,0,0,0,0,0
typestack/class-validator,9962a43154871ee2a7d94bd5b674157ce4cfb5d9,class-validator,0.12.2,3.9.7,1598640870,167,0,0,0,0,0,0,0,0,0,0,0,0,0
typestack/class-validator,98defb5c39d3b801319bbe2ba12ba87a1eeb3bec,class-validator,0.12.2,3.9.7,1598642694,167,0,0,0,0,0,0,0,0,0,0,0,0,0
typestack/class-validator,22f6aaa00d4fc1c73fcca77e86e44930b6d00dd9,class-validator,0.12.2,3.9.7,1598642974,167,0,0,0,0,0,0,0,0,0,0,0,0,0
typestack/class-validator,e178c79c6ac79971b6b4ae691a75c4156056d029,class-validator,0.12.2,3.9.7,1598643064,167,0,0,0,0,0,0,0,0,0,0,0,0,0
typestack/class-validator,e0040c4c041853e2589e4b1d83f05a50fcdf9b67,class-validator,0.12.2,3.9.7,1598643153,167,0,0,0,0,0,0,0,0,0,0,0,0,0
typestack/class-validator,4ff1ec83d42ff6758b1e3d672be7dd7bc4a89ace,class-validator,0.12.2,3.9.7,1599656653,167,0,0,0,0,0,0,0,0,0,0,0,0,0
typestack/class-validator,8113968ebabbc53a699615eac9e825ff016a79cf,class-validator,0.12.2,3.9.7,1599660703,167,0,0,0,0,0,0,0,0,0,0,0,0,0
typestack/class-validator,1771f6160384974f10dbc4ebdd9077141e2c03db,class-validator,0.12.2,3.9.7,1599660721,167,0,0,0,0,0,0,0,0,0,0,0,0,0
typestack/class-validator,010efbaa69a2789c1c3fb033eaaff7b3b1da38ce,class-validator,0.12.2,4.0.2,1599660924,167,0,0,0,0,0,0,0,0,0,0,0,0,0
typestack/class-validator,c1066d2b5856108a5dc5b594c7012370c031fa39,class-validator,0.12.2,4.0.2,1599661161,167,0,0,0,0,0,0,0,0,0,0,0,0,0
typestack/class-validator,ca51e1f4841ba8a907d3a2dcc6164b426fba7c5d,class-validator,0.12.2,4.0.2,1600447979,167,0,0,0,0,0,0,0,0,0,0,0,0,0
typestack/class-validator,a3ea720b1e649b99d083aaa437a77783e3caa96a,class-validator,0.12.2,4.0.2,1600448389,167,0,0,0,0,0,0,0,0,0,0,0,0,0
typestack/class-validator,99eec62eb9a80a5e8495fcd151ac636d5812ce90,class-validator,0.12.2,4.0.2,1600448555,167,0,0,0,0,0,0,0,0,0,0,0,0,0
typestack/class-validator,3dc7a63436ce76a6f189bf39bf485d0785072c59,class-validator,0.12.2,4.0.2,1610381453,167,0,0,0,0,0,0,0,0,0,0,0,0,0
typestack/class-validator,630e7813f1f1614acaa96e89e9527b9fb22c1395,class-validator,0.13.0,4.0.2,1610381477,167,0,0,0,0,0,0,0,0,0,0,0,0,0
typestack/class-validator,b4cc5bf042473e45a934a0e47b1034b56c393893,class-validator,0.13.0,4.0.2,1610381603,167,0,0,0,0,0,0,0,0,0,0,0,0,0
typestack/class-validator,e5edb826f99e5e14e2e252be34a812cc5e8ece36,class-validator,0.13.0,4.0.2,1610381724,167,0,0,0,0,0,0,0,0,0,0,0,0,0
typestack/class-validator,76c275b01247bcfeece6212b42d8a9ed9a3b1c02,class-validator,0.13.0,4.0.2,1610382175,167,0,0,0,0,0,0,0,0,0,0,0,0,0
typestack/class-validator,2252e6d813a2a3bac6d677a065984dbe9a7ffbd2,class-validator,0.13.0,4.0.2,1610382439,167,0,0,0,0,0,0,0,0,0,0,0,0,0
typestack/class-validator,7a658f2223b661a0081c85247078932359b7d4c2,class-validator,0.13.0,4.0.2,1610383135,167,0,0,0,0,0,0,0,0,0,0,0,0,0
typestack/class-validator,553023262977a1afef6ce2f16aa77c45a21bc2c6,class-validator,0.13.0,4.0.2,1610383306,167,0,0,0,0,0,0,0,0,0,0,0,0,0
typestack/class-validator,8330cc932e4466e23a2118bd1fa158178113e416,class-validator,0.13.0,4.0.2,1610383331,167,0,0,0,0,0,0,0,0,0,0,0,0,0
typestack/class-validator,d06f11b0ddb857de14fa438cf4732cf1e56c792c,class-validator,0.13.0,4.0.2,1610383503,167,0,0,0,0,0,0,0,0,0,0,0,0,0
typestack/class-validator,6b772e1b6fcb07565830276aef6896504c870ad2,class-validator,0.13.0,4.0.2,1610383829,167,0,0,0,0,0,0,0,0,0,0,0,0,0
typestack/class-validator,5139c8b6ec19aac077ae1a167469761b793f3bae,class-validator,0.13.0,4.0.2,1610384140,167,0,0,0,0,0,0,0,0,0,0,0,0,0
typestack/class-validator,422cd21245d1b3a0c4d4762b58dc7957bb05b1db,class-validator,0.13.0,4.0.2,1610384149,167,0,0,0,0,0,0,0,0,0,0,0,0,0
typestack/class-validator,dd173399bbd827faef3d5c5c72236c37bd2ef163,class-validator,0.13.0,4.0.2,1610384181,167,0,0,0,0,0,0,0,0,0,0,0,0,0
typestack/class-validator,632936cfb48a222e865a8a48c97463e77521ca5c,class-validator,0.13.0,4.0.2,1610384654,167,0,0,0,0,0,0,0,0,0,0,0,0,0
typestack/class-validator,5648ff13382ee03f1ef798c2ee64803cb45224d3,class-validator,0.13.0,4.0.2,1610384667,167,0,0,0,0,0,0,0,0,0,0,0,0,0
typestack/class-validator,274c7ee28fad1d652641281767104f2ced5059b0,class-validator,0.13.0,4.0.2,1610384873,167,0,0,0,0,0,0,0,0,0,0,0,0,0
typestack/class-validator,bf9e7f5bf6eead78e85a8678935f2ab65e343126,class-validator,0.13.0,4.0.2,1610384910,167,0,0,0,0,0,0,0,0,0,0,0,0,0
typestack/class-validator,1117017ba30ac5c650ed241dbb0e6f82a255c0ea,class-validator,0.13.0,4.0.2,1610385248,167,0,0,0,0,0,0,0,0,0,0,0,0,0
typestack/class-validator,9f0c3e9eb6174ca5b5d00363adf108427ab3ef41,class-validator,0.13.0,4.1.3,1610385297,167,0,0,0,0,0,0,0,0,0,0,0,0,0
typestack/class-validator,0b4f3bd6d687f85ec9a5a5460b58bef38ea63a02,class-validator,0.13.0,4.1.3,1610385565,167,0,0,0,0,0,0,0,0,0,0,0,0,0
typestack/class-validator,0f6fea92d4c1eaa6d45b96648eb53c4f918a20fa,class-validator,0.13.0,4.1.3,1610385713,167,0,0,0,0,0,0,0,0,0,0,0,0,0
typestack/class-validator,36e9c60e39b0e0d5885ff7ec83f16b9f8be3f4c9,class-validator,0.13.0,4.1.3,1610390299,167,0,0,0,0,0,0,0,0,0,0,0,0,0
typestack/class-validator,cec6518934048458f0c934cc449ea0e54f9aa57f,class-validator,0.13.0,4.1.3,1610390374,167,0,0,0,0,0,0,0,0,0,0,0,0,0
typestack/class-validator,d0a1d1cfafe81c7a59076c7b01a9e8b237078cb8,class-validator,0.13.0,4.1.3,1610391477,167,0,0,0,0,0,0,0,0,0,0,0,0,0
typestack/class-validator,1ceeddfe11c34cd644094c2d1e173c803098abb9,class-validator,0.13.0,4.1.3,1610392094,167,0,0,0,0,0,0,0,0,0,0,0,0,0
typestack/class-validator,abf7558a48f475df6316d2cefb3dde063336dec5,class-validator,0.13.0,4.1.3,1610392684,167,0,0,0,0,0,0,0,0,0,0,0,0,0
typestack/class-validator,7c1735320fc153bd6102835522dea2d6d42746f8,class-validator,0.13.0,4.1.3,1610393295,167,0,0,0,0,0,0,0,0,0,0,0,0,0
typestack/class-validator,a784d4bf5c77dd5d33c709715f94d0eef44cc0c0,class-validator,0.13.0,4.1.3,1610393767,167,0,0,0,0,0,0,0,0,0,0,0,0,0
typestack/class-validator,6d42226df18b7cf0d772f32c927966edef7f4a3e,class-validator,0.13.0,4.1.3,1610393812,167,0,0,0,0,0,0,0,0,0,0,0,0,0
typestack/class-validator,90b3ae9a1e2594457ffcc2e61b99df39257fd1e6,class-validator,0.13.0,4.1.3,1610394446,167,0,0,0,0,0,0,0,0,0,0,0,0,0
typestack/class-validator,68ed35d7b96348cd060dd86878773551c38c2b3f,class-validator,0.13.0,4.1.3,1610395247,167,0,0,0,0,0,0,0,0,0,0,0,0,0
typestack/class-validator,a39c7ac452c412b6a728193968eb410fc40766f7,class-validator,0.13.0,4.1.3,1610417584,167,0,0,0,0,0,0,0,0,0,0,0,0,0
typestack/class-validator,e1774718fbd925ce11aae059a2f192491d067044,class-validator,0.13.0,4.1.3,1610417722,167,0,0,0,0,0,0,0,0,0,0,0,0,0
typestack/class-validator,c34b6309bf890fa811906c0966130aa11c592b63,class-validator,0.13.0,4.1.3,1610449192,167,0,0,0,0,0,0,0,0,0,0,0,0,0
typestack/class-validator,1fa074d63078346238a6a7becf1f698b09a67350,class-validator,0.13.0,4.1.3,1610542675,167,0,0,0,0,0,0,0,0,0,0,0,0,0
typestack/class-validator,f95a5632f59b969d3ccf6113773f81f658b29ff4,class-validator,0.13.0,4.1.3,1610543161,167,0,0,0,0,0,0,0,0,0,0,0,0,0
typestack/class-validator,8a642086edab0149255924e9e8f3000762e93a5e,class-validator,0.13.0,4.1.3,1610599326,167,0,0,0,0,0,0,0,0,0,0,0,0,0
typestack/class-validator,e8b737d4ad3c0308679bdf2b51af053b305f5d11,class-validator,0.13.0,4.1.3,1610599408,167,0,0,0,0,0,0,0,0,0,0,0,0,0
typestack/class-validator,fb15fe138087b5f9c96668a4bceeb91935b51d65,class-validator,0.13.1,4.1.3,1610599441,167,0,0,0,0,0,0,0,0,0,0,0,0,0
typestack/class-validator,1fde8a914161efbb73d20ad19c2ddf3c9bb5534a,class-validator,0.13.1,4.1.3,1610599587,167,0,0,0,0,0,0,0,0,0,0,0,0,0
typestack/class-validator,b6274a38ed844e497044af16ab5a071ca1c6e20e,class-validator,0.13.1,4.1.3,1610602776,167,0,0,0,0,0,0,0,0,0,0,0,0,0
typestack/class-validator,df395dafe360ff6e5257ae0ba30eed121fb69c19,class-validator,0.13.1,4.1.3,1610725966,167,0,0,0,0,0,0,0,0,0,0,0,0,0
typestack/class-validator,11a3d440f6caa5ff02b0351456602b38d8eb2d5e,class-validator,0.13.1,4.1.3,1613340353,167,0,0,0,0,0,0,0,0,0,0,0,0,0
typestack/class-validator,2c888a58d5866ca4e750ce2de2c07393bc40e64d,class-validator,0.13.1,4.1.3,1613340452,167,0,0,0,0,0,0,0,0,0,0,0,0,0
typestack/class-validator,241ea1e1a7408fc114e3ccc73723d7d698e799c3,class-validator,0.13.1,4.1.3,1613340471,167,0,0,0,0,0,0,0,0,0,0,0,0,0
typestack/class-validator,0d662457809e01bb76fddd3ad7de87d666bd47c0,class-validator,0.13.1,4.1.3,1613340501,167,0,0,0,0,0,0,0,0,0,0,0,0,0
typestack/class-validator,d02087f308d4d4b9b8168d65620069779a8a2616,class-validator,0.13.1,4.1.3,1613340514,167,0,0,0,0,0,0,0,0,0,0,0,0,0
typestack/class-validator,fd739226d4e3dfe6c3b8b3dd364a551c59c2ef44,class-validator,0.13.1,4.1.3,1613340523,167,0,0,0,0,0,0,0,0,0,0,0,0,0
typestack/class-validator,a1d5d492d9936a7d65675c9c5923c7c01d5a68a3,class-validator,0.13.1,4.1.3,1613340764,167,0,0,0,0,0,0,0,0,0,0,0,0,0
typestack/class-validator,1311855e7c6e024e439541f496e440dddef9104c,class-validator,0.13.1,4.1.3,1613340779,167,0,0,0,0,0,0,0,0,0,0,0,0,0
typestack/class-validator,b74d66a0255121e2d2f76ab00a5db4c606ceef9f,class-validator,0.13.1,4.1.3,1613340819,167,0,0,0,0,0,0,0,0,0,0,0,0,0
typestack/class-validator,0d036a692de3b102ffc811cd8381dd1ab8495ec1,class-validator,0.13.1,4.1.5,1613340852,167,0,0,0,0,0,0,0,0,0,0,0,0,0
typestack/class-validator,2bd138a5826850f04202f55fad5fa4c2c5e16b80,class-validator,0.13.1,4.1.5,1613340895,167,0,0,0,0,0,0,0,0,0,0,0,0,0
typestack/class-validator,819ac90934570e604b352b52a0682e8889549e08,class-validator,0.13.1,4.1.5,1613341064,167,0,0,0,0,0,0,0,0,0,0,0,0,0
typestack/class-validator,a1c1b919c9b42e700d0865093b20a83ef3edb058,class-validator,0.13.1,4.1.5,1613341106,167,0,0,0,0,0,0,0,0,0,0,0,0,0
typestack/class-validator,02d9a90713f4d9365d3e29e0761e98c4d571098d,class-validator,0.13.1,4.1.5,1613341121,167,0,0,0,0,0,0,0,0,0,0,0,0,0
typestack/class-validator,6a65b648c58689f0b5ca32f41db38c6efbbaa394,class-validator,0.13.1,4.1.5,1613341166,167,0,0,0,0,0,0,0,0,0,0,0,0,0
typestack/class-validator,cb229d278de369fcb120e22552d868ffd7e4c14e,class-validator,0.13.1,4.1.5,1613341182,167,0,0,0,0,0,0,0,0,0,0,0,0,0
typestack/class-validator,29aaff117530b12ab2a30b1d9d9f9902d6ad68c9,class-validator,0.13.1,4.1.5,1613341288,167,0,0,0,0,0,0,0,0,0,0,0,0,0
typestack/class-validator,9fc97afb601742e785287dfaa588e8584d7a6a4e,class-validator,0.13.1,4.1.5,1613341455,167,0,0,0,0,0,0,0,0,0,0,0,0,0
typestack/class-validator,547185c97a80011724dbdb1d7379bb767ca088da,class-validator,0.13.1,4.1.5,1613466195,167,0,0,0,0,0,0,0,0,0,0,0,0,0
typestack/class-validator,1a31799386fd36afdc004a05bcabd3bebb0c102f,class-validator,0.13.1,4.1.5,1613466375,167,0,0,0,0,0,0,0,0,0,0,0,0,0
typestack/class-validator,73a47e05b7b42554dda3a75c03731d20c42e2046,class-validator,0.13.1,4.1.5,1613552611,167,0,0,0,0,0,0,0,0,0,0,0,0,0
typestack/class-validator,e00c53929813f6e8d7999c5180817c686cf7a33b,class-validator,0.13.1,4.1.5,1613725437,167,0,0,0,0,0,0,0,0,0,0,0,0,0
typestack/class-validator,e505531a1fa1e13d458490e3a2aa89c7700842cd,class-validator,0.13.1,4.1.5,1613984616,167,0,0,0,0,0,0,0,0,0,0,0,0,0
typestack/class-validator,43cfab8c4a7f434fc49636ea7225947f4817a028,class-validator,0.13.1,4.1.5,1614070983,167,0,0,0,0,0,0,0,0,0,0,0,0,0
typestack/class-validator,155f35c71986724b758d07b0cca89e01daf1306c,class-validator,0.13.1,4.1.5,1614071133,167,0,0,0,0,0,0,0,0,0,0,0,0,0
typestack/class-validator,50832f4e95ad97f2c30ead1e542c872295514f8a,class-validator,0.13.1,4.1.5,1614071302,167,0,0,0,0,0,0,0,0,0,0,0,0,0
typestack/class-validator,1a9e7da8a2d3f02842eabcad374b7fe1fecec8e4,class-validator,0.13.1,4.1.5,1614086361,167,0,0,0,0,0,0,0,0,0,0,0,0,0
typestack/class-validator,8b45c4836b0345d5b2b2eaa3ad246b199de9d026,class-validator,0.13.1,4.1.5,1614157394,167,0,0,0,0,0,0,0,0,0,0,0,0,0
typestack/class-validator,40fce227e5bef1186c810af5c037017394e46f5b,class-validator,0.13.1,4.2.2,1614157577,167,0,0,0,0,0,0,0,0,0,0,0,0,0
typestack/class-validator,2d10bbb2ce59613b14ae7ecde3aec0f11d9d03db,class-validator,0.13.1,4.2.2,1614243789,167,0,0,0,0,0,0,0,0,0,0,0,0,0
typestack/class-validator,799959dcae49d3fc1b5e90930b36abdaf8c102de,class-validator,0.13.1,4.2.2,1614675786,167,0,0,0,0,0,0,0,0,0,0,0,0,0
typestack/class-validator,a56bc2d8e8cca0ca738fada212b41cac92a201be,class-validator,0.13.1,4.2.2,1614676011,167,0,0,0,0,0,0,0,0,0,0,0,0,0
typestack/class-validator,2ae75d9a76168692a41a54c63ba2418778925b1d,class-validator,0.13.1,4.2.2,1614676159,167,0,0,0,0,0,0,0,0,0,0,0,0,0
typestack/class-validator,68499156509fdb0fe066841d049389b85c2e3c4b,class-validator,0.13.1,4.2.2,1614676301,167,0,0,0,0,0,0,0,0,0,0,0,0,0
typestack/class-validator,fc37119e72febe4029f225edbaf0eec3b4ee0ba0,class-validator,0.13.1,4.2.2,1614848618,167,0,0,0,0,0,0,0,0,0,0,0,0,0
typestack/class-validator,510b4e13bc3932a08869a5d5b42099c546279c4c,class-validator,0.13.1,4.2.3,1614934986,167,0,0,0,0,0,0,0,0,0,0,0,0,0
typestack/class-validator,8a870cab131e71bea79e80eff493ebab7d2735a7,class-validator,0.13.1,4.2.3,1615195365,167,0,0,0,0,0,0,0,0,0,0,0,0,0
typestack/class-validator,428f49490155c40b921d68540379e104d16cfe93,class-validator,0.13.1,4.2.3,1615195755,167,0,0,0,0,0,0,0,0,0,0,0,0,0
typestack/class-validator,48d93b700c8a844b1df64b5f3a7d688b76deb831,class-validator,0.13.1,4.2.3,1615195905,167,0,0,0,0,0,0,0,0,0,0,0,0,0
typestack/class-validator,164feab06871d9a442fe5482f7af054f3cb71079,class-validator,0.13.1,4.2.3,1616517504,167,0,0,0,0,0,0,0,0,0,0,0,0,0
typestack/class-validator,a18c01ea95c1c55ca3d59de860db3080a567c80e,class-validator,0.13.1,4.2.3,1616517512,167,0,0,0,0,0,0,0,0,0,0,0,0,0
typestack/class-validator,945f154b511a6dad54fa5f43620c20c9321bb2af,class-validator,0.13.1,4.2.3,1616517520,167,0,0,0,0,0,0,0,0,0,0,0,0,0
typestack/class-validator,d0cb39f608f33c926a96a8b22f4142fbd5b04fc1,class-validator,0.13.1,4.2.3,1616517564,167,0,0,0,0,0,0,0,0,0,0,0,0,0
typestack/class-validator,c6984bb16fd28658f19b987927375018eebd02c0,class-validator,0.13.1,4.2.4,1637404213,167,0,0,0,0,0,0,0,0,0,0,0,0,0
typestack/class-validator,bdcf15c49c220b9dedd112f56351c866a041a4b3,class-validator,0.13.1,4.2.4,1637405191,167,0,0,0,0,0,0,0,0,0,0,0,0,0
typestack/class-validator,70278abaf1bd4087c3f373b17dc03385b6dbedfd,class-validator,0.13.1,4.2.4,1637405990,167,0,0,0,0,0,0,0,0,0,0,0,0,0
typestack/class-validator,495a275fb2f6353e4fe3b45a3f71534269f7c098,class-validator,0.13.1,4.2.4,1637406943,167,0,0,0,0,0,0,0,0,0,0,0,0,0
typestack/class-validator,6c501131d537c0ca608f651708a5c87cf1b5312a,class-validator,0.13.2,4.2.4,1637406959,167,0,0,0,0,0,0,0,0,0,0,0,0,0
typestack/class-validator,6a5762196b06655d51dddfff7807a5a87fc12216,class-validator,0.13.2,4.2.4,1637407103,167,0,0,0,0,0,0,0,0,0,0,0,0,0
typestack/class-validator,8e841ef9f67b6c4ac50fdf4a25fe509d5920f0a9,class-validator,0.13.2,4.2.4,1637407277,167,0,0,0,0,0,0,0,0,0,0,0,0,0
typestack/class-validator,5f91937ddbf9d4247477d8c5993834d52d4c6294,class-validator,0.13.2,4.2.4,1637407491,167,0,0,0,0,0,0,0,0,0,0,0,0,0
typestack/class-validator,c8646865d0462152a39fda97648ac1d09abf2001,class-validator,0.13.2,4.8.4,1668339781,167,0,0,0,0,0,0,0,0,0,0,0,0,0
typestack/class-validator,0da8f898bd5a10c5718cd0c0517dc053cfce2eaa,class-validator,0.13.2,4.8.4,1668339816,167,0,0,0,0,0,0,0,0,0,0,0,0,0
typestack/class-validator,30124260ada7d92d4a766248427780ceeea13ab6,class-validator,0.13.2,4.8.4,1668340581,167,0,0,0,0,0,0,0,0,0,0,0,0,0
typestack/class-validator,572f8e7e5e933c7603e1d3ac1403771f0e848338,class-validator,0.13.2,4.8.4,1668341513,167,0,0,0,0,0,0,0,0,0,0,0,0,0
typestack/class-validator,3a2bfece1648e3edb2c34b1965916c646da61a5a,class-validator,0.13.2,4.8.4,1668342743,167,0,0,0,0,0,0,0,0,0,0,0,0,0
typestack/class-validator,45d125ef59f0f5e5a323bbe4bbecab446b6be60a,class-validator,0.13.2,4.8.4,1668342965,167,0,0,0,0,0,0,0,0,0,0,0,0,0
typestack/class-validator,7cd7546fe965ea668b49feccf435badc130d9490,class-validator,0.13.2,4.8.4,1668343189,167,0,0,0,0,0,0,0,0,0,0,0,0,0
typestack/class-validator,42b9ca263cf855d2004c0dce23e38d23546148ac,class-validator,0.13.2,4.8.4,1668345706,167,0,0,0,0,0,0,0,0,0,0,0,0,0
typestack/class-validator,87c0ef39e843714836178a83f5d6eef38519b89b,class-validator,0.13.2,4.8.4,1668357546,167,0,0,0,0,0,0,0,0,0,0,0,0,0
typestack/class-validator,ca92d5719feeb595901042043b6488a038ae1a14,class-validator,0.13.2,4.8.4,1668357770,167,0,0,0,0,0,0,0,0,0,0,0,0,0
typestack/class-validator,e6648614dacefd6e4dd404cfaeeedcc2227b9722,class-validator,0.13.2,4.8.4,1668502906,167,0,0,0,0,0,0,0,0,0,0,0,0,0
typestack/class-validator,00af9a3b0d2e778b567ea0c5496e2294e5d45ef8,class-validator,0.13.2,4.8.4,1668503048,167,0,0,0,0,0,0,0,0,0,0,0,0,0
typestack/class-validator,09483d824827fcc149505349453d47f55f57182b,class-validator,0.13.2,4.8.4,1668503213,167,0,0,0,0,0,0,0,0,0,0,0,0,0
typestack/class-validator,33ed7addc0635984b62cabea38bac707fd539a80,class-validator,0.13.2,4.9.3,1668589353,167,0,0,0,0,0,0,0,0,0,0,0,0,0
typestack/class-validator,c913e3ce9b567de3900c1c470ff388e0fb044ad3,class-validator,0.13.2,4.9.3,1668945042,167,0,0,0,0,0,0,0,0,0,0,0,0,0
typestack/class-validator,6fa56804f0a8307d9bac5bbe5aa16be259889411,class-validator,0.13.2,4.9.3,1668948592,168,0,0,0,0,0,0,0,0,0,0,0,0,0
typestack/class-validator,3b07014fa3c0877318e0ad15a6c8e098da0c3a21,class-validator,0.13.2,4.9.3,1668949335,168,0,0,0,0,0,0,0,0,0,0,0,0,0
typestack/class-validator,24aa0fe918bf101ba544158f751d51d7d80e7270,class-validator,0.13.2,4.9.3,1668950967,168,0,0,0,0,0,0,0,0,0,0,0,0,0
typestack/class-validator,86993af78cd848316a15f57e5d025a98fcdd82e4,class-validator,0.13.2,4.9.3,1668953252,168,0,0,0,0,0,0,0,0,0,0,0,0,0
typestack/class-validator,9c6e5ac75f603e4a06dc37ec505caddfb286a698,class-validator,0.13.2,4.9.3,1668953298,168,0,0,0,0,0,0,0,0,0,0,0,0,0
typestack/class-validator,c183cb34ae94123959729a053aa9c8cfe3643762,class-validator,0.13.2,4.9.3,1668953322,168,0,0,0,0,0,0,0,0,0,0,0,0,0
typestack/class-validator,23071f66a495809d42552e44359dbb28906fd4a5,class-validator,0.13.2,4.9.3,1668959347,168,0,0,0,0,0,0,0,0,0,0,0,0,0
typestack/class-validator,607ef61c36f8641b9dc0908a5b773fbc4fdae4e1,class-validator,0.13.2,4.9.3,1668964534,168,0,0,0,0,0,0,0,0,0,0,0,0,0
typestack/class-validator,0e84a27e5677c4bf04d401d49d574cc0d182c49e,class-validator,0.13.2,4.9.3,1668964582,168,0,0,0,0,0,0,0,0,0,0,0,0,0
typestack/class-validator,54a2cdf0612005dbdef948de0eb8b9f3ac0aabd9,class-validator,0.13.2,4.9.3,1668965356,168,0,0,0,0,0,0,0,0,0,0,0,0,0
typestack/class-validator,abe6a4b417a7ab438960bf4de92b9f33c0b07673,class-validator,0.13.2,4.9.3,1668967272,168,0,0,0,0,0,0,0,0,0,0,0,0,0
typestack/class-validator,3aee314a3ee3672b5ae8e1f83d3cd1031e421830,class-validator,0.13.2,4.9.3,1668967866,168,0,0,0,0,0,0,0,0,0,0,0,0,0
typestack/class-validator,530299aa393c74de1ae3edb756a6f6c820c71fcf,class-validator,0.13.2,4.9.3,1668969085,168,0,0,0,0,0,0,0,0,0,0,0,0,0
typestack/class-validator,9df0767c577378ca254e55127e4c5f58ba6c0880,class-validator,0.13.2,4.9.3,1668969284,168,0,0,0,0,0,0,0,0,0,0,0,0,0
typestack/class-validator,ed6e557a4d944b4726735ea5519eed44ab820440,class-validator,0.13.2,4.9.3,1668970389,168,0,0,0,0,0,0,0,0,0,0,0,0,0
typestack/class-validator,12f8d86d8507563dfb8e53b6c2e7c490c08e121e,class-validator,0.13.2,4.9.3,1668970699,168,0,0,0,0,0,0,0,0,0,0,0,0,0
typestack/class-validator,72d1eedfa01e2ff009864c7ce4234b613545fb70,class-validator,0.13.2,4.9.3,1668972859,168,0,0,0,0,0,0,0,0,0,0,0,0,0
typestack/class-validator,5b0b9626eb56516041cb4892b55b304464faebe5,class-validator,0.13.2,4.9.3,1668972871,168,0,0,0,0,0,0,0,0,0,0,0,0,0
typestack/class-validator,cf8d2c0602faef82d8964a8a6718242a945dd8db,class-validator,0.13.2,4.9.3,1668974220,168,0,0,0,0,0,0,0,0,0,0,0,0,0
typestack/class-validator,f4d9630c43d2823ee24fc60e97be1e9f612bc671,class-validator,0.13.2,4.9.3,1669021553,168,0,0,0,0,0,0,0,0,0,0,0,0,0
typestack/class-validator,bbb44dfb16966a4daf50faefcbcef773ac18b7a9,class-validator,0.13.2,4.9.3,1669108116,168,0,0,0,0,0,0,0,0,0,0,0,0,0
typestack/class-validator,323eda83ecae322689538186419d3646c8d2375a,class-validator,0.13.2,4.9.3,1669108275,168,0,0,0,0,0,0,0,0,0,0,0,0,0
typestack/class-validator,ebdca0b1622e61079761beab9e3a1e076cc19413,class-validator,0.13.2,4.9.3,1669194146,168,0,0,0,0,0,0,0,0,0,0,0,0,0
typestack/class-validator,0928a59b05bcf538458cbf66bde4b26d2acf6ff6,class-validator,0.13.2,4.9.3,1669366915,168,0,0,0,0,0,0,0,0,0,0,0,0,0
typestack/class-validator,4e9598f497960763dbbf3d9ffcd52c1a95a0e5f0,class-validator,0.13.2,4.9.3,1669367124,168,0,0,0,0,0,0,0,0,0,0,0,0,0
typestack/class-validator,6f4b2aa5405cfcf228fb32e0e295d5b581ed4c5c,class-validator,0.13.2,4.9.3,1669626144,168,0,0,0,0,0,0,0,0,0,0,0,0,0
typestack/class-validator,f293b5b122845759052848d8aed27bfc8e963280,class-validator,0.13.2,4.9.3,1669712541,168,0,0,0,0,0,0,0,0,0,0,0,0,0
typestack/class-validator,b8a1c4ff79a80ab0fa7fb0ddc71349e5fb466708,class-validator,0.13.2,4.9.3,1669712680,168,0,0,0,0,0,0,0,0,0,0,0,0,0
typestack/class-validator,2bb7d02c30a06839e6fe8c49c0ac1269f6175a13,class-validator,0.13.2,4.9.3,1669885347,168,0,0,0,0,0,0,0,0,0,0,0,0,0
typestack/class-validator,c3130af8ab2a12f5fd03775502939ef048a30937,class-validator,0.13.2,4.9.3,1669978659,169,0,0,0,0,0,0,0,0,0,0,0,0,0
typestack/class-validator,d6b664a8ef15a18135c56937885206f1d8c06196,class-validator,0.13.2,4.9.3,1669978865,169,0,0,0,0,0,0,0,0,0,0,0,0,0
typestack/class-validator,39764534ce4d71a0935fb133becfab85ef6a5a36,class-validator,0.13.2,4.9.3,1669980218,170,0,0,0,0,0,0,0,0,0,0,0,0,0
typestack/class-validator,e252183849c4312973a3f18b57bf3f15c5ae5719,class-validator,0.13.2,4.9.3,1669980557,170,0,0,0,0,0,0,0,0,0,0,0,0,0
typestack/class-validator,f6f1bdf38b54671041106245335ccffb27357799,class-validator,0.13.2,4.9.3,1669981078,170,0,0,0,0,0,0,0,0,0,0,0,0,0
typestack/class-validator,dbab07af375bd7f5bd2ea08abe31aabe6c8835e8,class-validator,0.13.2,4.9.3,1669983747,170,0,0,0,0,0,0,0,0,0,0,0,0,0
typestack/class-validator,b564f8d7f1e3290965fd3ea1124ab778394d50ff,class-validator,0.13.2,4.9.3,1670062453,171,0,0,0,0,0,0,0,0,0,0,0,0,0
typestack/class-validator,7fe37ed3b6cfcea59cf3b8e2bf86350a63a3e9d4,class-validator,0.13.2,4.9.3,1670063780,172,0,0,0,0,0,0,0,0,0,0,0,0,0
typestack/class-validator,fc30d7923bce0553981943b5a377f9aabe5be6cd,class-validator,0.13.2,4.9.3,1670070978,172,0,0,0,0,0,0,0,0,0,0,0,0,0
typestack/class-validator,f0541a62844223208fa706888a1545245d88bb86,class-validator,0.13.2,4.9.3,1670071166,172,0,0,0,0,0,0,0,0,0,0,0,0,0
typestack/class-validator,1f4a89c6d513b68273be97bb155f2ffb082f0129,class-validator,0.13.2,4.9.3,1670075287,172,0,0,0,0,0,0,0,0,0,0,0,0,0
typestack/class-validator,4d3f227d01a30ee9d5fd33e8cef867aa435fa417,class-validator,0.13.2,4.9.3,1670230950,172,0,0,0,0,0,0,0,0,0,0,0,0,0
typestack/class-validator,85469a52a478f5429743810d79e265ceb8a0b4c9,class-validator,0.13.2,4.9.3,1670231121,172,0,0,0,0,0,0,0,0,0,0,0,0,0
typestack/class-validator,8c367440ed0b9eff1215afb825d29270345d1c99,class-validator,0.13.2,4.9.3,1670231310,172,0,0,0,0,0,0,0,0,0,0,0,0,0
typestack/class-validator,125105984dcc0524d75ad95666a6583279d33e1d,class-validator,0.13.2,4.9.3,1670317363,172,0,0,0,0,0,0,0,0,0,0,0,0,0
typestack/class-validator,3b37a31db0d925eea4ab595bf82b5ac5b9395cab,class-validator,0.13.2,4.9.3,1670317562,172,0,0,0,0,0,0,0,0,0,0,0,0,0
typestack/class-validator,0c986d4e74c498876c728c58e1b30169dccec496,class-validator,0.13.2,4.9.3,1670317693,172,0,0,0,0,0,0,0,0,0,0,0,0,0
typestack/class-validator,42b4f7f5a34c118db14c03b6466afb5427678718,class-validator,0.13.2,4.9.3,1670490185,172,0,0,0,0,0,0,0,0,0,0,0,0,0
typestack/class-validator,ad1a41d39dee051c3a43bbd357ee0c1553b54055,class-validator,0.13.2,4.9.3,1670490417,172,0,0,0,0,0,0,0,0,0,0,0,0,0
typestack/class-validator,f993e9e44eb6a8cedc8ac076cee9b71760d1829d,class-validator,0.13.2,4.9.4,1670490718,172,0,0,0,0,0,0,0,0,0,0,0,0,0
typestack/class-validator,d9b40721b8911be84ae0a9e40962c6244149c7f4,class-validator,0.13.2,4.9.4,1670490979,172,0,0,0,0,0,0,0,0,0,0,0,0,0
typestack/class-validator,53bc9f6fcefea77f17cb8e900178f25ec18b6cbc,class-validator,0.13.2,4.9.4,1670491156,172,0,0,0,0,0,0,0,0,0,0,0,0,0
typestack/class-validator,9a775c59247f00f2ad911686d335fd8e1f9864be,class-validator,0.13.2,4.9.4,1670576531,172,0,0,0,0,0,0,0,0,0,0,0,0,0
typestack/class-validator,ad7689055d0b92da9d6f4787cd91ec4d5392a9f1,class-validator,0.13.2,4.9.4,1670607090,172,0,0,0,0,0,0,0,0,0,0,0,0,0
typestack/class-validator,e3d070836556b73d8396c34a360c4744c9d8363c,class-validator,0.14.0,4.9.4,1670607094,172,0,0,0,0,0,0,0,0,0,0,0,0,0
typestack/class-validator,5f0d424c164672ec981e24d6e634354803abf25f,class-validator,0.14.0,4.9.4,1670607314,172,0,0,0,0,0,0,0,0,0,0,0,0,0
typestack/class-validator,0c30684ffce9ce4f4cf91182e0be406e8a4cae6a,class-validator,0.14.0,4.9.4,1670607725,172,0,0,0,0,0,0,0,0,0,0,0,0,0
typestack/class-validator,2b60e0e386b42fef04a9490544d0a360191474e4,class-validator,0.14.0,4.9.4,1670618678,173,0,0,0,0,0,0,0,0,0,0,0,0,0
typestack/class-validator,b0d4a23adc913b1f6ddff754cadd481ddca5fa3a,class-validator,0.14.0,4.9.4,1670620056,173,0,0,0,0,0,0,0,0,0,0,0,0,0
typestack/class-validator,a33eb7f0b87d0d934649645179258446d1f3c599,class-validator,0.14.0,4.9.4,1670621656,173,0,0,0,0,0,0,0,0,0,0,0,0,0
typestack/class-validator,7d96f06b406babbaac265538ef57422761ac2549,class-validator,0.14.0,4.9.4,1670835789,173,0,0,0,0,0,0,0,0,0,0,0,0,0
typestack/class-validator,dc15ed1e71f13ec54f5a73202d6f07cc37fe8af3,class-validator,0.14.0,4.9.4,1670835970,173,0,0,0,0,0,0,0,0,0,0,0,0,0
typestack/class-validator,f26d6799c36c60516d64191ddd4271dda02a9802,class-validator,0.14.0,4.9.4,1670922159,173,0,0,0,0,0,0,0,0,0,0,0,0,0
typestack/class-validator,a8c61cc9513d69d24806b894194a55b7c8563be6,class-validator,0.14.0,4.9.4,1670922362,173,0,0,0,0,0,0,0,0,0,0,0,0,0
typestack/class-validator,63a2d47cd64ce3f22b28eacbf15aee56f3955efa,class-validator,0.14.0,4.9.4,1670922524,173,0,0,0,0,0,0,0,0,0,0,0,0,0
typestack/class-validator,e284e56d0039c24595f8829516131e933a87e90a,class-validator,0.14.0,4.9.4,1671008573,173,0,0,0,0,0,0,0,0,0,0,0,0,0
typestack/class-validator,d9f12966f6ef82f90848b1d767f781e2648e4366,class-validator,0.14.0,4.9.4,1671094996,173,0,0,0,0,0,0,0,0,0,0,0,0,0
typestack/class-validator,2e360ee9c29e94fa5772024fdab5379d07ebeab4,class-validator,0.14.0,4.9.4,1671135883,173,0,0,0,0,0,0,0,0,0,0,0,0,0
typestack/class-validator,d325cc7c45bffc45ce8b328bddc43f4e814fbe6b,class-validator,0.14.0,4.9.4,1671136074,173,0,0,0,0,0,0,0,0,0,0,0,0,0
typestack/class-validator,5f5ece884231e1c03947e738503f8bba8345c168,class-validator,0.14.0,4.9.4,1671138596,174,0,0,0,0,0,0,0,0,0,0,0,0,0
typestack/class-validator,8105b6781cf7fad8808f10b2a63a1de9fe082676,class-validator,0.14.0,4.9.4,1671140245,174,0,0,0,0,0,0,0,0,0,0,0,0,0
typestack/class-validator,bbb5d78e5e33194cb628c5fe7168d1f72d306cd1,class-validator,0.14.0,4.9.4,1671146329,174,0,0,0,0,0,0,0,0,0,0,0,0,0
typestack/class-validator,6276a62dae8f76de531fd8dcc9be7bc1a9fb5068,class-validator,0.14.0,4.9.4,1671146765,174,0,0,0,0,0,0,0,0,0,0,0,0,0
typestack/class-validator,f3c6988019e3a189e807d19bbbf681007ddcfcb6,class-validator,0.14.0,4.9.4,1671181446,174,0,0,0,0,0,0,0,0,0,0,0,0,0
typestack/class-validator,c22f67ae402f26462c395a32214827b342002c18,class-validator,0.14.0,4.9.4,1671440587,174,0,0,0,0,0,0,0,0,0,0,0,0,0
typestack/class-validator,614ac35920c6b1ef773224ae70be05ad86b51a90,class-validator,0.14.0,4.9.4,1671440833,174,0,0,0,0,0,0,0,0,0,0,0,0,0
typestack/class-validator,5c56c122670a247837eda23167f8fb9e6049af7e,class-validator,0.14.0,4.9.4,1671441105,174,0,0,0,0,0,0,0,0,0,0,0,0,0
typestack/class-validator,25a3a45ae60269ab42aabde21d08689b09b53a3e,class-validator,0.14.0,4.9.4,1671526957,174,0,0,0,0,0,0,0,0,0,0,0,0,0
typestack/class-validator,cf9bb7e85c2cda58a618a5bae1684f1433dec998,class-validator,0.14.0,4.9.4,1671527111,174,0,0,0,0,0,0,0,0,0,0,0,0,0
typestack/class-validator,784480a15b0b1200bd09630e888c6014b2e2e8c0,class-validator,0.14.0,4.9.4,1672131748,174,0,0,0,0,0,0,0,0,0,0,0,0,0
typestack/class-validator,821e22eca9dd91756c6ad2ef05442701ee928308,class-validator,0.14.0,4.9.4,1672131909,174,0,0,0,0,0,0,0,0,0,0,0,0,0
typestack/class-validator,b6b3c1db509bc4084cea15bffd0f7b498875d619,class-validator,0.14.0,4.9.4,1672132321,174,0,0,0,0,0,0,0,0,0,0,0,0,0
