xcatliu/typescript-tutorial,7dbdbde1da8cb944aee26f80f7a3836d49b5535c,typescript-tutorial,0.1.0,3.7.2,1577950474,62,0,0,0,0,0,0,0,0,0,0,0,0,0
xcatliu/typescript-tutorial,e6219bf193b9af23833af0cb927ebd8b17cf5228,typescript-tutorial,0.1.0,3.7.2,1578546301,62,0,0,0,0,0,0,0,0,0,0,0,0,0
xcatliu/typescript-tutorial,7aa4e43334203ac0243091773b93f219804f2a5a,typescript-tutorial,0.1.0,3.7.2,1578546306,62,0,0,0,0,0,0,0,0,0,0,0,0,0
xcatliu/typescript-tutorial,19e0f577a22191f8c9489340a61e1211918a2df8,typescript-tutorial,0.1.0,3.7.2,1578649087,62,0,0,0,0,0,0,0,0,0,0,0,0,0
xcatliu/typescript-tutorial,50ea2dee3368afbfc2fc553cbf3ec40e2b2240df,typescript-tutorial,0.1.0,3.7.2,1578882841,62,0,0,0,0,0,0,0,0,0,0,0,0,0
xcatliu/typescript-tutorial,df0d1ec9fa699e92d8fe9b696e7249cc45cd1c05,typescript-tutorial,0.1.0,3.7.2,1578967660,62,0,0,0,0,0,0,0,0,0,0,0,0,0
xcatliu/typescript-tutorial,a0a0bb862f6a6cdbdc729a547d2ba6e26ccc2400,typescript-tutorial,0.1.0,3.7.2,1578981121,62,0,0,0,0,0,0,0,0,0,0,0,0,0
xcatliu/typescript-tutorial,05f5e3185776ce24a1f49e7a9cb5d4ef3b05aa52,typescript-tutorial,0.1.0,3.7.2,1579071299,62,0,0,0,0,0,0,0,0,0,0,0,0,0
xcatliu/typescript-tutorial,0561b902661222d89e2473d7bd9097be88b1845f,typescript-tutorial,0.1.0,3.7.2,1581392663,62,0,0,0,0,0,0,0,0,0,0,0,0,0
xcatliu/typescript-tutorial,fb9b4c5dfb410cd1c76bbddc22f0f2b8a1814a2d,typescript-tutorial,0.1.0,3.7.2,1581490295,62,0,0,0,0,0,0,0,0,0,0,0,0,0
xcatliu/typescript-tutorial,6848aa3a3b255b93d0a83de904b82103b4d380a9,typescript-tutorial,0.1.0,3.8.3,1583146720,62,0,0,0,0,0,0,0,0,0,0,0,0,0
xcatliu/typescript-tutorial,3ea17370a8698eb5f2f23bd13dda0709c5815789,typescript-tutorial,0.1.0,3.8.3,1583147381,62,0,0,0,0,0,0,0,0,0,0,0,0,0
xcatliu/typescript-tutorial,29d8fa317c8c589ebc6b25d2dd61e3db05fa7994,typescript-tutorial,0.1.0,3.8.3,1583148372,62,0,0,0,0,0,0,0,0,0,0,0,0,0
xcatliu/typescript-tutorial,117f2a995559b99957cc7d5ac5b118e387f9964c,typescript-tutorial,0.1.0,3.8.3,1583148753,62,0,0,0,0,0,0,0,0,0,0,0,0,0
xcatliu/typescript-tutorial,7525f749e96b14b748f6c86e308ca550c46009c9,typescript-tutorial,0.1.0,3.8.3,1583149366,62,0,0,0,0,0,0,0,0,0,0,0,0,0
xcatliu/typescript-tutorial,21849cb6a16a5c1ba365c30f04041c857b14ceac,typescript-tutorial,0.1.0,3.8.3,1583310993,62,0,0,0,0,0,0,0,0,0,0,0,0,0
xcatliu/typescript-tutorial,8f9788f233467b28b2ef18c9a7df16a1a19c52c8,typescript-tutorial,0.1.0,3.8.3,1584590622,62,0,0,0,0,0,0,0,0,0,0,0,0,0
xcatliu/typescript-tutorial,954cc721a5d7272208e8eb622a63e226d04749c2,typescript-tutorial,0.1.0,3.8.3,1585293049,62,0,0,0,0,0,0,0,0,0,0,0,0,0
xcatliu/typescript-tutorial,c819edb31473ee4a241d401730627e19d03c2b7a,typescript-tutorial,0.1.0,3.8.3,1585315735,62,0,0,0,0,0,0,0,0,0,0,0,0,0
xcatliu/typescript-tutorial,b5d7a9712fc35ddc718dc6440a5d973e775dc09a,typescript-tutorial,0.1.0,3.8.3,1585327812,62,0,0,0,0,0,0,0,0,0,0,0,0,0
xcatliu/typescript-tutorial,029d0d639299dbd09d49e6bc9feb90955661e34d,typescript-tutorial,0.1.0,3.8.3,1585328906,62,0,0,0,0,0,0,0,0,0,0,0,0,0
xcatliu/typescript-tutorial,9cf37a2b1cff995d5ee4e5374a0bbfed7318d634,typescript-tutorial,0.1.0,3.8.3,1585539289,62,0,0,0,0,0,0,0,0,0,0,0,0,0
xcatliu/typescript-tutorial,1ad5a0b8bffadefb6321e32e0dcf0af9431d7077,typescript-tutorial,0.1.0,3.8.3,1587567502,62,0,0,0,0,0,0,0,0,0,0,0,0,0
xcatliu/typescript-tutorial,c4090f7a08bac6f8fb8db5d11cebd7f6ef44ecb3,typescript-tutorial,0.1.0,3.8.3,1588845559,62,0,0,0,0,0,0,0,0,0,0,0,0,0
xcatliu/typescript-tutorial,fc6aa78b9bc554c80540f91ad15c5fe7313c0d9d,typescript-tutorial,0.1.0,3.8.3,1588937970,62,0,0,0,0,0,0,0,0,0,0,0,0,0
xcatliu/typescript-tutorial,f8e59bb20b3cd2ae7656cbf33d6dffc16a0909cb,typescript-tutorial,0.1.0,3.8.3,1588937999,62,0,0,0,0,0,0,0,0,0,0,0,0,0
xcatliu/typescript-tutorial,f7fe3f63ff0f4d39281c1e71ce369e24a4724327,typescript-tutorial,0.1.0,3.8.3,1590053604,62,0,0,0,0,0,0,0,0,0,0,0,0,0
xcatliu/typescript-tutorial,f6ff60fb1a578a77e79158c94b24d82c1eda4f58,typescript-tutorial,0.1.0,3.8.3,1590132196,62,0,0,0,0,0,0,0,0,0,0,0,0,0
xcatliu/typescript-tutorial,a4df91ec2818553eec87bd8f7fd7eb18a1535e44,typescript-tutorial,0.1.0,3.8.3,1590136564,62,0,0,0,0,0,0,0,0,0,0,0,0,0
xcatliu/typescript-tutorial,d44e147f3ab2d54cb5c6f4cac4a75f9a4e52965f,typescript-tutorial,0.1.0,3.8.3,1590397859,62,0,0,0,0,0,0,0,0,0,0,0,0,0
xcatliu/typescript-tutorial,5f258d5238e4e94f8d526d246d746ed1a7be4776,typescript-tutorial,0.1.0,3.8.3,1590397911,62,0,0,0,0,0,0,0,0,0,0,0,0,0
xcatliu/typescript-tutorial,43417b835c8e7e51ec237d25b25fe79728fecd47,typescript-tutorial,0.1.0,3.8.3,1590398047,62,0,0,0,0,0,0,0,0,0,0,0,0,0
xcatliu/typescript-tutorial,5aa7692992e64063aa62b35f6dcf95aef11bce75,typescript-tutorial,0.1.0,3.9.3,1590755801,63,0,0,0,0,0,0,0,0,0,0,0,0,0
xcatliu/typescript-tutorial,67aeaf8b22eaf1031123c144e2164ffd5dfd6ea6,typescript-tutorial,0.1.0,3.9.3,1590756883,63,0,0,0,0,0,0,0,0,0,0,0,0,0
xcatliu/typescript-tutorial,c8ba0da9ced96b87403f11ed3046e0f453ac99fd,typescript-tutorial,0.1.0,3.9.3,1590757052,63,0,0,0,0,0,0,0,0,0,0,0,0,0
xcatliu/typescript-tutorial,3fd51ebe093ff66054e0a27a5463ddffc6277cdf,typescript-tutorial,0.1.0,3.9.3,1590757060,63,0,0,0,0,0,0,0,0,0,0,0,0,0
xcatliu/typescript-tutorial,73a18298c46850fa9665002234e939841fff5889,typescript-tutorial,0.1.0,3.9.3,1590757542,63,0,0,0,0,0,0,0,0,0,0,0,0,0
xcatliu/typescript-tutorial,6b0f2d054800607f58192dfc82cfd22670f20288,typescript-tutorial,0.1.0,3.9.3,1590757592,63,0,0,0,0,0,0,0,0,0,0,0,0,0
xcatliu/typescript-tutorial,5165736e11753aeeaffd1b8d6d1f8df9dba8b116,typescript-tutorial,0.1.0,3.9.3,1590977874,63,0,0,0,0,0,0,0,0,0,0,0,0,0
xcatliu/typescript-tutorial,32fce1e804a9de5ab303d7f470df3b59d3813eaf,typescript-tutorial,0.1.0,3.9.3,1591032132,63,0,0,0,0,0,0,0,0,0,0,0,0,0
xcatliu/typescript-tutorial,c2280512245495b7fbf8229fff53b0d1ee282af2,typescript-tutorial,0.1.0,3.9.3,1591032136,63,0,0,0,0,0,0,0,0,0,0,0,0,0
xcatliu/typescript-tutorial,9d6f9c4593dc9080f27e0519d8fa1c9cbed75326,typescript-tutorial,0.1.0,3.9.3,1591032888,63,0,0,0,0,0,0,0,0,0,0,0,0,0
xcatliu/typescript-tutorial,2fdda61c9ac91cae620990445086cd83d31ec221,typescript-tutorial,0.1.0,3.9.3,1591032892,63,0,0,0,0,0,0,0,0,0,0,0,0,0
xcatliu/typescript-tutorial,068fa2b91dca34111911571d8b0df1ba02855906,typescript-tutorial,0.1.0,3.9.3,1591491827,63,0,0,0,0,0,0,0,0,0,0,0,0,0
xcatliu/typescript-tutorial,6412ff073efda648b7215b2d745e426bc46a8761,typescript-tutorial,0.1.0,3.9.3,1591492012,63,0,0,0,0,0,0,0,0,0,0,0,0,0
xcatliu/typescript-tutorial,c147678007afffd4e24671a5fb0b740fa668fb00,typescript-tutorial,0.1.0,3.9.3,1591492898,63,0,0,0,0,0,0,0,0,0,0,0,0,0
xcatliu/typescript-tutorial,c8436426aae50fe24dab7fb915b7d71267f9b25f,typescript-tutorial,0.1.0,3.9.3,1591493227,63,0,0,0,0,0,0,0,0,0,0,0,0,0
xcatliu/typescript-tutorial,60c893cd4ed6f67c56a3606e8d00280d6d7e69cc,typescript-tutorial,0.1.0,3.9.3,1591493820,63,0,0,0,0,0,0,0,0,0,0,0,0,0
xcatliu/typescript-tutorial,aed2daa59eda80395322ad0bb25f6a17d71ca159,typescript-tutorial,0.1.0,3.9.3,1591494335,63,0,0,0,0,0,0,0,0,0,0,0,0,0
xcatliu/typescript-tutorial,ef8d078adb9a41e066f740d279edafa0a98a160a,typescript-tutorial,0.1.0,3.9.3,1591495717,63,0,0,0,0,0,0,0,0,0,0,0,0,0
xcatliu/typescript-tutorial,0172360b9b52c4a457a838ad2baba4274cb6cc94,typescript-tutorial,0.1.0,3.9.3,1591508532,63,0,0,0,0,0,0,0,0,0,0,0,0,0
xcatliu/typescript-tutorial,a0dff98cbc410ae35dcdb81a306a9e64b7d32fc2,typescript-tutorial,0.1.0,3.9.3,1591527010,63,0,0,0,0,0,0,0,0,0,0,0,0,0
xcatliu/typescript-tutorial,b9e57fc313020881cacbf1d7b378441992beab8d,typescript-tutorial,0.1.0,3.9.3,1591528848,63,0,0,0,0,0,0,0,0,0,0,0,0,0
xcatliu/typescript-tutorial,51838712fb12e7013ac6caade7a379541e76d8c9,typescript-tutorial,0.1.0,3.9.3,1591547408,63,0,0,0,0,0,0,0,0,0,0,0,0,0
xcatliu/typescript-tutorial,d14a1f0856c0156300477bb9a32d7ef6bac683a9,typescript-tutorial,0.1.0,3.9.3,1591547800,63,0,0,0,0,0,0,0,0,0,0,0,0,0
xcatliu/typescript-tutorial,d6979e156fa047318d956ebd882a91694a405b0c,typescript-tutorial,0.1.0,3.9.3,1591585523,63,0,0,0,0,0,0,0,0,0,0,0,0,0
xcatliu/typescript-tutorial,fc87d47822ffe125270f2ff3381e3532fe21960f,typescript-tutorial,0.1.0,3.9.3,1591586278,63,0,0,0,0,0,0,0,0,0,0,0,0,0
xcatliu/typescript-tutorial,4210ef48e9b1a45ee2f2eecb66aeadad82b29d77,typescript-tutorial,0.1.0,3.9.3,1591618249,63,0,0,0,0,0,0,0,0,0,0,0,0,0
xcatliu/typescript-tutorial,bffe52db76edb89581e80955bab2ee9deb43cb62,typescript-tutorial,0.1.0,3.9.3,1591619205,63,0,0,0,0,0,0,0,0,0,0,0,0,0
xcatliu/typescript-tutorial,be67320bb18624ad1f74659fdd36130f6d17f859,typescript-tutorial,0.1.0,3.9.3,1591621663,63,0,0,0,0,0,0,0,0,0,0,0,0,0
xcatliu/typescript-tutorial,fad8cebc2acebb8c882cc7599bc0e3d0777d1104,typescript-tutorial,0.1.0,3.9.3,1591870959,63,0,0,0,0,0,0,0,0,0,0,0,0,0
xcatliu/typescript-tutorial,209793578d8a25b39bca8c49cf662d14c995014b,typescript-tutorial,0.1.0,3.9.3,1591871277,63,0,0,0,0,0,0,0,0,0,0,0,0,0
xcatliu/typescript-tutorial,59837920033e6877155b8131ec06796ae9b4fa03,typescript-tutorial,0.1.0,3.9.3,1591939810,63,0,0,0,0,0,0,0,0,0,0,0,0,0
xcatliu/typescript-tutorial,94f0549fd35b2de5dc75548250cb75cc2819f701,typescript-tutorial,0.1.1,3.9.3,1591941249,63,0,0,0,0,0,0,0,0,0,0,0,0,0
xcatliu/typescript-tutorial,48ba62d8825006088d35b812a4e6619f7d505651,typescript-tutorial,0.1.0,3.9.3,1591941634,63,0,0,0,0,0,0,0,0,0,0,0,0,0
xcatliu/typescript-tutorial,e25b02dbd7e6ce12e7627f2829045e203f55d998,typescript-tutorial,0.1.0,3.9.3,1592230168,63,0,0,0,0,0,0,0,0,0,0,0,0,0
xcatliu/typescript-tutorial,1ba7e34bc5658b0b7f1993d76d6822e3508c40e1,typescript-tutorial,0.1.0,3.9.3,1592487649,63,0,0,0,0,0,0,0,0,0,0,0,0,0
xcatliu/typescript-tutorial,b8ae02a6e2a991de3aa46a871c540935435a55b8,typescript-tutorial,0.1.0,3.9.3,1592490625,63,0,0,0,0,0,0,0,0,0,0,0,0,0
xcatliu/typescript-tutorial,e0e50ac90f80c6a8058cec9cb416c6a930f20243,typescript-tutorial,0.1.0,3.9.3,1592922411,62,0,0,0,0,0,0,0,0,0,0,0,0,0
xcatliu/typescript-tutorial,902d21e434251dccee4957a710d0623dbd6bf243,typescript-tutorial,0.1.0,3.9.3,1592923429,62,0,0,0,0,0,0,0,0,0,0,0,0,0
xcatliu/typescript-tutorial,50be70a00f1c587c363bcadf65113d0f26f465ca,typescript-tutorial,0.1.0,3.9.3,1592998507,62,0,0,0,0,0,0,0,0,0,0,0,0,0
xcatliu/typescript-tutorial,b12f0170ebdd69374c9f99ea07788fde5ff00d61,typescript-tutorial,0.1.0,3.9.3,1593352290,62,0,0,0,0,0,0,0,0,0,0,0,0,0
xcatliu/typescript-tutorial,87848cc04666e15ed055ef76bfede40a41477680,typescript-tutorial,0.1.0,3.9.3,1593398390,62,0,0,0,0,0,0,0,0,0,0,0,0,0
xcatliu/typescript-tutorial,353a6362d45e0dd0562952764165aea7308da6b4,typescript-tutorial,0.1.0,3.9.3,1593484511,62,0,0,0,0,0,0,0,0,0,0,0,0,0
xcatliu/typescript-tutorial,1c92dba7545c84a814b8a800f6659e2141c0a8d3,typescript-tutorial,0.1.0,3.9.3,1593489864,62,0,0,0,0,0,0,0,0,0,0,0,0,0
xcatliu/typescript-tutorial,61558143dafa9074e9e67762f28d515022c78531,typescript-tutorial,0.1.0,3.9.3,1593490326,62,0,0,0,0,0,0,0,0,0,0,0,0,0
xcatliu/typescript-tutorial,5dbb5d9489a20e50f9cbb43454a472113ad7c44b,typescript-tutorial,0.1.0,3.9.3,1593531621,62,0,0,0,0,0,0,0,0,0,0,0,0,0
xcatliu/typescript-tutorial,b349ce479b406b33770b49335c017512a13c66b1,typescript-tutorial,0.1.0,3.9.3,1593531842,62,0,0,0,0,0,0,0,0,0,0,0,0,0
xcatliu/typescript-tutorial,34f5a25428bf21264f09a420898259bdd523aec8,typescript-tutorial,0.1.0,3.9.3,1593583122,62,0,0,0,0,0,0,0,0,0,0,0,0,0
xcatliu/typescript-tutorial,e8bc8a61a55f3d2e1ceb7b166884ed36aa8a26b6,typescript-tutorial,0.1.0,3.9.3,1593700185,62,0,0,0,0,0,0,0,0,0,0,0,0,0
xcatliu/typescript-tutorial,4655980e2dcae29a7fc9b2ff5e7890096cb90b54,typescript-tutorial,0.1.0,3.9.3,1593704317,62,0,0,0,0,0,0,0,0,0,0,0,0,0
xcatliu/typescript-tutorial,92575e43dee337c754a6cf72dc26ff2615c130e2,typescript-tutorial,0.1.0,3.9.3,1593705417,62,0,0,0,0,0,0,0,0,0,0,0,0,0
xcatliu/typescript-tutorial,7b5eded8c50f4d95286d2e9c1f52b7058fb7fbaa,typescript-tutorial,0.1.0,3.9.3,1593741925,62,0,0,0,0,0,0,0,0,0,0,0,0,0
xcatliu/typescript-tutorial,5869caeefe8dca517afee49d0224bfbaf4a92079,typescript-tutorial,0.1.0,3.9.3,1593748541,62,0,0,0,0,0,0,0,0,0,0,0,0,0
xcatliu/typescript-tutorial,14c12f52d3c4053749566d7ada0073a4493a2aab,typescript-tutorial,0.1.0,3.9.3,1593756162,62,0,0,0,0,0,0,0,0,0,0,0,0,0
xcatliu/typescript-tutorial,ca0ebbc174dff7e257b7ba613f32cb40a33b59ab,typescript-tutorial,0.1.0,3.9.3,1593777435,62,0,0,0,0,0,0,0,0,0,0,0,0,0
xcatliu/typescript-tutorial,8d2e7ed7bbea199706df8be75b644464e4cd1162,typescript-tutorial,0.1.0,3.9.3,1594290360,62,0,0,0,0,0,0,0,0,0,0,0,0,0
xcatliu/typescript-tutorial,f2607a68f0d48199f67c2ae7cee4c3467563cad6,typescript-tutorial,0.1.0,3.9.3,1595088494,62,0,0,0,0,0,0,0,0,0,0,0,0,0
xcatliu/typescript-tutorial,c17c15bf573683275cab1389c715983b2f1d1f22,typescript-tutorial,0.1.0,3.9.3,1595088972,62,0,0,0,0,0,0,0,0,0,0,0,0,0
xcatliu/typescript-tutorial,99b42048dfdc7f313b46f080d2f39f724cb631e4,typescript-tutorial,0.1.0,3.9.3,1595245843,62,0,0,0,0,0,0,0,0,0,0,0,0,0
xcatliu/typescript-tutorial,967847abe1ae328ed40e76064fa5033b7d03d8da,typescript-tutorial,0.1.0,3.9.3,1597036241,62,0,0,0,0,0,0,0,0,0,0,0,0,0
xcatliu/typescript-tutorial,8a8dda490089b269daaa2fa3a435ebe5a42977a1,typescript-tutorial,0.1.0,3.9.3,1597036814,62,0,0,0,0,0,0,0,0,0,0,0,0,0
xcatliu/typescript-tutorial,aafa534b45c6d68a6c111a5618bda352a3db1487,typescript-tutorial,0.1.0,3.9.3,1597037167,62,0,0,0,0,0,0,0,0,0,0,0,0,0
xcatliu/typescript-tutorial,0bb2b87f28a1294bf539c904d355c8cb3483ae3d,typescript-tutorial,0.1.0,3.9.3,1597037856,62,0,0,0,0,0,0,0,0,0,0,0,0,0
xcatliu/typescript-tutorial,86442690532c57beaae2d10bb057695ff2bb4619,typescript-tutorial,0.1.0,3.9.3,1599619527,62,0,0,0,0,0,0,0,0,0,0,0,0,0
xcatliu/typescript-tutorial,a79b9c3dc56bdde0d200e5326791178ce269a9bd,typescript-tutorial,0.1.0,3.9.3,1599704981,62,0,0,0,0,0,0,0,0,0,0,0,0,0
xcatliu/typescript-tutorial,16668e73aaa4ff5dd4d35152398a6b3d74cab378,typescript-tutorial,0.1.0,3.9.3,1603271644,62,0,0,0,0,0,0,0,0,0,0,0,0,0
xcatliu/typescript-tutorial,bb52045d9f45a4179db323186a06c711aeecfe4b,typescript-tutorial,0.1.0,3.9.3,1605448862,62,0,0,0,0,0,0,0,0,0,0,0,0,0
xcatliu/typescript-tutorial,820f08189c761d98b373afef9eb39c5304215e30,typescript-tutorial,0.1.0,3.9.3,1605503660,62,0,0,0,0,0,0,0,0,0,0,0,0,0
xcatliu/typescript-tutorial,4ebf0064489036ea0dca35f2838ccee63b3d0cee,typescript-tutorial,0.1.0,3.9.3,1605572953,62,0,0,0,0,0,0,0,0,0,0,0,0,0
xcatliu/typescript-tutorial,4a71cacc7cbf719eae9fcdf31ff7063e11b789e3,typescript-tutorial,0.1.0,3.9.3,1605577401,62,0,0,0,0,0,0,0,0,0,0,0,0,0
xcatliu/typescript-tutorial,cd997f26854a654f24d386105f42e590bc01aaa9,typescript-tutorial,0.1.0,3.9.3,1605662748,62,0,0,0,0,0,0,0,0,0,0,0,0,0
xcatliu/typescript-tutorial,10835d08bcad245f48b988fbb92d74e5f726e43c,typescript-tutorial,0.1.0,3.9.3,1605676653,62,0,0,0,0,0,0,0,0,0,0,0,0,0
xcatliu/typescript-tutorial,6d326d71ba930f084e2c26c5b4b0add5fcbcf97f,typescript-tutorial,0.1.0,3.9.3,1605691451,62,0,0,0,0,0,0,0,0,0,0,0,0,0
xcatliu/typescript-tutorial,fc96a8c26700e0496ba6ead7d9abe75b44c41836,typescript-tutorial,0.1.0,3.9.3,1605794098,62,0,0,0,0,0,0,0,0,0,0,0,0,0
xcatliu/typescript-tutorial,1dd2f2de84c28fbbea6cec6a7443ce04455c0b84,typescript-tutorial,0.1.0,3.9.3,1606127602,62,0,0,0,0,0,0,0,0,0,0,0,0,0
xcatliu/typescript-tutorial,a1c5d07a399290a71a4719d4118097c683f3fe05,typescript-tutorial,0.1.0,4.1.2,1606129790,62,0,0,0,0,0,0,0,0,0,0,0,0,0
xcatliu/typescript-tutorial,bcd17cb7cb6e894e65dbee2e7cc55c071a58b41f,typescript-tutorial,0.1.0,4.1.2,1606441240,62,0,0,0,0,0,0,0,0,0,0,0,0,0
xcatliu/typescript-tutorial,6e5a5aa4be4b86f313a79e93f6e7c7ff27901598,typescript-tutorial,0.1.0,4.1.2,1606447671,62,0,0,0,0,0,0,0,0,0,0,0,0,0
xcatliu/typescript-tutorial,84bf497592b6a8117264585ff73f428218d40194,typescript-tutorial,0.1.0,4.1.2,1608118087,62,0,0,0,0,0,0,0,0,0,0,0,0,0
xcatliu/typescript-tutorial,5697b72aee793e86f9dceb0095891919313b4872,typescript-tutorial,0.1.0,4.1.2,1610104556,62,0,0,0,0,0,0,0,0,0,0,0,0,0
xcatliu/typescript-tutorial,d5c972e0df862ba4c6679e5698580ba1d9ae3a26,typescript-tutorial,0.1.0,4.1.2,1610500964,62,0,0,0,0,0,0,0,0,0,0,0,0,0
xcatliu/typescript-tutorial,ffe033005ed5771847142d1587ac7fcfb0e099ad,typescript-tutorial,0.1.0,4.1.2,1611650044,62,0,0,0,0,0,0,0,0,0,0,0,0,0
xcatliu/typescript-tutorial,8f21e30bfa7da4055363408945ed1843a55d4d28,typescript-tutorial,0.1.0,4.1.2,1612141462,62,0,0,0,0,0,0,0,0,0,0,0,0,0
xcatliu/typescript-tutorial,3be9f5ada1b5b413ce646b0e1488ce40d29d2493,typescript-tutorial,0.1.0,4.1.2,1612141477,62,0,0,0,0,0,0,0,0,0,0,0,0,0
xcatliu/typescript-tutorial,aac1467ac2dd7d49add3a693e53f84e43731eaf4,typescript-tutorial,0.1.0,4.1.2,1620808883,62,0,0,0,0,0,0,0,0,0,0,0,0,0
xcatliu/typescript-tutorial,e538149a4035dfad309e45faad49a8a4ce19c5ca,typescript-tutorial,0.1.0,4.1.2,1623030455,62,0,0,0,0,0,0,0,0,0,0,0,0,0
xcatliu/typescript-tutorial,e3fceeaed10cf6c773fbacca88f7e28166658598,typescript-tutorial,0.1.0,4.1.2,1624286754,62,0,0,0,0,0,0,0,0,0,0,0,0,0
xcatliu/typescript-tutorial,016db682e32753b5d36efeafd7e34864aea317bf,typescript-tutorial,0.1.0,4.1.2,1627627002,62,0,0,0,0,0,0,0,0,0,0,0,0,0
xcatliu/typescript-tutorial,fc29eb4b911fd69afa9de0e56553d1f26af60567,typescript-tutorial,0.1.0,4.1.2,1628062370,62,0,0,0,0,0,0,0,0,0,0,0,0,0
xcatliu/typescript-tutorial,2cfbeb673c05ec6b74ab74020b749de0f8753a9e,typescript-tutorial,0.1.0,4.1.2,1639020438,62,0,0,0,0,0,0,0,0,0,0,0,0,0
xcatliu/typescript-tutorial,25cf98bdbde0f52d906a480733248c9a8a78a9d7,typescript-tutorial,0.1.0,4.1.2,1649586623,62,0,0,0,0,0,0,0,0,0,0,0,0,0
xcatliu/typescript-tutorial,d19121f8acfd87a99a160ab195036fff34321667,typescript-tutorial,0.1.0,4.1.2,1655878087,62,0,0,0,0,0,0,0,0,0,0,0,0,0
xcatliu/typescript-tutorial,d537e102683242edc9c176ba33c81bbd1d9089a6,typescript-tutorial,0.1.0,4.1.2,1657169887,62,0,0,0,0,0,0,0,0,0,0,0,0,0
